Lead ID,Lead Source,Lead Date,Funnel Stage,Final Stage,Revenue
1,Google Ads,2025-01-01 00:00:00,Lead,Closed Lost,0.0
2,Referral,2025-01-01 01:00:00,Lead,Lead,0.0
3,Email,2025-01-01 02:00:00,Lead,MQL,0.0
4,Facebook,2025-01-01 03:00:00,Lead,Lead,0.0
5,Google Ads,2025-01-01 04:00:00,Lead,Lead,0.0
6,Google Ads,2025-01-01 05:00:00,Lead,Lead,0.0
7,Google Ads,2025-01-01 06:00:00,Lead,Lead,0.0
8,Organic,2025-01-01 07:00:00,Lead,Lead,0.0
9,Facebook,2025-01-01 08:00:00,Lead,MQL,0.0
10,Email,2025-01-01 09:00:00,Lead,Closed Won,3876.540354094932
11,Google Ads,2025-01-01 10:00:00,Lead,MQL,0.0
12,Referral,2025-01-01 11:00:00,Lead,MQL,0.0
13,Organic,2025-01-01 12:00:00,Lead,MQL,0.0
14,Google Ads,2025-01-01 13:00:00,Lead,Lead,0.0
15,Google Ads,2025-01-01 14:00:00,Lead,Lead,0.0
16,Google Ads,2025-01-01 15:00:00,Lead,Lead,0.0
17,Google Ads,2025-01-01 16:00:00,Lead,MQL,0.0
18,Facebook,2025-01-01 17:00:00,Lead,Lead,0.0
19,Facebook,2025-01-01 18:00:00,Lead,Lead,0.0
20,Google Ads,2025-01-01 19:00:00,Lead,Lead,0.0
21,Facebook,2025-01-01 20:00:00,Lead,MQL,0.0
22,Google Ads,2025-01-01 21:00:00,Lead,MQL,0.0
23,Google Ads,2025-01-01 22:00:00,Lead,MQL,0.0
24,Google Ads,2025-01-01 23:00:00,Lead,SQL,0.0
25,Facebook,2025-01-02 00:00:00,Lead,Lead,0.0
26,Email,2025-01-02 01:00:00,Lead,Lead,0.0
27,Google Ads,2025-01-02 02:00:00,Lead,SQL,0.0
28,Facebook,2025-01-02 03:00:00,Lead,Lead,0.0
29,Facebook,2025-01-02 04:00:00,Lead,Lead,0.0
30,Google Ads,2025-01-02 05:00:00,Lead,Lead,0.0
31,Facebook,2025-01-02 06:00:00,Lead,Lead,0.0
32,Google Ads,2025-01-02 07:00:00,Lead,MQL,0.0
33,Google Ads,2025-01-02 08:00:00,Lead,Lead,0.0
34,Organic,2025-01-02 09:00:00,Lead,MQL,0.0
35,Referral,2025-01-02 10:00:00,Lead,Lead,0.0
36,Organic,2025-01-02 11:00:00,Lead,Closed Lost,0.0
37,Google Ads,2025-01-02 12:00:00,Lead,MQL,0.0
38,Google Ads,2025-01-02 13:00:00,Lead,Lead,0.0
39,Email,2025-01-02 14:00:00,Lead,Lead,0.0
40,Facebook,2025-01-02 15:00:00,Lead,Lead,0.0
41,Google Ads,2025-01-02 16:00:00,Lead,Lead,0.0
42,Facebook,2025-01-02 17:00:00,Lead,Lead,0.0
43,Google Ads,2025-01-02 18:00:00,Lead,Lead,0.0
44,Organic,2025-01-02 19:00:00,Lead,Lead,0.0
45,Google Ads,2025-01-02 20:00:00,Lead,MQL,0.0
46,Email,2025-01-02 21:00:00,Lead,SQL,0.0
47,Google Ads,2025-01-02 22:00:00,Lead,MQL,0.0
48,Facebook,2025-01-02 23:00:00,Lead,Lead,0.0
49,Facebook,2025-01-03 00:00:00,Lead,Lead,0.0
50,Google Ads,2025-01-03 01:00:00,Lead,Lead,0.0
51,Referral,2025-01-03 02:00:00,Lead,Lead,0.0
52,Email,2025-01-03 03:00:00,Lead,MQL,0.0
53,Organic,2025-01-03 04:00:00,Lead,Lead,0.0
54,Organic,2025-01-03 05:00:00,Lead,MQL,0.0
55,Facebook,2025-01-03 06:00:00,Lead,Closed Lost,0.0
56,Organic,2025-01-03 07:00:00,Lead,Lead,0.0
57,Google Ads,2025-01-03 08:00:00,Lead,MQL,0.0
58,Google Ads,2025-01-03 09:00:00,Lead,Lead,0.0
59,Google Ads,2025-01-03 10:00:00,Lead,SQL,0.0
60,Google Ads,2025-01-03 11:00:00,Lead,Lead,0.0
61,Google Ads,2025-01-03 12:00:00,Lead,Lead,0.0
62,Google Ads,2025-01-03 13:00:00,Lead,MQL,0.0
63,Organic,2025-01-03 14:00:00,Lead,SQL,0.0
64,Google Ads,2025-01-03 15:00:00,Lead,SQL,0.0
65,Google Ads,2025-01-03 16:00:00,Lead,MQL,0.0
66,Facebook,2025-01-03 17:00:00,Lead,Lead,0.0
67,Google Ads,2025-01-03 18:00:00,Lead,Closed Won,4165.854595656796
68,Organic,2025-01-03 19:00:00,Lead,Lead,0.0
69,Google Ads,2025-01-03 20:00:00,Lead,SQL,0.0
70,Referral,2025-01-03 21:00:00,Lead,Lead,0.0
71,Email,2025-01-03 22:00:00,Lead,MQL,0.0
72,Google Ads,2025-01-03 23:00:00,Lead,Lead,0.0
73,Google Ads,2025-01-04 00:00:00,Lead,Lead,0.0
74,Organic,2025-01-04 01:00:00,Lead,Lead,0.0
75,Email,2025-01-04 02:00:00,Lead,Lead,0.0
76,Email,2025-01-04 03:00:00,Lead,Lead,0.0
77,Email,2025-01-04 04:00:00,Lead,MQL,0.0
78,Google Ads,2025-01-04 05:00:00,Lead,Lead,0.0
79,Google Ads,2025-01-04 06:00:00,Lead,Closed Lost,0.0
80,Google Ads,2025-01-04 07:00:00,Lead,Lead,0.0
81,Organic,2025-01-04 08:00:00,Lead,MQL,0.0
82,Facebook,2025-01-04 09:00:00,Lead,Lead,0.0
83,Google Ads,2025-01-04 10:00:00,Lead,MQL,0.0
84,Google Ads,2025-01-04 11:00:00,Lead,Lead,0.0
85,Google Ads,2025-01-04 12:00:00,Lead,Lead,0.0
86,Google Ads,2025-01-04 13:00:00,Lead,Lead,0.0
87,Email,2025-01-04 14:00:00,Lead,Lead,0.0
88,Facebook,2025-01-04 15:00:00,Lead,MQL,0.0
89,Organic,2025-01-04 16:00:00,Lead,Closed Lost,0.0
90,Facebook,2025-01-04 17:00:00,Lead,SQL,0.0
91,Google Ads,2025-01-04 18:00:00,Lead,Lead,0.0
92,Email,2025-01-04 19:00:00,Lead,Lead,0.0
93,Email,2025-01-04 20:00:00,Lead,Lead,0.0
94,Facebook,2025-01-04 21:00:00,Lead,Lead,0.0
95,Email,2025-01-04 22:00:00,Lead,MQL,0.0
96,Facebook,2025-01-04 23:00:00,Lead,MQL,0.0
97,Facebook,2025-01-05 00:00:00,Lead,MQL,0.0
98,Facebook,2025-01-05 01:00:00,Lead,Lead,0.0
99,Google Ads,2025-01-05 02:00:00,Lead,Lead,0.0
100,Google Ads,2025-01-05 03:00:00,Lead,MQL,0.0
101,Google Ads,2025-01-05 04:00:00,Lead,Closed Lost,0.0
102,Facebook,2025-01-05 05:00:00,Lead,Lead,0.0
103,Google Ads,2025-01-05 06:00:00,Lead,Lead,0.0
104,Facebook,2025-01-05 07:00:00,Lead,Lead,0.0
105,Organic,2025-01-05 08:00:00,Lead,Lead,0.0
106,Google Ads,2025-01-05 09:00:00,Lead,MQL,0.0
107,Facebook,2025-01-05 10:00:00,Lead,Lead,0.0
108,Email,2025-01-05 11:00:00,Lead,Lead,0.0
109,Google Ads,2025-01-05 12:00:00,Lead,Lead,0.0
110,Google Ads,2025-01-05 13:00:00,Lead,Lead,0.0
111,Google Ads,2025-01-05 14:00:00,Lead,SQL,0.0
112,Google Ads,2025-01-05 15:00:00,Lead,SQL,0.0
113,Organic,2025-01-05 16:00:00,Lead,MQL,0.0
114,Organic,2025-01-05 17:00:00,Lead,Lead,0.0
115,Facebook,2025-01-05 18:00:00,Lead,Lead,0.0
116,Organic,2025-01-05 19:00:00,Lead,SQL,0.0
117,Organic,2025-01-05 20:00:00,Lead,SQL,0.0
118,Google Ads,2025-01-05 21:00:00,Lead,SQL,0.0
119,Organic,2025-01-05 22:00:00,Lead,SQL,0.0
120,Facebook,2025-01-05 23:00:00,Lead,Lead,0.0
121,Organic,2025-01-06 00:00:00,Lead,SQL,0.0
122,Organic,2025-01-06 01:00:00,Lead,Lead,0.0
123,Google Ads,2025-01-06 02:00:00,Lead,Lead,0.0
124,Google Ads,2025-01-06 03:00:00,Lead,Lead,0.0
125,Google Ads,2025-01-06 04:00:00,Lead,MQL,0.0
126,Facebook,2025-01-06 05:00:00,Lead,MQL,0.0
127,Organic,2025-01-06 06:00:00,Lead,Lead,0.0
128,Organic,2025-01-06 07:00:00,Lead,Lead,0.0
129,Google Ads,2025-01-06 08:00:00,Lead,SQL,0.0
130,Facebook,2025-01-06 09:00:00,Lead,Lead,0.0
131,Facebook,2025-01-06 10:00:00,Lead,Lead,0.0
132,Google Ads,2025-01-06 11:00:00,Lead,SQL,0.0
133,Google Ads,2025-01-06 12:00:00,Lead,MQL,0.0
134,Google Ads,2025-01-06 13:00:00,Lead,Lead,0.0
135,Organic,2025-01-06 14:00:00,Lead,Lead,0.0
136,Google Ads,2025-01-06 15:00:00,Lead,Lead,0.0
137,Facebook,2025-01-06 16:00:00,Lead,Lead,0.0
138,Email,2025-01-06 17:00:00,Lead,MQL,0.0
139,Google Ads,2025-01-06 18:00:00,Lead,MQL,0.0
140,Referral,2025-01-06 19:00:00,Lead,MQL,0.0
141,Referral,2025-01-06 20:00:00,Lead,SQL,0.0
142,Google Ads,2025-01-06 21:00:00,Lead,MQL,0.0
143,Facebook,2025-01-06 22:00:00,Lead,Lead,0.0
144,Google Ads,2025-01-06 23:00:00,Lead,MQL,0.0
145,Google Ads,2025-01-07 00:00:00,Lead,SQL,0.0
146,Google Ads,2025-01-07 01:00:00,Lead,Lead,0.0
147,Facebook,2025-01-07 02:00:00,Lead,MQL,0.0
148,Facebook,2025-01-07 03:00:00,Lead,Lead,0.0
149,Google Ads,2025-01-07 04:00:00,Lead,Lead,0.0
150,Google Ads,2025-01-07 05:00:00,Lead,MQL,0.0
151,Organic,2025-01-07 06:00:00,Lead,Lead,0.0
152,Google Ads,2025-01-07 07:00:00,Lead,Lead,0.0
153,Google Ads,2025-01-07 08:00:00,Lead,Lead,0.0
154,Facebook,2025-01-07 09:00:00,Lead,Lead,0.0
155,Referral,2025-01-07 10:00:00,Lead,MQL,0.0
156,Google Ads,2025-01-07 11:00:00,Lead,SQL,0.0
157,Email,2025-01-07 12:00:00,Lead,MQL,0.0
158,Email,2025-01-07 13:00:00,Lead,Lead,0.0
159,Google Ads,2025-01-07 14:00:00,Lead,MQL,0.0
160,Email,2025-01-07 15:00:00,Lead,Lead,0.0
161,Google Ads,2025-01-07 16:00:00,Lead,Lead,0.0
162,Facebook,2025-01-07 17:00:00,Lead,Lead,0.0
163,Facebook,2025-01-07 18:00:00,Lead,MQL,0.0
164,Facebook,2025-01-07 19:00:00,Lead,MQL,0.0
165,Google Ads,2025-01-07 20:00:00,Lead,Lead,0.0
166,Organic,2025-01-07 21:00:00,Lead,Lead,0.0
167,Google Ads,2025-01-07 22:00:00,Lead,SQL,0.0
168,Google Ads,2025-01-07 23:00:00,Lead,MQL,0.0
169,Google Ads,2025-01-08 00:00:00,Lead,MQL,0.0
170,Facebook,2025-01-08 01:00:00,Lead,SQL,0.0
171,Email,2025-01-08 02:00:00,Lead,Lead,0.0
172,Google Ads,2025-01-08 03:00:00,Lead,Lead,0.0
173,Facebook,2025-01-08 04:00:00,Lead,Lead,0.0
174,Google Ads,2025-01-08 05:00:00,Lead,SQL,0.0
175,Facebook,2025-01-08 06:00:00,Lead,Lead,0.0
176,Google Ads,2025-01-08 07:00:00,Lead,Lead,0.0
177,Email,2025-01-08 08:00:00,Lead,MQL,0.0
178,Google Ads,2025-01-08 09:00:00,Lead,MQL,0.0
179,Organic,2025-01-08 10:00:00,Lead,Lead,0.0
180,Google Ads,2025-01-08 11:00:00,Lead,MQL,0.0
181,Google Ads,2025-01-08 12:00:00,Lead,MQL,0.0
182,Google Ads,2025-01-08 13:00:00,Lead,MQL,0.0
183,Organic,2025-01-08 14:00:00,Lead,MQL,0.0
184,Organic,2025-01-08 15:00:00,Lead,Lead,0.0
185,Google Ads,2025-01-08 16:00:00,Lead,Lead,0.0
186,Email,2025-01-08 17:00:00,Lead,MQL,0.0
187,Organic,2025-01-08 18:00:00,Lead,MQL,0.0
188,Facebook,2025-01-08 19:00:00,Lead,MQL,0.0
189,Facebook,2025-01-08 20:00:00,Lead,Closed Lost,0.0
190,Google Ads,2025-01-08 21:00:00,Lead,Lead,0.0
191,Google Ads,2025-01-08 22:00:00,Lead,Lead,0.0
192,Organic,2025-01-08 23:00:00,Lead,Lead,0.0
193,Organic,2025-01-09 00:00:00,Lead,Lead,0.0
194,Facebook,2025-01-09 01:00:00,Lead,MQL,0.0
195,Google Ads,2025-01-09 02:00:00,Lead,MQL,0.0
196,Google Ads,2025-01-09 03:00:00,Lead,MQL,0.0
197,Email,2025-01-09 04:00:00,Lead,MQL,0.0
198,Organic,2025-01-09 05:00:00,Lead,MQL,0.0
199,Organic,2025-01-09 06:00:00,Lead,MQL,0.0
200,Email,2025-01-09 07:00:00,Lead,Lead,0.0
201,Facebook,2025-01-09 08:00:00,Lead,MQL,0.0
202,Google Ads,2025-01-09 09:00:00,Lead,Lead,0.0
203,Google Ads,2025-01-09 10:00:00,Lead,Lead,0.0
204,Organic,2025-01-09 11:00:00,Lead,Lead,0.0
205,Facebook,2025-01-09 12:00:00,Lead,Lead,0.0
206,Google Ads,2025-01-09 13:00:00,Lead,Lead,0.0
207,Google Ads,2025-01-09 14:00:00,Lead,MQL,0.0
208,Email,2025-01-09 15:00:00,Lead,SQL,0.0
209,Google Ads,2025-01-09 16:00:00,Lead,SQL,0.0
210,Google Ads,2025-01-09 17:00:00,Lead,Lead,0.0
211,Facebook,2025-01-09 18:00:00,Lead,Lead,0.0
212,Email,2025-01-09 19:00:00,Lead,Lead,0.0
213,Email,2025-01-09 20:00:00,Lead,Lead,0.0
214,Google Ads,2025-01-09 21:00:00,Lead,MQL,0.0
215,Email,2025-01-09 22:00:00,Lead,Lead,0.0
216,Google Ads,2025-01-09 23:00:00,Lead,MQL,0.0
217,Google Ads,2025-01-10 00:00:00,Lead,Lead,0.0
218,Email,2025-01-10 01:00:00,Lead,MQL,0.0
219,Facebook,2025-01-10 02:00:00,Lead,Lead,0.0
220,Organic,2025-01-10 03:00:00,Lead,Lead,0.0
221,Email,2025-01-10 04:00:00,Lead,Lead,0.0
222,Facebook,2025-01-10 05:00:00,Lead,Lead,0.0
223,Google Ads,2025-01-10 06:00:00,Lead,MQL,0.0
224,Google Ads,2025-01-10 07:00:00,Lead,Lead,0.0
225,Google Ads,2025-01-10 08:00:00,Lead,Lead,0.0
226,Google Ads,2025-01-10 09:00:00,Lead,Lead,0.0
227,Referral,2025-01-10 10:00:00,Lead,Lead,0.0
228,Google Ads,2025-01-10 11:00:00,Lead,MQL,0.0
229,Organic,2025-01-10 12:00:00,Lead,Lead,0.0
230,Facebook,2025-01-10 13:00:00,Lead,SQL,0.0
231,Email,2025-01-10 14:00:00,Lead,Lead,0.0
232,Facebook,2025-01-10 15:00:00,Lead,Lead,0.0
233,Facebook,2025-01-10 16:00:00,Lead,Lead,0.0
234,Facebook,2025-01-10 17:00:00,Lead,Lead,0.0
235,Google Ads,2025-01-10 18:00:00,Lead,Lead,0.0
236,Email,2025-01-10 19:00:00,Lead,Lead,0.0
237,Google Ads,2025-01-10 20:00:00,Lead,MQL,0.0
238,Google Ads,2025-01-10 21:00:00,Lead,Lead,0.0
239,Facebook,2025-01-10 22:00:00,Lead,Lead,0.0
240,Google Ads,2025-01-10 23:00:00,Lead,Lead,0.0
241,Organic,2025-01-11 00:00:00,Lead,Lead,0.0
242,Referral,2025-01-11 01:00:00,Lead,Closed Won,5918.404715158089
243,Organic,2025-01-11 02:00:00,Lead,Lead,0.0
244,Google Ads,2025-01-11 03:00:00,Lead,MQL,0.0
245,Google Ads,2025-01-11 04:00:00,Lead,Lead,0.0
246,Organic,2025-01-11 05:00:00,Lead,SQL,0.0
247,Facebook,2025-01-11 06:00:00,Lead,Lead,0.0
248,Referral,2025-01-11 07:00:00,Lead,Lead,0.0
249,Referral,2025-01-11 08:00:00,Lead,MQL,0.0
250,Organic,2025-01-11 09:00:00,Lead,Lead,0.0
251,Google Ads,2025-01-11 10:00:00,Lead,MQL,0.0
252,Google Ads,2025-01-11 11:00:00,Lead,Lead,0.0
253,Organic,2025-01-11 12:00:00,Lead,MQL,0.0
254,Google Ads,2025-01-11 13:00:00,Lead,Lead,0.0
255,Google Ads,2025-01-11 14:00:00,Lead,MQL,0.0
256,Facebook,2025-01-11 15:00:00,Lead,MQL,0.0
257,Organic,2025-01-11 16:00:00,Lead,SQL,0.0
258,Email,2025-01-11 17:00:00,Lead,Lead,0.0
259,Facebook,2025-01-11 18:00:00,Lead,Lead,0.0
260,Google Ads,2025-01-11 19:00:00,Lead,SQL,0.0
261,Facebook,2025-01-11 20:00:00,Lead,Lead,0.0
262,Referral,2025-01-11 21:00:00,Lead,MQL,0.0
263,Google Ads,2025-01-11 22:00:00,Lead,Lead,0.0
264,Facebook,2025-01-11 23:00:00,Lead,Lead,0.0
265,Organic,2025-01-12 00:00:00,Lead,Lead,0.0
266,Email,2025-01-12 01:00:00,Lead,MQL,0.0
267,Email,2025-01-12 02:00:00,Lead,MQL,0.0
268,Email,2025-01-12 03:00:00,Lead,Lead,0.0
269,Google Ads,2025-01-12 04:00:00,Lead,Lead,0.0
270,Google Ads,2025-01-12 05:00:00,Lead,Lead,0.0
271,Organic,2025-01-12 06:00:00,Lead,Lead,0.0
272,Organic,2025-01-12 07:00:00,Lead,Lead,0.0
273,Organic,2025-01-12 08:00:00,Lead,Lead,0.0
274,Organic,2025-01-12 09:00:00,Lead,Lead,0.0
275,Facebook,2025-01-12 10:00:00,Lead,Lead,0.0
276,Facebook,2025-01-12 11:00:00,Lead,MQL,0.0
277,Email,2025-01-12 12:00:00,Lead,MQL,0.0
278,Facebook,2025-01-12 13:00:00,Lead,Lead,0.0
279,Email,2025-01-12 14:00:00,Lead,Lead,0.0
280,Email,2025-01-12 15:00:00,Lead,Lead,0.0
281,Organic,2025-01-12 16:00:00,Lead,Lead,0.0
282,Google Ads,2025-01-12 17:00:00,Lead,MQL,0.0
283,Google Ads,2025-01-12 18:00:00,Lead,MQL,0.0
284,Google Ads,2025-01-12 19:00:00,Lead,Lead,0.0
285,Facebook,2025-01-12 20:00:00,Lead,Lead,0.0
286,Google Ads,2025-01-12 21:00:00,Lead,Lead,0.0
287,Facebook,2025-01-12 22:00:00,Lead,Lead,0.0
288,Facebook,2025-01-12 23:00:00,Lead,Lead,0.0
289,Google Ads,2025-01-13 00:00:00,Lead,MQL,0.0
290,Facebook,2025-01-13 01:00:00,Lead,Closed Lost,0.0
291,Google Ads,2025-01-13 02:00:00,Lead,MQL,0.0
292,Google Ads,2025-01-13 03:00:00,Lead,Lead,0.0
293,Organic,2025-01-13 04:00:00,Lead,SQL,0.0
294,Google Ads,2025-01-13 05:00:00,Lead,MQL,0.0
295,Google Ads,2025-01-13 06:00:00,Lead,Lead,0.0
296,Facebook,2025-01-13 07:00:00,Lead,Closed Won,2660.8463313106618
297,Email,2025-01-13 08:00:00,Lead,Lead,0.0
298,Google Ads,2025-01-13 09:00:00,Lead,MQL,0.0
299,Facebook,2025-01-13 10:00:00,Lead,Lead,0.0
300,Google Ads,2025-01-13 11:00:00,Lead,Closed Won,3703.5721070891964
301,Google Ads,2025-01-13 12:00:00,Lead,Lead,0.0
302,Facebook,2025-01-13 13:00:00,Lead,MQL,0.0
303,Facebook,2025-01-13 14:00:00,Lead,Lead,0.0
304,Facebook,2025-01-13 15:00:00,Lead,Lead,0.0
305,Email,2025-01-13 16:00:00,Lead,SQL,0.0
306,Referral,2025-01-13 17:00:00,Lead,MQL,0.0
307,Facebook,2025-01-13 18:00:00,Lead,Lead,0.0
308,Google Ads,2025-01-13 19:00:00,Lead,Lead,0.0
309,Email,2025-01-13 20:00:00,Lead,Lead,0.0
310,Google Ads,2025-01-13 21:00:00,Lead,Lead,0.0
311,Facebook,2025-01-13 22:00:00,Lead,Lead,0.0
312,Google Ads,2025-01-13 23:00:00,Lead,Lead,0.0
313,Google Ads,2025-01-14 00:00:00,Lead,Lead,0.0
314,Referral,2025-01-14 01:00:00,Lead,Lead,0.0
315,Organic,2025-01-14 02:00:00,Lead,Lead,0.0
316,Email,2025-01-14 03:00:00,Lead,MQL,0.0
317,Facebook,2025-01-14 04:00:00,Lead,Lead,0.0
318,Google Ads,2025-01-14 05:00:00,Lead,Lead,0.0
319,Google Ads,2025-01-14 06:00:00,Lead,MQL,0.0
320,Google Ads,2025-01-14 07:00:00,Lead,MQL,0.0
321,Facebook,2025-01-14 08:00:00,Lead,Lead,0.0
322,Email,2025-01-14 09:00:00,Lead,Lead,0.0
323,Email,2025-01-14 10:00:00,Lead,MQL,0.0
324,Google Ads,2025-01-14 11:00:00,Lead,Closed Lost,0.0
325,Referral,2025-01-14 12:00:00,Lead,MQL,0.0
326,Email,2025-01-14 13:00:00,Lead,Lead,0.0
327,Facebook,2025-01-14 14:00:00,Lead,Lead,0.0
328,Facebook,2025-01-14 15:00:00,Lead,Lead,0.0
329,Facebook,2025-01-14 16:00:00,Lead,MQL,0.0
330,Google Ads,2025-01-14 17:00:00,Lead,Lead,0.0
331,Google Ads,2025-01-14 18:00:00,Lead,SQL,0.0
332,Email,2025-01-14 19:00:00,Lead,MQL,0.0
333,Google Ads,2025-01-14 20:00:00,Lead,Lead,0.0
334,Google Ads,2025-01-14 21:00:00,Lead,Lead,0.0
335,Google Ads,2025-01-14 22:00:00,Lead,Lead,0.0
336,Google Ads,2025-01-14 23:00:00,Lead,MQL,0.0
337,Organic,2025-01-15 00:00:00,Lead,MQL,0.0
338,Email,2025-01-15 01:00:00,Lead,MQL,0.0
339,Facebook,2025-01-15 02:00:00,Lead,Closed Lost,0.0
340,Google Ads,2025-01-15 03:00:00,Lead,MQL,0.0
341,Facebook,2025-01-15 04:00:00,Lead,Lead,0.0
342,Facebook,2025-01-15 05:00:00,Lead,Lead,0.0
343,Google Ads,2025-01-15 06:00:00,Lead,Lead,0.0
344,Facebook,2025-01-15 07:00:00,Lead,MQL,0.0
345,Google Ads,2025-01-15 08:00:00,Lead,Lead,0.0
346,Facebook,2025-01-15 09:00:00,Lead,Lead,0.0
347,Facebook,2025-01-15 10:00:00,Lead,Lead,0.0
348,Google Ads,2025-01-15 11:00:00,Lead,Lead,0.0
349,Google Ads,2025-01-15 12:00:00,Lead,MQL,0.0
350,Facebook,2025-01-15 13:00:00,Lead,MQL,0.0
351,Facebook,2025-01-15 14:00:00,Lead,Lead,0.0
352,Organic,2025-01-15 15:00:00,Lead,Lead,0.0
353,Email,2025-01-15 16:00:00,Lead,Lead,0.0
354,Google Ads,2025-01-15 17:00:00,Lead,SQL,0.0
355,Google Ads,2025-01-15 18:00:00,Lead,Lead,0.0
356,Facebook,2025-01-15 19:00:00,Lead,MQL,0.0
357,Google Ads,2025-01-15 20:00:00,Lead,Lead,0.0
358,Facebook,2025-01-15 21:00:00,Lead,SQL,0.0
359,Organic,2025-01-15 22:00:00,Lead,Lead,0.0
360,Facebook,2025-01-15 23:00:00,Lead,Lead,0.0
361,Google Ads,2025-01-16 00:00:00,Lead,Lead,0.0
362,Facebook,2025-01-16 01:00:00,Lead,MQL,0.0
363,Facebook,2025-01-16 02:00:00,Lead,SQL,0.0
364,Facebook,2025-01-16 03:00:00,Lead,Lead,0.0
365,Organic,2025-01-16 04:00:00,Lead,SQL,0.0
366,Google Ads,2025-01-16 05:00:00,Lead,Lead,0.0
367,Referral,2025-01-16 06:00:00,Lead,Lead,0.0
368,Organic,2025-01-16 07:00:00,Lead,Lead,0.0
369,Google Ads,2025-01-16 08:00:00,Lead,Lead,0.0
370,Google Ads,2025-01-16 09:00:00,Lead,Lead,0.0
371,Google Ads,2025-01-16 10:00:00,Lead,SQL,0.0
372,Google Ads,2025-01-16 11:00:00,Lead,Lead,0.0
373,Google Ads,2025-01-16 12:00:00,Lead,Lead,0.0
374,Email,2025-01-16 13:00:00,Lead,Lead,0.0
375,Google Ads,2025-01-16 14:00:00,Lead,SQL,0.0
376,Google Ads,2025-01-16 15:00:00,Lead,MQL,0.0
377,Organic,2025-01-16 16:00:00,Lead,Lead,0.0
378,Google Ads,2025-01-16 17:00:00,Lead,Lead,0.0
379,Organic,2025-01-16 18:00:00,Lead,Lead,0.0
380,Google Ads,2025-01-16 19:00:00,Lead,Lead,0.0
381,Google Ads,2025-01-16 20:00:00,Lead,Lead,0.0
382,Email,2025-01-16 21:00:00,Lead,MQL,0.0
383,Facebook,2025-01-16 22:00:00,Lead,Lead,0.0
384,Organic,2025-01-16 23:00:00,Lead,Lead,0.0
385,Email,2025-01-17 00:00:00,Lead,MQL,0.0
386,Organic,2025-01-17 01:00:00,Lead,MQL,0.0
387,Google Ads,2025-01-17 02:00:00,Lead,MQL,0.0
388,Google Ads,2025-01-17 03:00:00,Lead,Lead,0.0
389,Email,2025-01-17 04:00:00,Lead,MQL,0.0
390,Organic,2025-01-17 05:00:00,Lead,Lead,0.0
391,Referral,2025-01-17 06:00:00,Lead,Lead,0.0
392,Facebook,2025-01-17 07:00:00,Lead,Lead,0.0
393,Google Ads,2025-01-17 08:00:00,Lead,SQL,0.0
394,Email,2025-01-17 09:00:00,Lead,Lead,0.0
395,Google Ads,2025-01-17 10:00:00,Lead,Lead,0.0
396,Organic,2025-01-17 11:00:00,Lead,Lead,0.0
397,Organic,2025-01-17 12:00:00,Lead,Lead,0.0
398,Facebook,2025-01-17 13:00:00,Lead,Lead,0.0
399,Email,2025-01-17 14:00:00,Lead,Lead,0.0
400,Email,2025-01-17 15:00:00,Lead,Lead,0.0
401,Google Ads,2025-01-17 16:00:00,Lead,MQL,0.0
402,Organic,2025-01-17 17:00:00,Lead,MQL,0.0
403,Facebook,2025-01-17 18:00:00,Lead,MQL,0.0
404,Organic,2025-01-17 19:00:00,Lead,Lead,0.0
405,Google Ads,2025-01-17 20:00:00,Lead,MQL,0.0
406,Organic,2025-01-17 21:00:00,Lead,MQL,0.0
407,Google Ads,2025-01-17 22:00:00,Lead,Closed Won,6703.430878237214
408,Google Ads,2025-01-17 23:00:00,Lead,Lead,0.0
409,Organic,2025-01-18 00:00:00,Lead,Closed Won,5671.896010069086
410,Google Ads,2025-01-18 01:00:00,Lead,Lead,0.0
411,Google Ads,2025-01-18 02:00:00,Lead,SQL,0.0
412,Referral,2025-01-18 03:00:00,Lead,Lead,0.0
413,Referral,2025-01-18 04:00:00,Lead,MQL,0.0
414,Facebook,2025-01-18 05:00:00,Lead,SQL,0.0
415,Facebook,2025-01-18 06:00:00,Lead,MQL,0.0
416,Facebook,2025-01-18 07:00:00,Lead,MQL,0.0
417,Google Ads,2025-01-18 08:00:00,Lead,MQL,0.0
418,Google Ads,2025-01-18 09:00:00,Lead,MQL,0.0
419,Email,2025-01-18 10:00:00,Lead,Lead,0.0
420,Email,2025-01-18 11:00:00,Lead,Lead,0.0
421,Email,2025-01-18 12:00:00,Lead,Lead,0.0
422,Email,2025-01-18 13:00:00,Lead,Lead,0.0
423,Google Ads,2025-01-18 14:00:00,Lead,SQL,0.0
424,Facebook,2025-01-18 15:00:00,Lead,MQL,0.0
425,Google Ads,2025-01-18 16:00:00,Lead,MQL,0.0
426,Facebook,2025-01-18 17:00:00,Lead,Lead,0.0
427,Facebook,2025-01-18 18:00:00,Lead,Lead,0.0
428,Organic,2025-01-18 19:00:00,Lead,Lead,0.0
429,Google Ads,2025-01-18 20:00:00,Lead,MQL,0.0
430,Google Ads,2025-01-18 21:00:00,Lead,MQL,0.0
431,Google Ads,2025-01-18 22:00:00,Lead,Lead,0.0
432,Email,2025-01-18 23:00:00,Lead,Lead,0.0
433,Facebook,2025-01-19 00:00:00,Lead,Closed Won,5486.955185644104
434,Google Ads,2025-01-19 01:00:00,Lead,MQL,0.0
435,Google Ads,2025-01-19 02:00:00,Lead,MQL,0.0
436,Email,2025-01-19 03:00:00,Lead,Lead,0.0
437,Google Ads,2025-01-19 04:00:00,Lead,Lead,0.0
438,Organic,2025-01-19 05:00:00,Lead,MQL,0.0
439,Email,2025-01-19 06:00:00,Lead,Lead,0.0
440,Google Ads,2025-01-19 07:00:00,Lead,MQL,0.0
441,Google Ads,2025-01-19 08:00:00,Lead,MQL,0.0
442,Referral,2025-01-19 09:00:00,Lead,Lead,0.0
443,Google Ads,2025-01-19 10:00:00,Lead,Lead,0.0
444,Google Ads,2025-01-19 11:00:00,Lead,SQL,0.0
445,Organic,2025-01-19 12:00:00,Lead,Lead,0.0
446,Organic,2025-01-19 13:00:00,Lead,Closed Lost,0.0
447,Referral,2025-01-19 14:00:00,Lead,Lead,0.0
448,Email,2025-01-19 15:00:00,Lead,Lead,0.0
449,Google Ads,2025-01-19 16:00:00,Lead,Lead,0.0
450,Google Ads,2025-01-19 17:00:00,Lead,Lead,0.0
451,Email,2025-01-19 18:00:00,Lead,Lead,0.0
452,Facebook,2025-01-19 19:00:00,Lead,Lead,0.0
453,Facebook,2025-01-19 20:00:00,Lead,MQL,0.0
454,Organic,2025-01-19 21:00:00,Lead,Lead,0.0
455,Google Ads,2025-01-19 22:00:00,Lead,Lead,0.0
456,Facebook,2025-01-19 23:00:00,Lead,Lead,0.0
457,Google Ads,2025-01-20 00:00:00,Lead,MQL,0.0
458,Facebook,2025-01-20 01:00:00,Lead,MQL,0.0
459,Google Ads,2025-01-20 02:00:00,Lead,MQL,0.0
460,Google Ads,2025-01-20 03:00:00,Lead,MQL,0.0
461,Google Ads,2025-01-20 04:00:00,Lead,Lead,0.0
462,Facebook,2025-01-20 05:00:00,Lead,MQL,0.0
463,Email,2025-01-20 06:00:00,Lead,Lead,0.0
464,Facebook,2025-01-20 07:00:00,Lead,Lead,0.0
465,Referral,2025-01-20 08:00:00,Lead,MQL,0.0
466,Google Ads,2025-01-20 09:00:00,Lead,Lead,0.0
467,Google Ads,2025-01-20 10:00:00,Lead,Lead,0.0
468,Organic,2025-01-20 11:00:00,Lead,Lead,0.0
469,Google Ads,2025-01-20 12:00:00,Lead,Closed Won,6572.305951512913
470,Referral,2025-01-20 13:00:00,Lead,Lead,0.0
471,Google Ads,2025-01-20 14:00:00,Lead,MQL,0.0
472,Referral,2025-01-20 15:00:00,Lead,Lead,0.0
473,Google Ads,2025-01-20 16:00:00,Lead,Lead,0.0
474,Organic,2025-01-20 17:00:00,Lead,Lead,0.0
475,Facebook,2025-01-20 18:00:00,Lead,Lead,0.0
476,Referral,2025-01-20 19:00:00,Lead,Closed Lost,0.0
477,Google Ads,2025-01-20 20:00:00,Lead,Lead,0.0
478,Facebook,2025-01-20 21:00:00,Lead,MQL,0.0
479,Referral,2025-01-20 22:00:00,Lead,SQL,0.0
480,Facebook,2025-01-20 23:00:00,Lead,SQL,0.0
481,Facebook,2025-01-21 00:00:00,Lead,MQL,0.0
482,Email,2025-01-21 01:00:00,Lead,Lead,0.0
483,Facebook,2025-01-21 02:00:00,Lead,MQL,0.0
484,Facebook,2025-01-21 03:00:00,Lead,Lead,0.0
485,Facebook,2025-01-21 04:00:00,Lead,SQL,0.0
486,Organic,2025-01-21 05:00:00,Lead,Lead,0.0
487,Google Ads,2025-01-21 06:00:00,Lead,Lead,0.0
488,Google Ads,2025-01-21 07:00:00,Lead,Lead,0.0
489,Referral,2025-01-21 08:00:00,Lead,Lead,0.0
490,Organic,2025-01-21 09:00:00,Lead,MQL,0.0
491,Facebook,2025-01-21 10:00:00,Lead,Lead,0.0
492,Facebook,2025-01-21 11:00:00,Lead,Lead,0.0
493,Google Ads,2025-01-21 12:00:00,Lead,Lead,0.0
494,Google Ads,2025-01-21 13:00:00,Lead,Lead,0.0
495,Facebook,2025-01-21 14:00:00,Lead,MQL,0.0
496,Google Ads,2025-01-21 15:00:00,Lead,Lead,0.0
497,Facebook,2025-01-21 16:00:00,Lead,MQL,0.0
498,Google Ads,2025-01-21 17:00:00,Lead,MQL,0.0
499,Referral,2025-01-21 18:00:00,Lead,Lead,0.0
500,Referral,2025-01-21 19:00:00,Lead,MQL,0.0
501,Email,2025-01-21 20:00:00,Lead,Lead,0.0
502,Facebook,2025-01-21 21:00:00,Lead,Lead,0.0
503,Google Ads,2025-01-21 22:00:00,Lead,SQL,0.0
504,Organic,2025-01-21 23:00:00,Lead,MQL,0.0
505,Email,2025-01-22 00:00:00,Lead,Lead,0.0
506,Google Ads,2025-01-22 01:00:00,Lead,Lead,0.0
507,Organic,2025-01-22 02:00:00,Lead,Lead,0.0
508,Organic,2025-01-22 03:00:00,Lead,Lead,0.0
509,Organic,2025-01-22 04:00:00,Lead,Lead,0.0
510,Email,2025-01-22 05:00:00,Lead,Lead,0.0
511,Facebook,2025-01-22 06:00:00,Lead,Lead,0.0
512,Facebook,2025-01-22 07:00:00,Lead,Lead,0.0
513,Organic,2025-01-22 08:00:00,Lead,SQL,0.0
514,Organic,2025-01-22 09:00:00,Lead,Lead,0.0
515,Google Ads,2025-01-22 10:00:00,Lead,Lead,0.0
516,Google Ads,2025-01-22 11:00:00,Lead,Lead,0.0
517,Google Ads,2025-01-22 12:00:00,Lead,MQL,0.0
518,Organic,2025-01-22 13:00:00,Lead,MQL,0.0
519,Referral,2025-01-22 14:00:00,Lead,Lead,0.0
520,Google Ads,2025-01-22 15:00:00,Lead,MQL,0.0
521,Facebook,2025-01-22 16:00:00,Lead,Lead,0.0
522,Google Ads,2025-01-22 17:00:00,Lead,MQL,0.0
523,Referral,2025-01-22 18:00:00,Lead,Lead,0.0
524,Organic,2025-01-22 19:00:00,Lead,Lead,0.0
525,Organic,2025-01-22 20:00:00,Lead,SQL,0.0
526,Facebook,2025-01-22 21:00:00,Lead,MQL,0.0
527,Facebook,2025-01-22 22:00:00,Lead,MQL,0.0
528,Google Ads,2025-01-22 23:00:00,Lead,Lead,0.0
529,Google Ads,2025-01-23 00:00:00,Lead,SQL,0.0
530,Organic,2025-01-23 01:00:00,Lead,Lead,0.0
531,Organic,2025-01-23 02:00:00,Lead,MQL,0.0
532,Referral,2025-01-23 03:00:00,Lead,MQL,0.0
533,Referral,2025-01-23 04:00:00,Lead,Lead,0.0
534,Facebook,2025-01-23 05:00:00,Lead,MQL,0.0
535,Email,2025-01-23 06:00:00,Lead,SQL,0.0
536,Organic,2025-01-23 07:00:00,Lead,Lead,0.0
537,Organic,2025-01-23 08:00:00,Lead,Lead,0.0
538,Google Ads,2025-01-23 09:00:00,Lead,Lead,0.0
539,Facebook,2025-01-23 10:00:00,Lead,SQL,0.0
540,Google Ads,2025-01-23 11:00:00,Lead,MQL,0.0
541,Referral,2025-01-23 12:00:00,Lead,MQL,0.0
542,Facebook,2025-01-23 13:00:00,Lead,MQL,0.0
543,Google Ads,2025-01-23 14:00:00,Lead,Closed Won,3742.7352765027026
544,Email,2025-01-23 15:00:00,Lead,MQL,0.0
545,Facebook,2025-01-23 16:00:00,Lead,Lead,0.0
546,Google Ads,2025-01-23 17:00:00,Lead,Lead,0.0
547,Google Ads,2025-01-23 18:00:00,Lead,Lead,0.0
548,Email,2025-01-23 19:00:00,Lead,Lead,0.0
549,Facebook,2025-01-23 20:00:00,Lead,MQL,0.0
550,Email,2025-01-23 21:00:00,Lead,MQL,0.0
551,Facebook,2025-01-23 22:00:00,Lead,SQL,0.0
552,Organic,2025-01-23 23:00:00,Lead,MQL,0.0
553,Facebook,2025-01-24 00:00:00,Lead,Lead,0.0
554,Facebook,2025-01-24 01:00:00,Lead,SQL,0.0
555,Organic,2025-01-24 02:00:00,Lead,Lead,0.0
556,Facebook,2025-01-24 03:00:00,Lead,MQL,0.0
557,Google Ads,2025-01-24 04:00:00,Lead,Lead,0.0
558,Google Ads,2025-01-24 05:00:00,Lead,SQL,0.0
559,Email,2025-01-24 06:00:00,Lead,MQL,0.0
560,Facebook,2025-01-24 07:00:00,Lead,MQL,0.0
561,Email,2025-01-24 08:00:00,Lead,Lead,0.0
562,Google Ads,2025-01-24 09:00:00,Lead,Lead,0.0
563,Google Ads,2025-01-24 10:00:00,Lead,SQL,0.0
564,Google Ads,2025-01-24 11:00:00,Lead,SQL,0.0
565,Google Ads,2025-01-24 12:00:00,Lead,Closed Lost,0.0
566,Facebook,2025-01-24 13:00:00,Lead,SQL,0.0
567,Google Ads,2025-01-24 14:00:00,Lead,Lead,0.0
568,Facebook,2025-01-24 15:00:00,Lead,MQL,0.0
569,Organic,2025-01-24 16:00:00,Lead,MQL,0.0
570,Google Ads,2025-01-24 17:00:00,Lead,MQL,0.0
571,Facebook,2025-01-24 18:00:00,Lead,SQL,0.0
572,Email,2025-01-24 19:00:00,Lead,Lead,0.0
573,Google Ads,2025-01-24 20:00:00,Lead,MQL,0.0
574,Facebook,2025-01-24 21:00:00,Lead,Lead,0.0
575,Organic,2025-01-24 22:00:00,Lead,Lead,0.0
576,Organic,2025-01-24 23:00:00,Lead,MQL,0.0
577,Google Ads,2025-01-25 00:00:00,Lead,Lead,0.0
578,Organic,2025-01-25 01:00:00,Lead,MQL,0.0
579,Facebook,2025-01-25 02:00:00,Lead,SQL,0.0
580,Google Ads,2025-01-25 03:00:00,Lead,Lead,0.0
581,Facebook,2025-01-25 04:00:00,Lead,MQL,0.0
582,Referral,2025-01-25 05:00:00,Lead,Lead,0.0
583,Facebook,2025-01-25 06:00:00,Lead,MQL,0.0
584,Google Ads,2025-01-25 07:00:00,Lead,Lead,0.0
585,Facebook,2025-01-25 08:00:00,Lead,MQL,0.0
586,Google Ads,2025-01-25 09:00:00,Lead,Lead,0.0
587,Google Ads,2025-01-25 10:00:00,Lead,Lead,0.0
588,Google Ads,2025-01-25 11:00:00,Lead,Lead,0.0
589,Google Ads,2025-01-25 12:00:00,Lead,Lead,0.0
590,Google Ads,2025-01-25 13:00:00,Lead,Lead,0.0
591,Google Ads,2025-01-25 14:00:00,Lead,Lead,0.0
592,Facebook,2025-01-25 15:00:00,Lead,Closed Won,6719.272854574158
593,Google Ads,2025-01-25 16:00:00,Lead,Lead,0.0
594,Google Ads,2025-01-25 17:00:00,Lead,Lead,0.0
595,Organic,2025-01-25 18:00:00,Lead,Lead,0.0
596,Facebook,2025-01-25 19:00:00,Lead,Lead,0.0
597,Email,2025-01-25 20:00:00,Lead,MQL,0.0
598,Google Ads,2025-01-25 21:00:00,Lead,Lead,0.0
599,Google Ads,2025-01-25 22:00:00,Lead,MQL,0.0
600,Google Ads,2025-01-25 23:00:00,Lead,Lead,0.0
601,Google Ads,2025-01-26 00:00:00,Lead,MQL,0.0
602,Google Ads,2025-01-26 01:00:00,Lead,SQL,0.0
603,Google Ads,2025-01-26 02:00:00,Lead,Lead,0.0
604,Google Ads,2025-01-26 03:00:00,Lead,Lead,0.0
605,Google Ads,2025-01-26 04:00:00,Lead,Lead,0.0
606,Facebook,2025-01-26 05:00:00,Lead,MQL,0.0
607,Google Ads,2025-01-26 06:00:00,Lead,Lead,0.0
608,Google Ads,2025-01-26 07:00:00,Lead,Lead,0.0
609,Facebook,2025-01-26 08:00:00,Lead,MQL,0.0
610,Email,2025-01-26 09:00:00,Lead,Lead,0.0
611,Google Ads,2025-01-26 10:00:00,Lead,Lead,0.0
612,Email,2025-01-26 11:00:00,Lead,Lead,0.0
613,Facebook,2025-01-26 12:00:00,Lead,MQL,0.0
614,Google Ads,2025-01-26 13:00:00,Lead,Lead,0.0
615,Organic,2025-01-26 14:00:00,Lead,MQL,0.0
616,Organic,2025-01-26 15:00:00,Lead,Lead,0.0
617,Google Ads,2025-01-26 16:00:00,Lead,Lead,0.0
618,Google Ads,2025-01-26 17:00:00,Lead,Lead,0.0
619,Organic,2025-01-26 18:00:00,Lead,MQL,0.0
620,Email,2025-01-26 19:00:00,Lead,Lead,0.0
621,Google Ads,2025-01-26 20:00:00,Lead,Closed Lost,0.0
622,Google Ads,2025-01-26 21:00:00,Lead,Lead,0.0
623,Google Ads,2025-01-26 22:00:00,Lead,Lead,0.0
624,Facebook,2025-01-26 23:00:00,Lead,Lead,0.0
625,Facebook,2025-01-27 00:00:00,Lead,MQL,0.0
626,Google Ads,2025-01-27 01:00:00,Lead,Lead,0.0
627,Facebook,2025-01-27 02:00:00,Lead,Lead,0.0
628,Email,2025-01-27 03:00:00,Lead,Lead,0.0
629,Google Ads,2025-01-27 04:00:00,Lead,Lead,0.0
630,Google Ads,2025-01-27 05:00:00,Lead,Lead,0.0
631,Email,2025-01-27 06:00:00,Lead,MQL,0.0
632,Organic,2025-01-27 07:00:00,Lead,MQL,0.0
633,Facebook,2025-01-27 08:00:00,Lead,Closed Won,6910.558021716785
634,Facebook,2025-01-27 09:00:00,Lead,Lead,0.0
635,Google Ads,2025-01-27 10:00:00,Lead,Lead,0.0
636,Facebook,2025-01-27 11:00:00,Lead,Lead,0.0
637,Facebook,2025-01-27 12:00:00,Lead,MQL,0.0
638,Google Ads,2025-01-27 13:00:00,Lead,Lead,0.0
639,Google Ads,2025-01-27 14:00:00,Lead,MQL,0.0
640,Google Ads,2025-01-27 15:00:00,Lead,Lead,0.0
641,Google Ads,2025-01-27 16:00:00,Lead,MQL,0.0
642,Google Ads,2025-01-27 17:00:00,Lead,Lead,0.0
643,Google Ads,2025-01-27 18:00:00,Lead,Closed Lost,0.0
644,Google Ads,2025-01-27 19:00:00,Lead,Lead,0.0
645,Google Ads,2025-01-27 20:00:00,Lead,MQL,0.0
646,Organic,2025-01-27 21:00:00,Lead,SQL,0.0
647,Facebook,2025-01-27 22:00:00,Lead,Lead,0.0
648,Email,2025-01-27 23:00:00,Lead,Closed Lost,0.0
649,Email,2025-01-28 00:00:00,Lead,MQL,0.0
650,Facebook,2025-01-28 01:00:00,Lead,Lead,0.0
651,Google Ads,2025-01-28 02:00:00,Lead,Lead,0.0
652,Facebook,2025-01-28 03:00:00,Lead,MQL,0.0
653,Facebook,2025-01-28 04:00:00,Lead,Lead,0.0
654,Email,2025-01-28 05:00:00,Lead,Lead,0.0
655,Facebook,2025-01-28 06:00:00,Lead,Lead,0.0
656,Google Ads,2025-01-28 07:00:00,Lead,Lead,0.0
657,Google Ads,2025-01-28 08:00:00,Lead,Lead,0.0
658,Google Ads,2025-01-28 09:00:00,Lead,SQL,0.0
659,Facebook,2025-01-28 10:00:00,Lead,MQL,0.0
660,Facebook,2025-01-28 11:00:00,Lead,Lead,0.0
661,Google Ads,2025-01-28 12:00:00,Lead,Lead,0.0
662,Referral,2025-01-28 13:00:00,Lead,Lead,0.0
663,Facebook,2025-01-28 14:00:00,Lead,MQL,0.0
664,Google Ads,2025-01-28 15:00:00,Lead,Lead,0.0
665,Google Ads,2025-01-28 16:00:00,Lead,MQL,0.0
666,Google Ads,2025-01-28 17:00:00,Lead,MQL,0.0
667,Google Ads,2025-01-28 18:00:00,Lead,Lead,0.0
668,Google Ads,2025-01-28 19:00:00,Lead,MQL,0.0
669,Google Ads,2025-01-28 20:00:00,Lead,Lead,0.0
670,Google Ads,2025-01-28 21:00:00,Lead,SQL,0.0
671,Google Ads,2025-01-28 22:00:00,Lead,Lead,0.0
672,Organic,2025-01-28 23:00:00,Lead,Lead,0.0
673,Google Ads,2025-01-29 00:00:00,Lead,Lead,0.0
674,Facebook,2025-01-29 01:00:00,Lead,Lead,0.0
675,Facebook,2025-01-29 02:00:00,Lead,Lead,0.0
676,Referral,2025-01-29 03:00:00,Lead,MQL,0.0
677,Google Ads,2025-01-29 04:00:00,Lead,MQL,0.0
678,Google Ads,2025-01-29 05:00:00,Lead,Lead,0.0
679,Referral,2025-01-29 06:00:00,Lead,MQL,0.0
680,Organic,2025-01-29 07:00:00,Lead,Lead,0.0
681,Organic,2025-01-29 08:00:00,Lead,MQL,0.0
682,Google Ads,2025-01-29 09:00:00,Lead,Lead,0.0
683,Google Ads,2025-01-29 10:00:00,Lead,Lead,0.0
684,Email,2025-01-29 11:00:00,Lead,SQL,0.0
685,Organic,2025-01-29 12:00:00,Lead,Lead,0.0
686,Facebook,2025-01-29 13:00:00,Lead,SQL,0.0
687,Facebook,2025-01-29 14:00:00,Lead,Lead,0.0
688,Google Ads,2025-01-29 15:00:00,Lead,Lead,0.0
689,Email,2025-01-29 16:00:00,Lead,Lead,0.0
690,Google Ads,2025-01-29 17:00:00,Lead,Lead,0.0
691,Google Ads,2025-01-29 18:00:00,Lead,MQL,0.0
692,Facebook,2025-01-29 19:00:00,Lead,MQL,0.0
693,Facebook,2025-01-29 20:00:00,Lead,Lead,0.0
694,Google Ads,2025-01-29 21:00:00,Lead,MQL,0.0
695,Google Ads,2025-01-29 22:00:00,Lead,Lead,0.0
696,Facebook,2025-01-29 23:00:00,Lead,MQL,0.0
697,Google Ads,2025-01-30 00:00:00,Lead,MQL,0.0
698,Facebook,2025-01-30 01:00:00,Lead,Lead,0.0
699,Google Ads,2025-01-30 02:00:00,Lead,MQL,0.0
700,Facebook,2025-01-30 03:00:00,Lead,MQL,0.0
701,Facebook,2025-01-30 04:00:00,Lead,Lead,0.0
702,Google Ads,2025-01-30 05:00:00,Lead,SQL,0.0
703,Google Ads,2025-01-30 06:00:00,Lead,Lead,0.0
704,Google Ads,2025-01-30 07:00:00,Lead,MQL,0.0
705,Google Ads,2025-01-30 08:00:00,Lead,SQL,0.0
706,Referral,2025-01-30 09:00:00,Lead,MQL,0.0
707,Google Ads,2025-01-30 10:00:00,Lead,Lead,0.0
708,Organic,2025-01-30 11:00:00,Lead,Lead,0.0
709,Google Ads,2025-01-30 12:00:00,Lead,Lead,0.0
710,Email,2025-01-30 13:00:00,Lead,Lead,0.0
711,Email,2025-01-30 14:00:00,Lead,Lead,0.0
712,Facebook,2025-01-30 15:00:00,Lead,Lead,0.0
713,Facebook,2025-01-30 16:00:00,Lead,Lead,0.0
714,Facebook,2025-01-30 17:00:00,Lead,Lead,0.0
715,Google Ads,2025-01-30 18:00:00,Lead,MQL,0.0
716,Organic,2025-01-30 19:00:00,Lead,Lead,0.0
717,Organic,2025-01-30 20:00:00,Lead,Lead,0.0
718,Referral,2025-01-30 21:00:00,Lead,Lead,0.0
719,Google Ads,2025-01-30 22:00:00,Lead,Lead,0.0
720,Email,2025-01-30 23:00:00,Lead,Lead,0.0
721,Organic,2025-01-31 00:00:00,Lead,MQL,0.0
722,Google Ads,2025-01-31 01:00:00,Lead,MQL,0.0
723,Google Ads,2025-01-31 02:00:00,Lead,Lead,0.0
724,Email,2025-01-31 03:00:00,Lead,SQL,0.0
725,Facebook,2025-01-31 04:00:00,Lead,SQL,0.0
726,Organic,2025-01-31 05:00:00,Lead,MQL,0.0
727,Google Ads,2025-01-31 06:00:00,Lead,Lead,0.0
728,Email,2025-01-31 07:00:00,Lead,MQL,0.0
729,Google Ads,2025-01-31 08:00:00,Lead,Lead,0.0
730,Google Ads,2025-01-31 09:00:00,Lead,Lead,0.0
731,Google Ads,2025-01-31 10:00:00,Lead,Lead,0.0
732,Organic,2025-01-31 11:00:00,Lead,Lead,0.0
733,Email,2025-01-31 12:00:00,Lead,Lead,0.0
734,Facebook,2025-01-31 13:00:00,Lead,SQL,0.0
735,Google Ads,2025-01-31 14:00:00,Lead,MQL,0.0
736,Organic,2025-01-31 15:00:00,Lead,Lead,0.0
737,Google Ads,2025-01-31 16:00:00,Lead,MQL,0.0
738,Organic,2025-01-31 17:00:00,Lead,MQL,0.0
739,Facebook,2025-01-31 18:00:00,Lead,Lead,0.0
740,Google Ads,2025-01-31 19:00:00,Lead,MQL,0.0
741,Facebook,2025-01-31 20:00:00,Lead,MQL,0.0
742,Google Ads,2025-01-31 21:00:00,Lead,Lead,0.0
743,Email,2025-01-31 22:00:00,Lead,Lead,0.0
744,Facebook,2025-01-31 23:00:00,Lead,MQL,0.0
745,Google Ads,2025-02-01 00:00:00,Lead,Lead,0.0
746,Organic,2025-02-01 01:00:00,Lead,Lead,0.0
747,Google Ads,2025-02-01 02:00:00,Lead,MQL,0.0
748,Facebook,2025-02-01 03:00:00,Lead,Lead,0.0
749,Organic,2025-02-01 04:00:00,Lead,Lead,0.0
750,Facebook,2025-02-01 05:00:00,Lead,MQL,0.0
751,Google Ads,2025-02-01 06:00:00,Lead,MQL,0.0
752,Organic,2025-02-01 07:00:00,Lead,Lead,0.0
753,Facebook,2025-02-01 08:00:00,Lead,Lead,0.0
754,Google Ads,2025-02-01 09:00:00,Lead,Lead,0.0
755,Google Ads,2025-02-01 10:00:00,Lead,SQL,0.0
756,Email,2025-02-01 11:00:00,Lead,MQL,0.0
757,Facebook,2025-02-01 12:00:00,Lead,MQL,0.0
758,Facebook,2025-02-01 13:00:00,Lead,Lead,0.0
759,Organic,2025-02-01 14:00:00,Lead,MQL,0.0
760,Email,2025-02-01 15:00:00,Lead,Lead,0.0
761,Google Ads,2025-02-01 16:00:00,Lead,Lead,0.0
762,Google Ads,2025-02-01 17:00:00,Lead,Lead,0.0
763,Google Ads,2025-02-01 18:00:00,Lead,Lead,0.0
764,Email,2025-02-01 19:00:00,Lead,Lead,0.0
765,Google Ads,2025-02-01 20:00:00,Lead,MQL,0.0
766,Facebook,2025-02-01 21:00:00,Lead,MQL,0.0
767,Email,2025-02-01 22:00:00,Lead,Lead,0.0
768,Organic,2025-02-01 23:00:00,Lead,SQL,0.0
769,Google Ads,2025-02-02 00:00:00,Lead,Lead,0.0
770,Organic,2025-02-02 01:00:00,Lead,MQL,0.0
771,Google Ads,2025-02-02 02:00:00,Lead,Lead,0.0
772,Organic,2025-02-02 03:00:00,Lead,Lead,0.0
773,Google Ads,2025-02-02 04:00:00,Lead,MQL,0.0
774,Google Ads,2025-02-02 05:00:00,Lead,Closed Won,4364.249692690275
775,Email,2025-02-02 06:00:00,Lead,MQL,0.0
776,Google Ads,2025-02-02 07:00:00,Lead,Lead,0.0
777,Google Ads,2025-02-02 08:00:00,Lead,Lead,0.0
778,Email,2025-02-02 09:00:00,Lead,SQL,0.0
779,Email,2025-02-02 10:00:00,Lead,MQL,0.0
780,Facebook,2025-02-02 11:00:00,Lead,MQL,0.0
781,Email,2025-02-02 12:00:00,Lead,MQL,0.0
782,Facebook,2025-02-02 13:00:00,Lead,Lead,0.0
783,Google Ads,2025-02-02 14:00:00,Lead,Lead,0.0
784,Google Ads,2025-02-02 15:00:00,Lead,MQL,0.0
785,Google Ads,2025-02-02 16:00:00,Lead,Lead,0.0
786,Organic,2025-02-02 17:00:00,Lead,SQL,0.0
787,Facebook,2025-02-02 18:00:00,Lead,MQL,0.0
788,Facebook,2025-02-02 19:00:00,Lead,MQL,0.0
789,Facebook,2025-02-02 20:00:00,Lead,MQL,0.0
790,Organic,2025-02-02 21:00:00,Lead,Closed Won,3851.583264454718
791,Google Ads,2025-02-02 22:00:00,Lead,Lead,0.0
792,Facebook,2025-02-02 23:00:00,Lead,SQL,0.0
793,Facebook,2025-02-03 00:00:00,Lead,Lead,0.0
794,Facebook,2025-02-03 01:00:00,Lead,Lead,0.0
795,Google Ads,2025-02-03 02:00:00,Lead,Lead,0.0
796,Organic,2025-02-03 03:00:00,Lead,Lead,0.0
797,Organic,2025-02-03 04:00:00,Lead,Lead,0.0
798,Facebook,2025-02-03 05:00:00,Lead,Lead,0.0
799,Email,2025-02-03 06:00:00,Lead,MQL,0.0
800,Organic,2025-02-03 07:00:00,Lead,Lead,0.0
801,Email,2025-02-03 08:00:00,Lead,Lead,0.0
802,Google Ads,2025-02-03 09:00:00,Lead,SQL,0.0
803,Facebook,2025-02-03 10:00:00,Lead,MQL,0.0
804,Facebook,2025-02-03 11:00:00,Lead,MQL,0.0
805,Facebook,2025-02-03 12:00:00,Lead,MQL,0.0
806,Email,2025-02-03 13:00:00,Lead,MQL,0.0
807,Organic,2025-02-03 14:00:00,Lead,Lead,0.0
808,Organic,2025-02-03 15:00:00,Lead,MQL,0.0
809,Facebook,2025-02-03 16:00:00,Lead,SQL,0.0
810,Google Ads,2025-02-03 17:00:00,Lead,MQL,0.0
811,Referral,2025-02-03 18:00:00,Lead,MQL,0.0
812,Organic,2025-02-03 19:00:00,Lead,Lead,0.0
813,Google Ads,2025-02-03 20:00:00,Lead,MQL,0.0
814,Organic,2025-02-03 21:00:00,Lead,Lead,0.0
815,Organic,2025-02-03 22:00:00,Lead,SQL,0.0
816,Facebook,2025-02-03 23:00:00,Lead,SQL,0.0
817,Facebook,2025-02-04 00:00:00,Lead,Lead,0.0
818,Google Ads,2025-02-04 01:00:00,Lead,Lead,0.0
819,Google Ads,2025-02-04 02:00:00,Lead,SQL,0.0
820,Google Ads,2025-02-04 03:00:00,Lead,Lead,0.0
821,Organic,2025-02-04 04:00:00,Lead,Lead,0.0
822,Google Ads,2025-02-04 05:00:00,Lead,Lead,0.0
823,Google Ads,2025-02-04 06:00:00,Lead,MQL,0.0
824,Google Ads,2025-02-04 07:00:00,Lead,SQL,0.0
825,Facebook,2025-02-04 08:00:00,Lead,MQL,0.0
826,Organic,2025-02-04 09:00:00,Lead,MQL,0.0
827,Google Ads,2025-02-04 10:00:00,Lead,Lead,0.0
828,Google Ads,2025-02-04 11:00:00,Lead,MQL,0.0
829,Email,2025-02-04 12:00:00,Lead,MQL,0.0
830,Facebook,2025-02-04 13:00:00,Lead,Lead,0.0
831,Google Ads,2025-02-04 14:00:00,Lead,Lead,0.0
832,Facebook,2025-02-04 15:00:00,Lead,Lead,0.0
833,Google Ads,2025-02-04 16:00:00,Lead,SQL,0.0
834,Google Ads,2025-02-04 17:00:00,Lead,Lead,0.0
835,Facebook,2025-02-04 18:00:00,Lead,Lead,0.0
836,Facebook,2025-02-04 19:00:00,Lead,Lead,0.0
837,Organic,2025-02-04 20:00:00,Lead,MQL,0.0
838,Google Ads,2025-02-04 21:00:00,Lead,MQL,0.0
839,Facebook,2025-02-04 22:00:00,Lead,Lead,0.0
840,Facebook,2025-02-04 23:00:00,Lead,Closed Lost,0.0
841,Google Ads,2025-02-05 00:00:00,Lead,Lead,0.0
842,Email,2025-02-05 01:00:00,Lead,MQL,0.0
843,Google Ads,2025-02-05 02:00:00,Lead,Lead,0.0
844,Referral,2025-02-05 03:00:00,Lead,MQL,0.0
845,Google Ads,2025-02-05 04:00:00,Lead,MQL,0.0
846,Facebook,2025-02-05 05:00:00,Lead,Lead,0.0
847,Google Ads,2025-02-05 06:00:00,Lead,MQL,0.0
848,Referral,2025-02-05 07:00:00,Lead,Lead,0.0
849,Facebook,2025-02-05 08:00:00,Lead,MQL,0.0
850,Facebook,2025-02-05 09:00:00,Lead,Lead,0.0
851,Google Ads,2025-02-05 10:00:00,Lead,SQL,0.0
852,Email,2025-02-05 11:00:00,Lead,SQL,0.0
853,Google Ads,2025-02-05 12:00:00,Lead,MQL,0.0
854,Organic,2025-02-05 13:00:00,Lead,MQL,0.0
855,Google Ads,2025-02-05 14:00:00,Lead,Lead,0.0
856,Google Ads,2025-02-05 15:00:00,Lead,Lead,0.0
857,Google Ads,2025-02-05 16:00:00,Lead,MQL,0.0
858,Facebook,2025-02-05 17:00:00,Lead,Lead,0.0
859,Facebook,2025-02-05 18:00:00,Lead,Lead,0.0
860,Google Ads,2025-02-05 19:00:00,Lead,SQL,0.0
861,Email,2025-02-05 20:00:00,Lead,MQL,0.0
862,Facebook,2025-02-05 21:00:00,Lead,MQL,0.0
863,Facebook,2025-02-05 22:00:00,Lead,Lead,0.0
864,Facebook,2025-02-05 23:00:00,Lead,Lead,0.0
865,Facebook,2025-02-06 00:00:00,Lead,Lead,0.0
866,Facebook,2025-02-06 01:00:00,Lead,Lead,0.0
867,Google Ads,2025-02-06 02:00:00,Lead,Lead,0.0
868,Google Ads,2025-02-06 03:00:00,Lead,Lead,0.0
869,Organic,2025-02-06 04:00:00,Lead,Lead,0.0
870,Organic,2025-02-06 05:00:00,Lead,Lead,0.0
871,Google Ads,2025-02-06 06:00:00,Lead,MQL,0.0
872,Google Ads,2025-02-06 07:00:00,Lead,MQL,0.0
873,Facebook,2025-02-06 08:00:00,Lead,Lead,0.0
874,Facebook,2025-02-06 09:00:00,Lead,Lead,0.0
875,Google Ads,2025-02-06 10:00:00,Lead,Lead,0.0
876,Google Ads,2025-02-06 11:00:00,Lead,SQL,0.0
877,Email,2025-02-06 12:00:00,Lead,MQL,0.0
878,Email,2025-02-06 13:00:00,Lead,MQL,0.0
879,Google Ads,2025-02-06 14:00:00,Lead,Lead,0.0
880,Google Ads,2025-02-06 15:00:00,Lead,MQL,0.0
881,Google Ads,2025-02-06 16:00:00,Lead,MQL,0.0
882,Email,2025-02-06 17:00:00,Lead,Lead,0.0
883,Google Ads,2025-02-06 18:00:00,Lead,SQL,0.0
884,Google Ads,2025-02-06 19:00:00,Lead,MQL,0.0
885,Email,2025-02-06 20:00:00,Lead,SQL,0.0
886,Google Ads,2025-02-06 21:00:00,Lead,MQL,0.0
887,Email,2025-02-06 22:00:00,Lead,SQL,0.0
888,Google Ads,2025-02-06 23:00:00,Lead,MQL,0.0
889,Google Ads,2025-02-07 00:00:00,Lead,MQL,0.0
890,Google Ads,2025-02-07 01:00:00,Lead,Lead,0.0
891,Email,2025-02-07 02:00:00,Lead,MQL,0.0
892,Organic,2025-02-07 03:00:00,Lead,Lead,0.0
893,Organic,2025-02-07 04:00:00,Lead,MQL,0.0
894,Google Ads,2025-02-07 05:00:00,Lead,Lead,0.0
895,Email,2025-02-07 06:00:00,Lead,MQL,0.0
896,Google Ads,2025-02-07 07:00:00,Lead,MQL,0.0
897,Google Ads,2025-02-07 08:00:00,Lead,Lead,0.0
898,Organic,2025-02-07 09:00:00,Lead,Lead,0.0
899,Google Ads,2025-02-07 10:00:00,Lead,Lead,0.0
900,Google Ads,2025-02-07 11:00:00,Lead,MQL,0.0
901,Google Ads,2025-02-07 12:00:00,Lead,Lead,0.0
902,Google Ads,2025-02-07 13:00:00,Lead,Lead,0.0
903,Google Ads,2025-02-07 14:00:00,Lead,Lead,0.0
904,Facebook,2025-02-07 15:00:00,Lead,MQL,0.0
905,Facebook,2025-02-07 16:00:00,Lead,MQL,0.0
906,Organic,2025-02-07 17:00:00,Lead,MQL,0.0
907,Organic,2025-02-07 18:00:00,Lead,Lead,0.0
908,Google Ads,2025-02-07 19:00:00,Lead,MQL,0.0
909,Google Ads,2025-02-07 20:00:00,Lead,Lead,0.0
910,Google Ads,2025-02-07 21:00:00,Lead,Lead,0.0
911,Facebook,2025-02-07 22:00:00,Lead,SQL,0.0
912,Google Ads,2025-02-07 23:00:00,Lead,MQL,0.0
913,Facebook,2025-02-08 00:00:00,Lead,Lead,0.0
914,Facebook,2025-02-08 01:00:00,Lead,MQL,0.0
915,Facebook,2025-02-08 02:00:00,Lead,Lead,0.0
916,Facebook,2025-02-08 03:00:00,Lead,SQL,0.0
917,Google Ads,2025-02-08 04:00:00,Lead,Lead,0.0
918,Organic,2025-02-08 05:00:00,Lead,Lead,0.0
919,Email,2025-02-08 06:00:00,Lead,Closed Lost,0.0
920,Google Ads,2025-02-08 07:00:00,Lead,MQL,0.0
921,Organic,2025-02-08 08:00:00,Lead,Lead,0.0
922,Facebook,2025-02-08 09:00:00,Lead,Lead,0.0
923,Organic,2025-02-08 10:00:00,Lead,Lead,0.0
924,Email,2025-02-08 11:00:00,Lead,MQL,0.0
925,Facebook,2025-02-08 12:00:00,Lead,MQL,0.0
926,Google Ads,2025-02-08 13:00:00,Lead,Lead,0.0
927,Google Ads,2025-02-08 14:00:00,Lead,Lead,0.0
928,Facebook,2025-02-08 15:00:00,Lead,Lead,0.0
929,Facebook,2025-02-08 16:00:00,Lead,Lead,0.0
930,Google Ads,2025-02-08 17:00:00,Lead,Lead,0.0
931,Google Ads,2025-02-08 18:00:00,Lead,Lead,0.0
932,Organic,2025-02-08 19:00:00,Lead,MQL,0.0
933,Referral,2025-02-08 20:00:00,Lead,Lead,0.0
934,Facebook,2025-02-08 21:00:00,Lead,Lead,0.0
935,Google Ads,2025-02-08 22:00:00,Lead,MQL,0.0
936,Google Ads,2025-02-08 23:00:00,Lead,Lead,0.0
937,Google Ads,2025-02-09 00:00:00,Lead,Lead,0.0
938,Organic,2025-02-09 01:00:00,Lead,Lead,0.0
939,Google Ads,2025-02-09 02:00:00,Lead,MQL,0.0
940,Facebook,2025-02-09 03:00:00,Lead,Lead,0.0
941,Google Ads,2025-02-09 04:00:00,Lead,Lead,0.0
942,Facebook,2025-02-09 05:00:00,Lead,Lead,0.0
943,Email,2025-02-09 06:00:00,Lead,Lead,0.0
944,Organic,2025-02-09 07:00:00,Lead,Lead,0.0
945,Google Ads,2025-02-09 08:00:00,Lead,Lead,0.0
946,Google Ads,2025-02-09 09:00:00,Lead,MQL,0.0
947,Google Ads,2025-02-09 10:00:00,Lead,SQL,0.0
948,Organic,2025-02-09 11:00:00,Lead,MQL,0.0
949,Organic,2025-02-09 12:00:00,Lead,SQL,0.0
950,Facebook,2025-02-09 13:00:00,Lead,MQL,0.0
951,Facebook,2025-02-09 14:00:00,Lead,MQL,0.0
952,Email,2025-02-09 15:00:00,Lead,SQL,0.0
953,Google Ads,2025-02-09 16:00:00,Lead,MQL,0.0
954,Organic,2025-02-09 17:00:00,Lead,Lead,0.0
955,Facebook,2025-02-09 18:00:00,Lead,Lead,0.0
956,Google Ads,2025-02-09 19:00:00,Lead,Lead,0.0
957,Facebook,2025-02-09 20:00:00,Lead,SQL,0.0
958,Google Ads,2025-02-09 21:00:00,Lead,Lead,0.0
959,Google Ads,2025-02-09 22:00:00,Lead,Lead,0.0
960,Email,2025-02-09 23:00:00,Lead,Lead,0.0
961,Google Ads,2025-02-10 00:00:00,Lead,SQL,0.0
962,Facebook,2025-02-10 01:00:00,Lead,Lead,0.0
963,Google Ads,2025-02-10 02:00:00,Lead,Lead,0.0
964,Google Ads,2025-02-10 03:00:00,Lead,Lead,0.0
965,Google Ads,2025-02-10 04:00:00,Lead,SQL,0.0
966,Google Ads,2025-02-10 05:00:00,Lead,Lead,0.0
967,Email,2025-02-10 06:00:00,Lead,Lead,0.0
968,Google Ads,2025-02-10 07:00:00,Lead,SQL,0.0
969,Facebook,2025-02-10 08:00:00,Lead,MQL,0.0
970,Facebook,2025-02-10 09:00:00,Lead,Lead,0.0
971,Email,2025-02-10 10:00:00,Lead,Lead,0.0
972,Organic,2025-02-10 11:00:00,Lead,MQL,0.0
973,Email,2025-02-10 12:00:00,Lead,Closed Lost,0.0
974,Google Ads,2025-02-10 13:00:00,Lead,SQL,0.0
975,Google Ads,2025-02-10 14:00:00,Lead,MQL,0.0
976,Google Ads,2025-02-10 15:00:00,Lead,SQL,0.0
977,Facebook,2025-02-10 16:00:00,Lead,MQL,0.0
978,Google Ads,2025-02-10 17:00:00,Lead,Closed Won,1791.516659579393
979,Facebook,2025-02-10 18:00:00,Lead,MQL,0.0
980,Facebook,2025-02-10 19:00:00,Lead,Lead,0.0
981,Google Ads,2025-02-10 20:00:00,Lead,Lead,0.0
982,Email,2025-02-10 21:00:00,Lead,Lead,0.0
983,Google Ads,2025-02-10 22:00:00,Lead,MQL,0.0
984,Google Ads,2025-02-10 23:00:00,Lead,Lead,0.0
985,Email,2025-02-11 00:00:00,Lead,Lead,0.0
986,Facebook,2025-02-11 01:00:00,Lead,Lead,0.0
987,Email,2025-02-11 02:00:00,Lead,MQL,0.0
988,Facebook,2025-02-11 03:00:00,Lead,Lead,0.0
989,Google Ads,2025-02-11 04:00:00,Lead,MQL,0.0
990,Organic,2025-02-11 05:00:00,Lead,SQL,0.0
991,Email,2025-02-11 06:00:00,Lead,SQL,0.0
992,Email,2025-02-11 07:00:00,Lead,MQL,0.0
993,Google Ads,2025-02-11 08:00:00,Lead,SQL,0.0
994,Facebook,2025-02-11 09:00:00,Lead,Lead,0.0
995,Google Ads,2025-02-11 10:00:00,Lead,Lead,0.0
996,Google Ads,2025-02-11 11:00:00,Lead,Lead,0.0
997,Organic,2025-02-11 12:00:00,Lead,SQL,0.0
998,Google Ads,2025-02-11 13:00:00,Lead,Lead,0.0
999,Referral,2025-02-11 14:00:00,Lead,Lead,0.0
1000,Facebook,2025-02-11 15:00:00,Lead,Lead,0.0
1001,Google Ads,2025-02-11 16:00:00,Lead,Lead,0.0
1002,Facebook,2025-02-11 17:00:00,Lead,MQL,0.0
1003,Organic,2025-02-11 18:00:00,Lead,Lead,0.0
1004,Email,2025-02-11 19:00:00,Lead,Lead,0.0
1005,Organic,2025-02-11 20:00:00,Lead,Closed Lost,0.0
1006,Email,2025-02-11 21:00:00,Lead,SQL,0.0
1007,Email,2025-02-11 22:00:00,Lead,Lead,0.0
1008,Organic,2025-02-11 23:00:00,Lead,Lead,0.0
1009,Google Ads,2025-02-12 00:00:00,Lead,Closed Lost,0.0
1010,Facebook,2025-02-12 01:00:00,Lead,Lead,0.0
1011,Google Ads,2025-02-12 02:00:00,Lead,Lead,0.0
1012,Referral,2025-02-12 03:00:00,Lead,MQL,0.0
1013,Organic,2025-02-12 04:00:00,Lead,MQL,0.0
1014,Google Ads,2025-02-12 05:00:00,Lead,MQL,0.0
1015,Email,2025-02-12 06:00:00,Lead,Lead,0.0
1016,Organic,2025-02-12 07:00:00,Lead,Lead,0.0
1017,Google Ads,2025-02-12 08:00:00,Lead,SQL,0.0
1018,Facebook,2025-02-12 09:00:00,Lead,Lead,0.0
1019,Organic,2025-02-12 10:00:00,Lead,Lead,0.0
1020,Google Ads,2025-02-12 11:00:00,Lead,SQL,0.0
1021,Email,2025-02-12 12:00:00,Lead,Closed Lost,0.0
1022,Google Ads,2025-02-12 13:00:00,Lead,Lead,0.0
1023,Organic,2025-02-12 14:00:00,Lead,MQL,0.0
1024,Referral,2025-02-12 15:00:00,Lead,Lead,0.0
1025,Organic,2025-02-12 16:00:00,Lead,MQL,0.0
1026,Facebook,2025-02-12 17:00:00,Lead,SQL,0.0
1027,Organic,2025-02-12 18:00:00,Lead,MQL,0.0
1028,Organic,2025-02-12 19:00:00,Lead,Closed Lost,0.0
1029,Google Ads,2025-02-12 20:00:00,Lead,Lead,0.0
1030,Organic,2025-02-12 21:00:00,Lead,Lead,0.0
1031,Google Ads,2025-02-12 22:00:00,Lead,SQL,0.0
1032,Facebook,2025-02-12 23:00:00,Lead,SQL,0.0
1033,Google Ads,2025-02-13 00:00:00,Lead,SQL,0.0
1034,Google Ads,2025-02-13 01:00:00,Lead,MQL,0.0
1035,Google Ads,2025-02-13 02:00:00,Lead,Lead,0.0
1036,Email,2025-02-13 03:00:00,Lead,Lead,0.0
1037,Google Ads,2025-02-13 04:00:00,Lead,Lead,0.0
1038,Email,2025-02-13 05:00:00,Lead,SQL,0.0
1039,Google Ads,2025-02-13 06:00:00,Lead,MQL,0.0
1040,Google Ads,2025-02-13 07:00:00,Lead,Lead,0.0
1041,Facebook,2025-02-13 08:00:00,Lead,Closed Won,4705.230628360747
1042,Email,2025-02-13 09:00:00,Lead,Lead,0.0
1043,Google Ads,2025-02-13 10:00:00,Lead,Lead,0.0
1044,Facebook,2025-02-13 11:00:00,Lead,Lead,0.0
1045,Organic,2025-02-13 12:00:00,Lead,MQL,0.0
1046,Facebook,2025-02-13 13:00:00,Lead,Lead,0.0
1047,Google Ads,2025-02-13 14:00:00,Lead,Lead,0.0
1048,Google Ads,2025-02-13 15:00:00,Lead,Lead,0.0
1049,Organic,2025-02-13 16:00:00,Lead,Lead,0.0
1050,Google Ads,2025-02-13 17:00:00,Lead,Lead,0.0
1051,Organic,2025-02-13 18:00:00,Lead,Lead,0.0
1052,Facebook,2025-02-13 19:00:00,Lead,MQL,0.0
1053,Organic,2025-02-13 20:00:00,Lead,MQL,0.0
1054,Email,2025-02-13 21:00:00,Lead,Lead,0.0
1055,Referral,2025-02-13 22:00:00,Lead,Closed Won,3860.296802018337
1056,Google Ads,2025-02-13 23:00:00,Lead,Lead,0.0
1057,Email,2025-02-14 00:00:00,Lead,SQL,0.0
1058,Facebook,2025-02-14 01:00:00,Lead,Lead,0.0
1059,Facebook,2025-02-14 02:00:00,Lead,Lead,0.0
1060,Facebook,2025-02-14 03:00:00,Lead,MQL,0.0
1061,Organic,2025-02-14 04:00:00,Lead,Lead,0.0
1062,Referral,2025-02-14 05:00:00,Lead,Lead,0.0
1063,Email,2025-02-14 06:00:00,Lead,Lead,0.0
1064,Facebook,2025-02-14 07:00:00,Lead,Lead,0.0
1065,Facebook,2025-02-14 08:00:00,Lead,Lead,0.0
1066,Email,2025-02-14 09:00:00,Lead,Lead,0.0
1067,Google Ads,2025-02-14 10:00:00,Lead,MQL,0.0
1068,Google Ads,2025-02-14 11:00:00,Lead,Lead,0.0
1069,Google Ads,2025-02-14 12:00:00,Lead,MQL,0.0
1070,Google Ads,2025-02-14 13:00:00,Lead,MQL,0.0
1071,Google Ads,2025-02-14 14:00:00,Lead,Lead,0.0
1072,Google Ads,2025-02-14 15:00:00,Lead,MQL,0.0
1073,Google Ads,2025-02-14 16:00:00,Lead,MQL,0.0
1074,Google Ads,2025-02-14 17:00:00,Lead,MQL,0.0
1075,Referral,2025-02-14 18:00:00,Lead,MQL,0.0
1076,Facebook,2025-02-14 19:00:00,Lead,Lead,0.0
1077,Google Ads,2025-02-14 20:00:00,Lead,MQL,0.0
1078,Email,2025-02-14 21:00:00,Lead,Closed Lost,0.0
1079,Google Ads,2025-02-14 22:00:00,Lead,Closed Lost,0.0
1080,Organic,2025-02-14 23:00:00,Lead,MQL,0.0
1081,Email,2025-02-15 00:00:00,Lead,MQL,0.0
1082,Google Ads,2025-02-15 01:00:00,Lead,Lead,0.0
1083,Facebook,2025-02-15 02:00:00,Lead,MQL,0.0
1084,Organic,2025-02-15 03:00:00,Lead,Lead,0.0
1085,Organic,2025-02-15 04:00:00,Lead,SQL,0.0
1086,Facebook,2025-02-15 05:00:00,Lead,SQL,0.0
1087,Facebook,2025-02-15 06:00:00,Lead,Lead,0.0
1088,Google Ads,2025-02-15 07:00:00,Lead,Lead,0.0
1089,Referral,2025-02-15 08:00:00,Lead,Lead,0.0
1090,Google Ads,2025-02-15 09:00:00,Lead,Lead,0.0
1091,Organic,2025-02-15 10:00:00,Lead,MQL,0.0
1092,Facebook,2025-02-15 11:00:00,Lead,Lead,0.0
1093,Facebook,2025-02-15 12:00:00,Lead,Closed Lost,0.0
1094,Facebook,2025-02-15 13:00:00,Lead,Lead,0.0
1095,Google Ads,2025-02-15 14:00:00,Lead,Lead,0.0
1096,Google Ads,2025-02-15 15:00:00,Lead,MQL,0.0
1097,Google Ads,2025-02-15 16:00:00,Lead,Lead,0.0
1098,Google Ads,2025-02-15 17:00:00,Lead,MQL,0.0
1099,Email,2025-02-15 18:00:00,Lead,MQL,0.0
1100,Google Ads,2025-02-15 19:00:00,Lead,Lead,0.0
1101,Google Ads,2025-02-15 20:00:00,Lead,Lead,0.0
1102,Referral,2025-02-15 21:00:00,Lead,Lead,0.0
1103,Organic,2025-02-15 22:00:00,Lead,MQL,0.0
1104,Organic,2025-02-15 23:00:00,Lead,MQL,0.0
1105,Referral,2025-02-16 00:00:00,Lead,Lead,0.0
1106,Google Ads,2025-02-16 01:00:00,Lead,Lead,0.0
1107,Google Ads,2025-02-16 02:00:00,Lead,MQL,0.0
1108,Email,2025-02-16 03:00:00,Lead,Lead,0.0
1109,Email,2025-02-16 04:00:00,Lead,Lead,0.0
1110,Google Ads,2025-02-16 05:00:00,Lead,Closed Lost,0.0
1111,Organic,2025-02-16 06:00:00,Lead,Lead,0.0
1112,Google Ads,2025-02-16 07:00:00,Lead,SQL,0.0
1113,Google Ads,2025-02-16 08:00:00,Lead,Lead,0.0
1114,Facebook,2025-02-16 09:00:00,Lead,Lead,0.0
1115,Facebook,2025-02-16 10:00:00,Lead,Lead,0.0
1116,Facebook,2025-02-16 11:00:00,Lead,MQL,0.0
1117,Google Ads,2025-02-16 12:00:00,Lead,Lead,0.0
1118,Organic,2025-02-16 13:00:00,Lead,Lead,0.0
1119,Google Ads,2025-02-16 14:00:00,Lead,Closed Won,3934.976835662672
1120,Google Ads,2025-02-16 15:00:00,Lead,SQL,0.0
1121,Organic,2025-02-16 16:00:00,Lead,MQL,0.0
1122,Referral,2025-02-16 17:00:00,Lead,SQL,0.0
1123,Organic,2025-02-16 18:00:00,Lead,Closed Lost,0.0
1124,Organic,2025-02-16 19:00:00,Lead,SQL,0.0
1125,Email,2025-02-16 20:00:00,Lead,Lead,0.0
1126,Facebook,2025-02-16 21:00:00,Lead,MQL,0.0
1127,Google Ads,2025-02-16 22:00:00,Lead,Lead,0.0
1128,Facebook,2025-02-16 23:00:00,Lead,Lead,0.0
1129,Google Ads,2025-02-17 00:00:00,Lead,Lead,0.0
1130,Google Ads,2025-02-17 01:00:00,Lead,SQL,0.0
1131,Email,2025-02-17 02:00:00,Lead,Lead,0.0
1132,Facebook,2025-02-17 03:00:00,Lead,MQL,0.0
1133,Google Ads,2025-02-17 04:00:00,Lead,Lead,0.0
1134,Google Ads,2025-02-17 05:00:00,Lead,Lead,0.0
1135,Email,2025-02-17 06:00:00,Lead,Lead,0.0
1136,Google Ads,2025-02-17 07:00:00,Lead,Lead,0.0
1137,Organic,2025-02-17 08:00:00,Lead,MQL,0.0
1138,Facebook,2025-02-17 09:00:00,Lead,Lead,0.0
1139,Facebook,2025-02-17 10:00:00,Lead,SQL,0.0
1140,Facebook,2025-02-17 11:00:00,Lead,MQL,0.0
1141,Organic,2025-02-17 12:00:00,Lead,SQL,0.0
1142,Google Ads,2025-02-17 13:00:00,Lead,MQL,0.0
1143,Email,2025-02-17 14:00:00,Lead,Lead,0.0
1144,Facebook,2025-02-17 15:00:00,Lead,SQL,0.0
1145,Google Ads,2025-02-17 16:00:00,Lead,MQL,0.0
1146,Organic,2025-02-17 17:00:00,Lead,SQL,0.0
1147,Email,2025-02-17 18:00:00,Lead,Closed Lost,0.0
1148,Email,2025-02-17 19:00:00,Lead,Lead,0.0
1149,Organic,2025-02-17 20:00:00,Lead,SQL,0.0
1150,Organic,2025-02-17 21:00:00,Lead,Lead,0.0
1151,Email,2025-02-17 22:00:00,Lead,Lead,0.0
1152,Organic,2025-02-17 23:00:00,Lead,SQL,0.0
1153,Email,2025-02-18 00:00:00,Lead,Lead,0.0
1154,Email,2025-02-18 01:00:00,Lead,Lead,0.0
1155,Facebook,2025-02-18 02:00:00,Lead,Lead,0.0
1156,Email,2025-02-18 03:00:00,Lead,Lead,0.0
1157,Google Ads,2025-02-18 04:00:00,Lead,Lead,0.0
1158,Organic,2025-02-18 05:00:00,Lead,Lead,0.0
1159,Organic,2025-02-18 06:00:00,Lead,Lead,0.0
1160,Google Ads,2025-02-18 07:00:00,Lead,Lead,0.0
1161,Organic,2025-02-18 08:00:00,Lead,SQL,0.0
1162,Google Ads,2025-02-18 09:00:00,Lead,Lead,0.0
1163,Google Ads,2025-02-18 10:00:00,Lead,Lead,0.0
1164,Email,2025-02-18 11:00:00,Lead,SQL,0.0
1165,Google Ads,2025-02-18 12:00:00,Lead,SQL,0.0
1166,Organic,2025-02-18 13:00:00,Lead,Lead,0.0
1167,Organic,2025-02-18 14:00:00,Lead,MQL,0.0
1168,Facebook,2025-02-18 15:00:00,Lead,MQL,0.0
1169,Google Ads,2025-02-18 16:00:00,Lead,Lead,0.0
1170,Google Ads,2025-02-18 17:00:00,Lead,Closed Won,7151.26555478049
1171,Facebook,2025-02-18 18:00:00,Lead,SQL,0.0
1172,Referral,2025-02-18 19:00:00,Lead,Lead,0.0
1173,Facebook,2025-02-18 20:00:00,Lead,SQL,0.0
1174,Google Ads,2025-02-18 21:00:00,Lead,MQL,0.0
1175,Facebook,2025-02-18 22:00:00,Lead,MQL,0.0
1176,Facebook,2025-02-18 23:00:00,Lead,MQL,0.0
1177,Email,2025-02-19 00:00:00,Lead,MQL,0.0
1178,Google Ads,2025-02-19 01:00:00,Lead,SQL,0.0
1179,Email,2025-02-19 02:00:00,Lead,Lead,0.0
1180,Facebook,2025-02-19 03:00:00,Lead,Lead,0.0
1181,Referral,2025-02-19 04:00:00,Lead,MQL,0.0
1182,Google Ads,2025-02-19 05:00:00,Lead,MQL,0.0
1183,Facebook,2025-02-19 06:00:00,Lead,Lead,0.0
1184,Organic,2025-02-19 07:00:00,Lead,MQL,0.0
1185,Google Ads,2025-02-19 08:00:00,Lead,Lead,0.0
1186,Organic,2025-02-19 09:00:00,Lead,MQL,0.0
1187,Email,2025-02-19 10:00:00,Lead,MQL,0.0
1188,Google Ads,2025-02-19 11:00:00,Lead,SQL,0.0
1189,Google Ads,2025-02-19 12:00:00,Lead,Lead,0.0
1190,Email,2025-02-19 13:00:00,Lead,Lead,0.0
1191,Google Ads,2025-02-19 14:00:00,Lead,Lead,0.0
1192,Facebook,2025-02-19 15:00:00,Lead,SQL,0.0
1193,Google Ads,2025-02-19 16:00:00,Lead,Lead,0.0
1194,Facebook,2025-02-19 17:00:00,Lead,SQL,0.0
1195,Google Ads,2025-02-19 18:00:00,Lead,MQL,0.0
1196,Organic,2025-02-19 19:00:00,Lead,Lead,0.0
1197,Referral,2025-02-19 20:00:00,Lead,Lead,0.0
1198,Referral,2025-02-19 21:00:00,Lead,Lead,0.0
1199,Email,2025-02-19 22:00:00,Lead,MQL,0.0
1200,Google Ads,2025-02-19 23:00:00,Lead,Lead,0.0
1201,Email,2025-02-20 00:00:00,Lead,MQL,0.0
1202,Google Ads,2025-02-20 01:00:00,Lead,MQL,0.0
1203,Google Ads,2025-02-20 02:00:00,Lead,Lead,0.0
1204,Google Ads,2025-02-20 03:00:00,Lead,Lead,0.0
1205,Facebook,2025-02-20 04:00:00,Lead,MQL,0.0
1206,Email,2025-02-20 05:00:00,Lead,Lead,0.0
1207,Email,2025-02-20 06:00:00,Lead,Lead,0.0
1208,Facebook,2025-02-20 07:00:00,Lead,SQL,0.0
1209,Google Ads,2025-02-20 08:00:00,Lead,Lead,0.0
1210,Referral,2025-02-20 09:00:00,Lead,Lead,0.0
1211,Facebook,2025-02-20 10:00:00,Lead,Lead,0.0
1212,Facebook,2025-02-20 11:00:00,Lead,Lead,0.0
1213,Google Ads,2025-02-20 12:00:00,Lead,Lead,0.0
1214,Email,2025-02-20 13:00:00,Lead,SQL,0.0
1215,Email,2025-02-20 14:00:00,Lead,Lead,0.0
1216,Google Ads,2025-02-20 15:00:00,Lead,Lead,0.0
1217,Google Ads,2025-02-20 16:00:00,Lead,Lead,0.0
1218,Email,2025-02-20 17:00:00,Lead,Lead,0.0
1219,Email,2025-02-20 18:00:00,Lead,Lead,0.0
1220,Google Ads,2025-02-20 19:00:00,Lead,SQL,0.0
1221,Referral,2025-02-20 20:00:00,Lead,Lead,0.0
1222,Google Ads,2025-02-20 21:00:00,Lead,MQL,0.0
1223,Facebook,2025-02-20 22:00:00,Lead,SQL,0.0
1224,Organic,2025-02-20 23:00:00,Lead,MQL,0.0
1225,Facebook,2025-02-21 00:00:00,Lead,MQL,0.0
1226,Facebook,2025-02-21 01:00:00,Lead,MQL,0.0
1227,Google Ads,2025-02-21 02:00:00,Lead,Lead,0.0
1228,Google Ads,2025-02-21 03:00:00,Lead,Lead,0.0
1229,Referral,2025-02-21 04:00:00,Lead,Closed Lost,0.0
1230,Facebook,2025-02-21 05:00:00,Lead,Lead,0.0
1231,Organic,2025-02-21 06:00:00,Lead,Lead,0.0
1232,Google Ads,2025-02-21 07:00:00,Lead,Lead,0.0
1233,Google Ads,2025-02-21 08:00:00,Lead,Closed Lost,0.0
1234,Google Ads,2025-02-21 09:00:00,Lead,SQL,0.0
1235,Email,2025-02-21 10:00:00,Lead,Lead,0.0
1236,Google Ads,2025-02-21 11:00:00,Lead,Lead,0.0
1237,Organic,2025-02-21 12:00:00,Lead,SQL,0.0
1238,Facebook,2025-02-21 13:00:00,Lead,Lead,0.0
1239,Referral,2025-02-21 14:00:00,Lead,MQL,0.0
1240,Google Ads,2025-02-21 15:00:00,Lead,Lead,0.0
1241,Organic,2025-02-21 16:00:00,Lead,MQL,0.0
1242,Email,2025-02-21 17:00:00,Lead,SQL,0.0
1243,Email,2025-02-21 18:00:00,Lead,MQL,0.0
1244,Organic,2025-02-21 19:00:00,Lead,Lead,0.0
1245,Email,2025-02-21 20:00:00,Lead,MQL,0.0
1246,Facebook,2025-02-21 21:00:00,Lead,Lead,0.0
1247,Google Ads,2025-02-21 22:00:00,Lead,Lead,0.0
1248,Google Ads,2025-02-21 23:00:00,Lead,Lead,0.0
1249,Organic,2025-02-22 00:00:00,Lead,MQL,0.0
1250,Facebook,2025-02-22 01:00:00,Lead,Lead,0.0
1251,Email,2025-02-22 02:00:00,Lead,Lead,0.0
1252,Facebook,2025-02-22 03:00:00,Lead,MQL,0.0
1253,Google Ads,2025-02-22 04:00:00,Lead,MQL,0.0
1254,Google Ads,2025-02-22 05:00:00,Lead,Lead,0.0
1255,Email,2025-02-22 06:00:00,Lead,Lead,0.0
1256,Facebook,2025-02-22 07:00:00,Lead,Lead,0.0
1257,Google Ads,2025-02-22 08:00:00,Lead,Closed Won,2390.8621336515826
1258,Facebook,2025-02-22 09:00:00,Lead,MQL,0.0
1259,Google Ads,2025-02-22 10:00:00,Lead,Lead,0.0
1260,Facebook,2025-02-22 11:00:00,Lead,MQL,0.0
1261,Google Ads,2025-02-22 12:00:00,Lead,Lead,0.0
1262,Email,2025-02-22 13:00:00,Lead,Lead,0.0
1263,Google Ads,2025-02-22 14:00:00,Lead,Lead,0.0
1264,Facebook,2025-02-22 15:00:00,Lead,MQL,0.0
1265,Google Ads,2025-02-22 16:00:00,Lead,Lead,0.0
1266,Google Ads,2025-02-22 17:00:00,Lead,Closed Lost,0.0
1267,Google Ads,2025-02-22 18:00:00,Lead,Lead,0.0
1268,Facebook,2025-02-22 19:00:00,Lead,MQL,0.0
1269,Facebook,2025-02-22 20:00:00,Lead,Lead,0.0
1270,Google Ads,2025-02-22 21:00:00,Lead,Closed Won,7199.66358678287
1271,Email,2025-02-22 22:00:00,Lead,Lead,0.0
1272,Organic,2025-02-22 23:00:00,Lead,SQL,0.0
1273,Email,2025-02-23 00:00:00,Lead,Lead,0.0
1274,Google Ads,2025-02-23 01:00:00,Lead,Lead,0.0
1275,Facebook,2025-02-23 02:00:00,Lead,Lead,0.0
1276,Google Ads,2025-02-23 03:00:00,Lead,MQL,0.0
1277,Google Ads,2025-02-23 04:00:00,Lead,Lead,0.0
1278,Referral,2025-02-23 05:00:00,Lead,MQL,0.0
1279,Google Ads,2025-02-23 06:00:00,Lead,Lead,0.0
1280,Facebook,2025-02-23 07:00:00,Lead,Lead,0.0
1281,Facebook,2025-02-23 08:00:00,Lead,MQL,0.0
1282,Email,2025-02-23 09:00:00,Lead,Lead,0.0
1283,Facebook,2025-02-23 10:00:00,Lead,SQL,0.0
1284,Google Ads,2025-02-23 11:00:00,Lead,Lead,0.0
1285,Google Ads,2025-02-23 12:00:00,Lead,SQL,0.0
1286,Facebook,2025-02-23 13:00:00,Lead,Lead,0.0
1287,Google Ads,2025-02-23 14:00:00,Lead,Lead,0.0
1288,Google Ads,2025-02-23 15:00:00,Lead,Lead,0.0
1289,Google Ads,2025-02-23 16:00:00,Lead,MQL,0.0
1290,Google Ads,2025-02-23 17:00:00,Lead,MQL,0.0
1291,Google Ads,2025-02-23 18:00:00,Lead,Lead,0.0
1292,Google Ads,2025-02-23 19:00:00,Lead,MQL,0.0
1293,Facebook,2025-02-23 20:00:00,Lead,Lead,0.0
1294,Email,2025-02-23 21:00:00,Lead,SQL,0.0
1295,Organic,2025-02-23 22:00:00,Lead,MQL,0.0
1296,Google Ads,2025-02-23 23:00:00,Lead,MQL,0.0
1297,Google Ads,2025-02-24 00:00:00,Lead,SQL,0.0
1298,Google Ads,2025-02-24 01:00:00,Lead,Lead,0.0
1299,Facebook,2025-02-24 02:00:00,Lead,SQL,0.0
1300,Email,2025-02-24 03:00:00,Lead,Lead,0.0
1301,Google Ads,2025-02-24 04:00:00,Lead,Lead,0.0
1302,Organic,2025-02-24 05:00:00,Lead,Lead,0.0
1303,Google Ads,2025-02-24 06:00:00,Lead,Lead,0.0
1304,Facebook,2025-02-24 07:00:00,Lead,MQL,0.0
1305,Email,2025-02-24 08:00:00,Lead,Lead,0.0
1306,Organic,2025-02-24 09:00:00,Lead,Closed Won,2886.17630296323
1307,Email,2025-02-24 10:00:00,Lead,MQL,0.0
1308,Organic,2025-02-24 11:00:00,Lead,Lead,0.0
1309,Google Ads,2025-02-24 12:00:00,Lead,Lead,0.0
1310,Organic,2025-02-24 13:00:00,Lead,SQL,0.0
1311,Google Ads,2025-02-24 14:00:00,Lead,MQL,0.0
1312,Organic,2025-02-24 15:00:00,Lead,Lead,0.0
1313,Facebook,2025-02-24 16:00:00,Lead,SQL,0.0
1314,Organic,2025-02-24 17:00:00,Lead,Lead,0.0
1315,Facebook,2025-02-24 18:00:00,Lead,Lead,0.0
1316,Facebook,2025-02-24 19:00:00,Lead,Lead,0.0
1317,Facebook,2025-02-24 20:00:00,Lead,MQL,0.0
1318,Email,2025-02-24 21:00:00,Lead,SQL,0.0
1319,Google Ads,2025-02-24 22:00:00,Lead,Lead,0.0
1320,Google Ads,2025-02-24 23:00:00,Lead,Closed Won,6685.140930643643
1321,Google Ads,2025-02-25 00:00:00,Lead,Lead,0.0
1322,Google Ads,2025-02-25 01:00:00,Lead,Lead,0.0
1323,Organic,2025-02-25 02:00:00,Lead,Lead,0.0
1324,Google Ads,2025-02-25 03:00:00,Lead,Lead,0.0
1325,Referral,2025-02-25 04:00:00,Lead,MQL,0.0
1326,Google Ads,2025-02-25 05:00:00,Lead,Lead,0.0
1327,Google Ads,2025-02-25 06:00:00,Lead,Lead,0.0
1328,Email,2025-02-25 07:00:00,Lead,Lead,0.0
1329,Email,2025-02-25 08:00:00,Lead,MQL,0.0
1330,Facebook,2025-02-25 09:00:00,Lead,MQL,0.0
1331,Facebook,2025-02-25 10:00:00,Lead,SQL,0.0
1332,Email,2025-02-25 11:00:00,Lead,Lead,0.0
1333,Google Ads,2025-02-25 12:00:00,Lead,MQL,0.0
1334,Referral,2025-02-25 13:00:00,Lead,MQL,0.0
1335,Referral,2025-02-25 14:00:00,Lead,Lead,0.0
1336,Email,2025-02-25 15:00:00,Lead,MQL,0.0
1337,Google Ads,2025-02-25 16:00:00,Lead,Lead,0.0
1338,Email,2025-02-25 17:00:00,Lead,Lead,0.0
1339,Google Ads,2025-02-25 18:00:00,Lead,Lead,0.0
1340,Google Ads,2025-02-25 19:00:00,Lead,MQL,0.0
1341,Google Ads,2025-02-25 20:00:00,Lead,Lead,0.0
1342,Facebook,2025-02-25 21:00:00,Lead,MQL,0.0
1343,Organic,2025-02-25 22:00:00,Lead,MQL,0.0
1344,Email,2025-02-25 23:00:00,Lead,Lead,0.0
1345,Email,2025-02-26 00:00:00,Lead,Closed Lost,0.0
1346,Facebook,2025-02-26 01:00:00,Lead,Lead,0.0
1347,Google Ads,2025-02-26 02:00:00,Lead,Lead,0.0
1348,Google Ads,2025-02-26 03:00:00,Lead,MQL,0.0
1349,Referral,2025-02-26 04:00:00,Lead,Lead,0.0
1350,Google Ads,2025-02-26 05:00:00,Lead,Lead,0.0
1351,Organic,2025-02-26 06:00:00,Lead,MQL,0.0
1352,Facebook,2025-02-26 07:00:00,Lead,Lead,0.0
1353,Facebook,2025-02-26 08:00:00,Lead,Lead,0.0
1354,Email,2025-02-26 09:00:00,Lead,MQL,0.0
1355,Facebook,2025-02-26 10:00:00,Lead,Lead,0.0
1356,Organic,2025-02-26 11:00:00,Lead,MQL,0.0
1357,Organic,2025-02-26 12:00:00,Lead,Lead,0.0
1358,Facebook,2025-02-26 13:00:00,Lead,MQL,0.0
1359,Google Ads,2025-02-26 14:00:00,Lead,Lead,0.0
1360,Facebook,2025-02-26 15:00:00,Lead,Lead,0.0
1361,Organic,2025-02-26 16:00:00,Lead,SQL,0.0
1362,Google Ads,2025-02-26 17:00:00,Lead,MQL,0.0
1363,Facebook,2025-02-26 18:00:00,Lead,SQL,0.0
1364,Facebook,2025-02-26 19:00:00,Lead,MQL,0.0
1365,Email,2025-02-26 20:00:00,Lead,MQL,0.0
1366,Google Ads,2025-02-26 21:00:00,Lead,MQL,0.0
1367,Email,2025-02-26 22:00:00,Lead,Lead,0.0
1368,Organic,2025-02-26 23:00:00,Lead,MQL,0.0
1369,Google Ads,2025-02-27 00:00:00,Lead,MQL,0.0
1370,Google Ads,2025-02-27 01:00:00,Lead,Lead,0.0
1371,Referral,2025-02-27 02:00:00,Lead,Lead,0.0
1372,Google Ads,2025-02-27 03:00:00,Lead,Lead,0.0
1373,Organic,2025-02-27 04:00:00,Lead,Closed Lost,0.0
1374,Facebook,2025-02-27 05:00:00,Lead,MQL,0.0
1375,Google Ads,2025-02-27 06:00:00,Lead,SQL,0.0
1376,Organic,2025-02-27 07:00:00,Lead,Lead,0.0
1377,Facebook,2025-02-27 08:00:00,Lead,Lead,0.0
1378,Facebook,2025-02-27 09:00:00,Lead,MQL,0.0
1379,Google Ads,2025-02-27 10:00:00,Lead,SQL,0.0
1380,Facebook,2025-02-27 11:00:00,Lead,Lead,0.0
1381,Google Ads,2025-02-27 12:00:00,Lead,SQL,0.0
1382,Google Ads,2025-02-27 13:00:00,Lead,MQL,0.0
1383,Referral,2025-02-27 14:00:00,Lead,Lead,0.0
1384,Google Ads,2025-02-27 15:00:00,Lead,MQL,0.0
1385,Email,2025-02-27 16:00:00,Lead,Lead,0.0
1386,Google Ads,2025-02-27 17:00:00,Lead,MQL,0.0
1387,Email,2025-02-27 18:00:00,Lead,MQL,0.0
1388,Google Ads,2025-02-27 19:00:00,Lead,MQL,0.0
1389,Referral,2025-02-27 20:00:00,Lead,SQL,0.0
1390,Facebook,2025-02-27 21:00:00,Lead,MQL,0.0
1391,Google Ads,2025-02-27 22:00:00,Lead,SQL,0.0
1392,Google Ads,2025-02-27 23:00:00,Lead,Lead,0.0
1393,Google Ads,2025-02-28 00:00:00,Lead,MQL,0.0
1394,Facebook,2025-02-28 01:00:00,Lead,Lead,0.0
1395,Google Ads,2025-02-28 02:00:00,Lead,Lead,0.0
1396,Organic,2025-02-28 03:00:00,Lead,MQL,0.0
1397,Facebook,2025-02-28 04:00:00,Lead,Lead,0.0
1398,Google Ads,2025-02-28 05:00:00,Lead,Lead,0.0
1399,Facebook,2025-02-28 06:00:00,Lead,Lead,0.0
1400,Email,2025-02-28 07:00:00,Lead,MQL,0.0
1401,Google Ads,2025-02-28 08:00:00,Lead,Lead,0.0
1402,Google Ads,2025-02-28 09:00:00,Lead,Lead,0.0
1403,Google Ads,2025-02-28 10:00:00,Lead,MQL,0.0
1404,Email,2025-02-28 11:00:00,Lead,Lead,0.0
1405,Email,2025-02-28 12:00:00,Lead,Lead,0.0
1406,Facebook,2025-02-28 13:00:00,Lead,Lead,0.0
1407,Organic,2025-02-28 14:00:00,Lead,Lead,0.0
1408,Organic,2025-02-28 15:00:00,Lead,MQL,0.0
1409,Facebook,2025-02-28 16:00:00,Lead,MQL,0.0
1410,Organic,2025-02-28 17:00:00,Lead,MQL,0.0
1411,Google Ads,2025-02-28 18:00:00,Lead,Lead,0.0
1412,Google Ads,2025-02-28 19:00:00,Lead,SQL,0.0
1413,Google Ads,2025-02-28 20:00:00,Lead,Closed Lost,0.0
1414,Google Ads,2025-02-28 21:00:00,Lead,Lead,0.0
1415,Facebook,2025-02-28 22:00:00,Lead,Lead,0.0
1416,Organic,2025-02-28 23:00:00,Lead,MQL,0.0
1417,Google Ads,2025-03-01 00:00:00,Lead,Closed Lost,0.0
1418,Google Ads,2025-03-01 01:00:00,Lead,MQL,0.0
1419,Facebook,2025-03-01 02:00:00,Lead,SQL,0.0
1420,Organic,2025-03-01 03:00:00,Lead,Lead,0.0
1421,Google Ads,2025-03-01 04:00:00,Lead,Lead,0.0
1422,Facebook,2025-03-01 05:00:00,Lead,Lead,0.0
1423,Google Ads,2025-03-01 06:00:00,Lead,Lead,0.0
1424,Google Ads,2025-03-01 07:00:00,Lead,MQL,0.0
1425,Referral,2025-03-01 08:00:00,Lead,Lead,0.0
1426,Referral,2025-03-01 09:00:00,Lead,MQL,0.0
1427,Google Ads,2025-03-01 10:00:00,Lead,Lead,0.0
1428,Referral,2025-03-01 11:00:00,Lead,MQL,0.0
1429,Facebook,2025-03-01 12:00:00,Lead,Lead,0.0
1430,Organic,2025-03-01 13:00:00,Lead,Closed Lost,0.0
1431,Facebook,2025-03-01 14:00:00,Lead,Lead,0.0
1432,Facebook,2025-03-01 15:00:00,Lead,Closed Lost,0.0
1433,Facebook,2025-03-01 16:00:00,Lead,Lead,0.0
1434,Email,2025-03-01 17:00:00,Lead,MQL,0.0
1435,Google Ads,2025-03-01 18:00:00,Lead,Lead,0.0
1436,Google Ads,2025-03-01 19:00:00,Lead,MQL,0.0
1437,Google Ads,2025-03-01 20:00:00,Lead,Closed Lost,0.0
1438,Email,2025-03-01 21:00:00,Lead,SQL,0.0
1439,Google Ads,2025-03-01 22:00:00,Lead,Lead,0.0
1440,Email,2025-03-01 23:00:00,Lead,Lead,0.0
1441,Referral,2025-03-02 00:00:00,Lead,Closed Won,6015.491146062582
1442,Google Ads,2025-03-02 01:00:00,Lead,Lead,0.0
1443,Email,2025-03-02 02:00:00,Lead,Lead,0.0
1444,Facebook,2025-03-02 03:00:00,Lead,Lead,0.0
1445,Organic,2025-03-02 04:00:00,Lead,Lead,0.0
1446,Google Ads,2025-03-02 05:00:00,Lead,SQL,0.0
1447,Email,2025-03-02 06:00:00,Lead,SQL,0.0
1448,Organic,2025-03-02 07:00:00,Lead,SQL,0.0
1449,Organic,2025-03-02 08:00:00,Lead,Lead,0.0
1450,Email,2025-03-02 09:00:00,Lead,SQL,0.0
1451,Facebook,2025-03-02 10:00:00,Lead,MQL,0.0
1452,Facebook,2025-03-02 11:00:00,Lead,SQL,0.0
1453,Organic,2025-03-02 12:00:00,Lead,Lead,0.0
1454,Facebook,2025-03-02 13:00:00,Lead,Closed Won,7334.156656290625
1455,Google Ads,2025-03-02 14:00:00,Lead,Lead,0.0
1456,Organic,2025-03-02 15:00:00,Lead,Lead,0.0
1457,Email,2025-03-02 16:00:00,Lead,SQL,0.0
1458,Email,2025-03-02 17:00:00,Lead,MQL,0.0
1459,Google Ads,2025-03-02 18:00:00,Lead,Lead,0.0
1460,Email,2025-03-02 19:00:00,Lead,Lead,0.0
1461,Google Ads,2025-03-02 20:00:00,Lead,MQL,0.0
1462,Email,2025-03-02 21:00:00,Lead,MQL,0.0
1463,Google Ads,2025-03-02 22:00:00,Lead,MQL,0.0
1464,Email,2025-03-02 23:00:00,Lead,Lead,0.0
1465,Referral,2025-03-03 00:00:00,Lead,MQL,0.0
1466,Google Ads,2025-03-03 01:00:00,Lead,Lead,0.0
1467,Referral,2025-03-03 02:00:00,Lead,MQL,0.0
1468,Facebook,2025-03-03 03:00:00,Lead,MQL,0.0
1469,Organic,2025-03-03 04:00:00,Lead,Lead,0.0
1470,Email,2025-03-03 05:00:00,Lead,SQL,0.0
1471,Facebook,2025-03-03 06:00:00,Lead,SQL,0.0
1472,Email,2025-03-03 07:00:00,Lead,SQL,0.0
1473,Organic,2025-03-03 08:00:00,Lead,Closed Lost,0.0
1474,Facebook,2025-03-03 09:00:00,Lead,Lead,0.0
1475,Google Ads,2025-03-03 10:00:00,Lead,Closed Lost,0.0
1476,Email,2025-03-03 11:00:00,Lead,Closed Lost,0.0
1477,Organic,2025-03-03 12:00:00,Lead,Lead,0.0
1478,Email,2025-03-03 13:00:00,Lead,Lead,0.0
1479,Email,2025-03-03 14:00:00,Lead,Lead,0.0
1480,Facebook,2025-03-03 15:00:00,Lead,SQL,0.0
1481,Organic,2025-03-03 16:00:00,Lead,Lead,0.0
1482,Google Ads,2025-03-03 17:00:00,Lead,Lead,0.0
1483,Facebook,2025-03-03 18:00:00,Lead,Lead,0.0
1484,Google Ads,2025-03-03 19:00:00,Lead,Lead,0.0
1485,Google Ads,2025-03-03 20:00:00,Lead,Lead,0.0
1486,Google Ads,2025-03-03 21:00:00,Lead,Lead,0.0
1487,Google Ads,2025-03-03 22:00:00,Lead,Lead,0.0
1488,Email,2025-03-03 23:00:00,Lead,MQL,0.0
1489,Google Ads,2025-03-04 00:00:00,Lead,Lead,0.0
1490,Facebook,2025-03-04 01:00:00,Lead,MQL,0.0
1491,Google Ads,2025-03-04 02:00:00,Lead,Lead,0.0
1492,Google Ads,2025-03-04 03:00:00,Lead,MQL,0.0
1493,Google Ads,2025-03-04 04:00:00,Lead,MQL,0.0
1494,Google Ads,2025-03-04 05:00:00,Lead,Lead,0.0
1495,Facebook,2025-03-04 06:00:00,Lead,SQL,0.0
1496,Email,2025-03-04 07:00:00,Lead,SQL,0.0
1497,Facebook,2025-03-04 08:00:00,Lead,SQL,0.0
1498,Facebook,2025-03-04 09:00:00,Lead,Lead,0.0
1499,Google Ads,2025-03-04 10:00:00,Lead,Lead,0.0
1500,Organic,2025-03-04 11:00:00,Lead,Lead,0.0
1501,Facebook,2025-03-04 12:00:00,Lead,Closed Lost,0.0
1502,Facebook,2025-03-04 13:00:00,Lead,Lead,0.0
1503,Google Ads,2025-03-04 14:00:00,Lead,Lead,0.0
1504,Google Ads,2025-03-04 15:00:00,Lead,Lead,0.0
1505,Google Ads,2025-03-04 16:00:00,Lead,MQL,0.0
1506,Google Ads,2025-03-04 17:00:00,Lead,SQL,0.0
1507,Facebook,2025-03-04 18:00:00,Lead,MQL,0.0
1508,Facebook,2025-03-04 19:00:00,Lead,Lead,0.0
1509,Facebook,2025-03-04 20:00:00,Lead,MQL,0.0
1510,Email,2025-03-04 21:00:00,Lead,Lead,0.0
1511,Organic,2025-03-04 22:00:00,Lead,MQL,0.0
1512,Email,2025-03-04 23:00:00,Lead,Lead,0.0
1513,Referral,2025-03-05 00:00:00,Lead,Lead,0.0
1514,Google Ads,2025-03-05 01:00:00,Lead,Lead,0.0
1515,Google Ads,2025-03-05 02:00:00,Lead,Lead,0.0
1516,Google Ads,2025-03-05 03:00:00,Lead,Lead,0.0
1517,Facebook,2025-03-05 04:00:00,Lead,SQL,0.0
1518,Organic,2025-03-05 05:00:00,Lead,MQL,0.0
1519,Google Ads,2025-03-05 06:00:00,Lead,Lead,0.0
1520,Organic,2025-03-05 07:00:00,Lead,Closed Lost,0.0
1521,Google Ads,2025-03-05 08:00:00,Lead,Lead,0.0
1522,Organic,2025-03-05 09:00:00,Lead,Lead,0.0
1523,Google Ads,2025-03-05 10:00:00,Lead,Closed Lost,0.0
1524,Google Ads,2025-03-05 11:00:00,Lead,Lead,0.0
1525,Facebook,2025-03-05 12:00:00,Lead,Lead,0.0
1526,Google Ads,2025-03-05 13:00:00,Lead,Lead,0.0
1527,Google Ads,2025-03-05 14:00:00,Lead,SQL,0.0
1528,Google Ads,2025-03-05 15:00:00,Lead,Lead,0.0
1529,Organic,2025-03-05 16:00:00,Lead,MQL,0.0
1530,Facebook,2025-03-05 17:00:00,Lead,Lead,0.0
1531,Google Ads,2025-03-05 18:00:00,Lead,MQL,0.0
1532,Facebook,2025-03-05 19:00:00,Lead,MQL,0.0
1533,Email,2025-03-05 20:00:00,Lead,Lead,0.0
1534,Google Ads,2025-03-05 21:00:00,Lead,Lead,0.0
1535,Facebook,2025-03-05 22:00:00,Lead,MQL,0.0
1536,Google Ads,2025-03-05 23:00:00,Lead,SQL,0.0
1537,Google Ads,2025-03-06 00:00:00,Lead,Lead,0.0
1538,Email,2025-03-06 01:00:00,Lead,SQL,0.0
1539,Google Ads,2025-03-06 02:00:00,Lead,Lead,0.0
1540,Facebook,2025-03-06 03:00:00,Lead,SQL,0.0
1541,Email,2025-03-06 04:00:00,Lead,MQL,0.0
1542,Google Ads,2025-03-06 05:00:00,Lead,Lead,0.0
1543,Facebook,2025-03-06 06:00:00,Lead,MQL,0.0
1544,Google Ads,2025-03-06 07:00:00,Lead,Lead,0.0
1545,Referral,2025-03-06 08:00:00,Lead,Lead,0.0
1546,Facebook,2025-03-06 09:00:00,Lead,SQL,0.0
1547,Organic,2025-03-06 10:00:00,Lead,Lead,0.0
1548,Facebook,2025-03-06 11:00:00,Lead,Closed Won,5370.095676630398
1549,Google Ads,2025-03-06 12:00:00,Lead,Lead,0.0
1550,Facebook,2025-03-06 13:00:00,Lead,SQL,0.0
1551,Referral,2025-03-06 14:00:00,Lead,MQL,0.0
1552,Facebook,2025-03-06 15:00:00,Lead,Lead,0.0
1553,Organic,2025-03-06 16:00:00,Lead,MQL,0.0
1554,Organic,2025-03-06 17:00:00,Lead,Lead,0.0
1555,Google Ads,2025-03-06 18:00:00,Lead,SQL,0.0
1556,Google Ads,2025-03-06 19:00:00,Lead,Lead,0.0
1557,Facebook,2025-03-06 20:00:00,Lead,Lead,0.0
1558,Facebook,2025-03-06 21:00:00,Lead,MQL,0.0
1559,Organic,2025-03-06 22:00:00,Lead,MQL,0.0
1560,Organic,2025-03-06 23:00:00,Lead,Lead,0.0
1561,Google Ads,2025-03-07 00:00:00,Lead,Lead,0.0
1562,Google Ads,2025-03-07 01:00:00,Lead,Lead,0.0
1563,Email,2025-03-07 02:00:00,Lead,Lead,0.0
1564,Google Ads,2025-03-07 03:00:00,Lead,Lead,0.0
1565,Organic,2025-03-07 04:00:00,Lead,MQL,0.0
1566,Facebook,2025-03-07 05:00:00,Lead,Lead,0.0
1567,Email,2025-03-07 06:00:00,Lead,MQL,0.0
1568,Google Ads,2025-03-07 07:00:00,Lead,MQL,0.0
1569,Facebook,2025-03-07 08:00:00,Lead,Lead,0.0
1570,Facebook,2025-03-07 09:00:00,Lead,MQL,0.0
1571,Facebook,2025-03-07 10:00:00,Lead,MQL,0.0
1572,Google Ads,2025-03-07 11:00:00,Lead,Lead,0.0
1573,Email,2025-03-07 12:00:00,Lead,Closed Lost,0.0
1574,Organic,2025-03-07 13:00:00,Lead,Closed Lost,0.0
1575,Google Ads,2025-03-07 14:00:00,Lead,MQL,0.0
1576,Google Ads,2025-03-07 15:00:00,Lead,MQL,0.0
1577,Google Ads,2025-03-07 16:00:00,Lead,Lead,0.0
1578,Facebook,2025-03-07 17:00:00,Lead,Lead,0.0
1579,Facebook,2025-03-07 18:00:00,Lead,Lead,0.0
1580,Facebook,2025-03-07 19:00:00,Lead,Lead,0.0
1581,Google Ads,2025-03-07 20:00:00,Lead,Lead,0.0
1582,Google Ads,2025-03-07 21:00:00,Lead,Lead,0.0
1583,Facebook,2025-03-07 22:00:00,Lead,SQL,0.0
1584,Facebook,2025-03-07 23:00:00,Lead,Lead,0.0
1585,Referral,2025-03-08 00:00:00,Lead,SQL,0.0
1586,Google Ads,2025-03-08 01:00:00,Lead,MQL,0.0
1587,Email,2025-03-08 02:00:00,Lead,Lead,0.0
1588,Facebook,2025-03-08 03:00:00,Lead,Lead,0.0
1589,Facebook,2025-03-08 04:00:00,Lead,Lead,0.0
1590,Email,2025-03-08 05:00:00,Lead,Lead,0.0
1591,Email,2025-03-08 06:00:00,Lead,Lead,0.0
1592,Referral,2025-03-08 07:00:00,Lead,MQL,0.0
1593,Google Ads,2025-03-08 08:00:00,Lead,SQL,0.0
1594,Google Ads,2025-03-08 09:00:00,Lead,MQL,0.0
1595,Email,2025-03-08 10:00:00,Lead,Closed Won,6481.792373609764
1596,Facebook,2025-03-08 11:00:00,Lead,MQL,0.0
1597,Google Ads,2025-03-08 12:00:00,Lead,Closed Lost,0.0
1598,Google Ads,2025-03-08 13:00:00,Lead,Lead,0.0
1599,Google Ads,2025-03-08 14:00:00,Lead,Lead,0.0
1600,Organic,2025-03-08 15:00:00,Lead,Lead,0.0
1601,Google Ads,2025-03-08 16:00:00,Lead,Lead,0.0
1602,Google Ads,2025-03-08 17:00:00,Lead,Lead,0.0
1603,Google Ads,2025-03-08 18:00:00,Lead,MQL,0.0
1604,Google Ads,2025-03-08 19:00:00,Lead,Lead,0.0
1605,Google Ads,2025-03-08 20:00:00,Lead,Lead,0.0
1606,Facebook,2025-03-08 21:00:00,Lead,MQL,0.0
1607,Google Ads,2025-03-08 22:00:00,Lead,Lead,0.0
1608,Organic,2025-03-08 23:00:00,Lead,SQL,0.0
1609,Google Ads,2025-03-09 00:00:00,Lead,Lead,0.0
1610,Facebook,2025-03-09 01:00:00,Lead,Lead,0.0
1611,Organic,2025-03-09 02:00:00,Lead,Lead,0.0
1612,Email,2025-03-09 03:00:00,Lead,Lead,0.0
1613,Facebook,2025-03-09 04:00:00,Lead,SQL,0.0
1614,Google Ads,2025-03-09 05:00:00,Lead,Lead,0.0
1615,Google Ads,2025-03-09 06:00:00,Lead,MQL,0.0
1616,Email,2025-03-09 07:00:00,Lead,Lead,0.0
1617,Referral,2025-03-09 08:00:00,Lead,Closed Lost,0.0
1618,Email,2025-03-09 09:00:00,Lead,MQL,0.0
1619,Facebook,2025-03-09 10:00:00,Lead,Lead,0.0
1620,Email,2025-03-09 11:00:00,Lead,Lead,0.0
1621,Facebook,2025-03-09 12:00:00,Lead,Lead,0.0
1622,Google Ads,2025-03-09 13:00:00,Lead,MQL,0.0
1623,Facebook,2025-03-09 14:00:00,Lead,MQL,0.0
1624,Referral,2025-03-09 15:00:00,Lead,MQL,0.0
1625,Google Ads,2025-03-09 16:00:00,Lead,Lead,0.0
1626,Email,2025-03-09 17:00:00,Lead,SQL,0.0
1627,Google Ads,2025-03-09 18:00:00,Lead,Lead,0.0
1628,Facebook,2025-03-09 19:00:00,Lead,MQL,0.0
1629,Google Ads,2025-03-09 20:00:00,Lead,Closed Won,5688.806272399293
1630,Facebook,2025-03-09 21:00:00,Lead,Lead,0.0
1631,Email,2025-03-09 22:00:00,Lead,Lead,0.0
1632,Google Ads,2025-03-09 23:00:00,Lead,MQL,0.0
1633,Email,2025-03-10 00:00:00,Lead,MQL,0.0
1634,Email,2025-03-10 01:00:00,Lead,MQL,0.0
1635,Organic,2025-03-10 02:00:00,Lead,Lead,0.0
1636,Google Ads,2025-03-10 03:00:00,Lead,MQL,0.0
1637,Google Ads,2025-03-10 04:00:00,Lead,MQL,0.0
1638,Google Ads,2025-03-10 05:00:00,Lead,MQL,0.0
1639,Referral,2025-03-10 06:00:00,Lead,MQL,0.0
1640,Organic,2025-03-10 07:00:00,Lead,SQL,0.0
1641,Facebook,2025-03-10 08:00:00,Lead,Lead,0.0
1642,Organic,2025-03-10 09:00:00,Lead,SQL,0.0
1643,Facebook,2025-03-10 10:00:00,Lead,Lead,0.0
1644,Facebook,2025-03-10 11:00:00,Lead,Lead,0.0
1645,Google Ads,2025-03-10 12:00:00,Lead,Lead,0.0
1646,Email,2025-03-10 13:00:00,Lead,MQL,0.0
1647,Google Ads,2025-03-10 14:00:00,Lead,MQL,0.0
1648,Organic,2025-03-10 15:00:00,Lead,Lead,0.0
1649,Email,2025-03-10 16:00:00,Lead,MQL,0.0
1650,Email,2025-03-10 17:00:00,Lead,MQL,0.0
1651,Google Ads,2025-03-10 18:00:00,Lead,Lead,0.0
1652,Google Ads,2025-03-10 19:00:00,Lead,Lead,0.0
1653,Google Ads,2025-03-10 20:00:00,Lead,SQL,0.0
1654,Google Ads,2025-03-10 21:00:00,Lead,Lead,0.0
1655,Google Ads,2025-03-10 22:00:00,Lead,Lead,0.0
1656,Organic,2025-03-10 23:00:00,Lead,SQL,0.0
1657,Facebook,2025-03-11 00:00:00,Lead,Lead,0.0
1658,Google Ads,2025-03-11 01:00:00,Lead,MQL,0.0
1659,Google Ads,2025-03-11 02:00:00,Lead,Lead,0.0
1660,Facebook,2025-03-11 03:00:00,Lead,SQL,0.0
1661,Facebook,2025-03-11 04:00:00,Lead,Lead,0.0
1662,Facebook,2025-03-11 05:00:00,Lead,Lead,0.0
1663,Organic,2025-03-11 06:00:00,Lead,Lead,0.0
1664,Facebook,2025-03-11 07:00:00,Lead,SQL,0.0
1665,Referral,2025-03-11 08:00:00,Lead,MQL,0.0
1666,Organic,2025-03-11 09:00:00,Lead,Lead,0.0
1667,Google Ads,2025-03-11 10:00:00,Lead,Lead,0.0
1668,Organic,2025-03-11 11:00:00,Lead,MQL,0.0
1669,Google Ads,2025-03-11 12:00:00,Lead,Lead,0.0
1670,Organic,2025-03-11 13:00:00,Lead,Lead,0.0
1671,Google Ads,2025-03-11 14:00:00,Lead,Lead,0.0
1672,Organic,2025-03-11 15:00:00,Lead,SQL,0.0
1673,Organic,2025-03-11 16:00:00,Lead,MQL,0.0
1674,Organic,2025-03-11 17:00:00,Lead,Lead,0.0
1675,Email,2025-03-11 18:00:00,Lead,Lead,0.0
1676,Google Ads,2025-03-11 19:00:00,Lead,Lead,0.0
1677,Google Ads,2025-03-11 20:00:00,Lead,MQL,0.0
1678,Facebook,2025-03-11 21:00:00,Lead,SQL,0.0
1679,Google Ads,2025-03-11 22:00:00,Lead,Lead,0.0
1680,Email,2025-03-11 23:00:00,Lead,Lead,0.0
1681,Google Ads,2025-03-12 00:00:00,Lead,MQL,0.0
1682,Referral,2025-03-12 01:00:00,Lead,SQL,0.0
1683,Facebook,2025-03-12 02:00:00,Lead,Lead,0.0
1684,Organic,2025-03-12 03:00:00,Lead,Lead,0.0
1685,Google Ads,2025-03-12 04:00:00,Lead,Lead,0.0
1686,Organic,2025-03-12 05:00:00,Lead,Lead,0.0
1687,Organic,2025-03-12 06:00:00,Lead,Lead,0.0
1688,Facebook,2025-03-12 07:00:00,Lead,Lead,0.0
1689,Facebook,2025-03-12 08:00:00,Lead,Lead,0.0
1690,Email,2025-03-12 09:00:00,Lead,Lead,0.0
1691,Google Ads,2025-03-12 10:00:00,Lead,Lead,0.0
1692,Facebook,2025-03-12 11:00:00,Lead,MQL,0.0
1693,Google Ads,2025-03-12 12:00:00,Lead,Lead,0.0
1694,Google Ads,2025-03-12 13:00:00,Lead,MQL,0.0
1695,Google Ads,2025-03-12 14:00:00,Lead,MQL,0.0
1696,Google Ads,2025-03-12 15:00:00,Lead,Lead,0.0
1697,Google Ads,2025-03-12 16:00:00,Lead,MQL,0.0
1698,Google Ads,2025-03-12 17:00:00,Lead,Lead,0.0
1699,Referral,2025-03-12 18:00:00,Lead,MQL,0.0
1700,Facebook,2025-03-12 19:00:00,Lead,MQL,0.0
1701,Referral,2025-03-12 20:00:00,Lead,Lead,0.0
1702,Facebook,2025-03-12 21:00:00,Lead,Lead,0.0
1703,Google Ads,2025-03-12 22:00:00,Lead,Lead,0.0
1704,Facebook,2025-03-12 23:00:00,Lead,Lead,0.0
1705,Facebook,2025-03-13 00:00:00,Lead,Lead,0.0
1706,Google Ads,2025-03-13 01:00:00,Lead,MQL,0.0
1707,Facebook,2025-03-13 02:00:00,Lead,Lead,0.0
1708,Google Ads,2025-03-13 03:00:00,Lead,Lead,0.0
1709,Facebook,2025-03-13 04:00:00,Lead,SQL,0.0
1710,Email,2025-03-13 05:00:00,Lead,MQL,0.0
1711,Google Ads,2025-03-13 06:00:00,Lead,MQL,0.0
1712,Google Ads,2025-03-13 07:00:00,Lead,SQL,0.0
1713,Email,2025-03-13 08:00:00,Lead,MQL,0.0
1714,Facebook,2025-03-13 09:00:00,Lead,MQL,0.0
1715,Google Ads,2025-03-13 10:00:00,Lead,Lead,0.0
1716,Referral,2025-03-13 11:00:00,Lead,Lead,0.0
1717,Google Ads,2025-03-13 12:00:00,Lead,MQL,0.0
1718,Email,2025-03-13 13:00:00,Lead,Lead,0.0
1719,Referral,2025-03-13 14:00:00,Lead,Lead,0.0
1720,Google Ads,2025-03-13 15:00:00,Lead,Lead,0.0
1721,Google Ads,2025-03-13 16:00:00,Lead,MQL,0.0
1722,Google Ads,2025-03-13 17:00:00,Lead,SQL,0.0
1723,Google Ads,2025-03-13 18:00:00,Lead,Closed Lost,0.0
1724,Google Ads,2025-03-13 19:00:00,Lead,Lead,0.0
1725,Email,2025-03-13 20:00:00,Lead,MQL,0.0
1726,Google Ads,2025-03-13 21:00:00,Lead,Lead,0.0
1727,Facebook,2025-03-13 22:00:00,Lead,Lead,0.0
1728,Referral,2025-03-13 23:00:00,Lead,MQL,0.0
1729,Organic,2025-03-14 00:00:00,Lead,Lead,0.0
1730,Facebook,2025-03-14 01:00:00,Lead,Closed Won,3638.808327650301
1731,Google Ads,2025-03-14 02:00:00,Lead,Lead,0.0
1732,Facebook,2025-03-14 03:00:00,Lead,MQL,0.0
1733,Facebook,2025-03-14 04:00:00,Lead,Lead,0.0
1734,Facebook,2025-03-14 05:00:00,Lead,MQL,0.0
1735,Google Ads,2025-03-14 06:00:00,Lead,MQL,0.0
1736,Organic,2025-03-14 07:00:00,Lead,Lead,0.0
1737,Facebook,2025-03-14 08:00:00,Lead,SQL,0.0
1738,Google Ads,2025-03-14 09:00:00,Lead,Lead,0.0
1739,Google Ads,2025-03-14 10:00:00,Lead,Lead,0.0
1740,Facebook,2025-03-14 11:00:00,Lead,Lead,0.0
1741,Organic,2025-03-14 12:00:00,Lead,SQL,0.0
1742,Email,2025-03-14 13:00:00,Lead,MQL,0.0
1743,Email,2025-03-14 14:00:00,Lead,SQL,0.0
1744,Google Ads,2025-03-14 15:00:00,Lead,Lead,0.0
1745,Facebook,2025-03-14 16:00:00,Lead,Lead,0.0
1746,Facebook,2025-03-14 17:00:00,Lead,SQL,0.0
1747,Google Ads,2025-03-14 18:00:00,Lead,Lead,0.0
1748,Google Ads,2025-03-14 19:00:00,Lead,Lead,0.0
1749,Email,2025-03-14 20:00:00,Lead,MQL,0.0
1750,Google Ads,2025-03-14 21:00:00,Lead,Lead,0.0
1751,Facebook,2025-03-14 22:00:00,Lead,Lead,0.0
1752,Google Ads,2025-03-14 23:00:00,Lead,Lead,0.0
1753,Google Ads,2025-03-15 00:00:00,Lead,MQL,0.0
1754,Google Ads,2025-03-15 01:00:00,Lead,Lead,0.0
1755,Referral,2025-03-15 02:00:00,Lead,Lead,0.0
1756,Organic,2025-03-15 03:00:00,Lead,Lead,0.0
1757,Referral,2025-03-15 04:00:00,Lead,Lead,0.0
1758,Facebook,2025-03-15 05:00:00,Lead,Lead,0.0
1759,Google Ads,2025-03-15 06:00:00,Lead,Closed Won,5038.441508603038
1760,Facebook,2025-03-15 07:00:00,Lead,SQL,0.0
1761,Facebook,2025-03-15 08:00:00,Lead,Closed Lost,0.0
1762,Organic,2025-03-15 09:00:00,Lead,MQL,0.0
1763,Google Ads,2025-03-15 10:00:00,Lead,Lead,0.0
1764,Facebook,2025-03-15 11:00:00,Lead,MQL,0.0
1765,Google Ads,2025-03-15 12:00:00,Lead,Lead,0.0
1766,Google Ads,2025-03-15 13:00:00,Lead,Lead,0.0
1767,Email,2025-03-15 14:00:00,Lead,MQL,0.0
1768,Facebook,2025-03-15 15:00:00,Lead,MQL,0.0
1769,Google Ads,2025-03-15 16:00:00,Lead,Lead,0.0
1770,Google Ads,2025-03-15 17:00:00,Lead,Lead,0.0
1771,Facebook,2025-03-15 18:00:00,Lead,Lead,0.0
1772,Email,2025-03-15 19:00:00,Lead,MQL,0.0
1773,Organic,2025-03-15 20:00:00,Lead,Lead,0.0
1774,Referral,2025-03-15 21:00:00,Lead,MQL,0.0
1775,Email,2025-03-15 22:00:00,Lead,SQL,0.0
1776,Google Ads,2025-03-15 23:00:00,Lead,MQL,0.0
1777,Email,2025-03-16 00:00:00,Lead,SQL,0.0
1778,Facebook,2025-03-16 01:00:00,Lead,MQL,0.0
1779,Google Ads,2025-03-16 02:00:00,Lead,Lead,0.0
1780,Organic,2025-03-16 03:00:00,Lead,Lead,0.0
1781,Google Ads,2025-03-16 04:00:00,Lead,Lead,0.0
1782,Organic,2025-03-16 05:00:00,Lead,Lead,0.0
1783,Facebook,2025-03-16 06:00:00,Lead,MQL,0.0
1784,Facebook,2025-03-16 07:00:00,Lead,MQL,0.0
1785,Email,2025-03-16 08:00:00,Lead,Lead,0.0
1786,Organic,2025-03-16 09:00:00,Lead,Lead,0.0
1787,Facebook,2025-03-16 10:00:00,Lead,Lead,0.0
1788,Facebook,2025-03-16 11:00:00,Lead,Lead,0.0
1789,Google Ads,2025-03-16 12:00:00,Lead,Lead,0.0
1790,Facebook,2025-03-16 13:00:00,Lead,Lead,0.0
1791,Google Ads,2025-03-16 14:00:00,Lead,SQL,0.0
1792,Email,2025-03-16 15:00:00,Lead,Lead,0.0
1793,Facebook,2025-03-16 16:00:00,Lead,SQL,0.0
1794,Email,2025-03-16 17:00:00,Lead,Lead,0.0
1795,Google Ads,2025-03-16 18:00:00,Lead,Lead,0.0
1796,Google Ads,2025-03-16 19:00:00,Lead,SQL,0.0
1797,Email,2025-03-16 20:00:00,Lead,SQL,0.0
1798,Google Ads,2025-03-16 21:00:00,Lead,Lead,0.0
1799,Google Ads,2025-03-16 22:00:00,Lead,SQL,0.0
1800,Google Ads,2025-03-16 23:00:00,Lead,Lead,0.0
1801,Referral,2025-03-17 00:00:00,Lead,Closed Lost,0.0
1802,Email,2025-03-17 01:00:00,Lead,Lead,0.0
1803,Google Ads,2025-03-17 02:00:00,Lead,MQL,0.0
1804,Google Ads,2025-03-17 03:00:00,Lead,Lead,0.0
1805,Google Ads,2025-03-17 04:00:00,Lead,SQL,0.0
1806,Email,2025-03-17 05:00:00,Lead,MQL,0.0
1807,Email,2025-03-17 06:00:00,Lead,Lead,0.0
1808,Google Ads,2025-03-17 07:00:00,Lead,Lead,0.0
1809,Google Ads,2025-03-17 08:00:00,Lead,MQL,0.0
1810,Google Ads,2025-03-17 09:00:00,Lead,Lead,0.0
1811,Email,2025-03-17 10:00:00,Lead,MQL,0.0
1812,Email,2025-03-17 11:00:00,Lead,SQL,0.0
1813,Google Ads,2025-03-17 12:00:00,Lead,Closed Lost,0.0
1814,Google Ads,2025-03-17 13:00:00,Lead,MQL,0.0
1815,Google Ads,2025-03-17 14:00:00,Lead,MQL,0.0
1816,Referral,2025-03-17 15:00:00,Lead,MQL,0.0
1817,Google Ads,2025-03-17 16:00:00,Lead,Lead,0.0
1818,Email,2025-03-17 17:00:00,Lead,Lead,0.0
1819,Facebook,2025-03-17 18:00:00,Lead,MQL,0.0
1820,Google Ads,2025-03-17 19:00:00,Lead,MQL,0.0
1821,Google Ads,2025-03-17 20:00:00,Lead,MQL,0.0
1822,Google Ads,2025-03-17 21:00:00,Lead,SQL,0.0
1823,Facebook,2025-03-17 22:00:00,Lead,Lead,0.0
1824,Email,2025-03-17 23:00:00,Lead,Lead,0.0
1825,Facebook,2025-03-18 00:00:00,Lead,Lead,0.0
1826,Facebook,2025-03-18 01:00:00,Lead,Lead,0.0
1827,Google Ads,2025-03-18 02:00:00,Lead,Closed Lost,0.0
1828,Referral,2025-03-18 03:00:00,Lead,Closed Won,8523.66283703755
1829,Email,2025-03-18 04:00:00,Lead,Lead,0.0
1830,Google Ads,2025-03-18 05:00:00,Lead,Closed Won,6424.833602373938
1831,Referral,2025-03-18 06:00:00,Lead,Lead,0.0
1832,Facebook,2025-03-18 07:00:00,Lead,Lead,0.0
1833,Facebook,2025-03-18 08:00:00,Lead,Lead,0.0
1834,Email,2025-03-18 09:00:00,Lead,MQL,0.0
1835,Organic,2025-03-18 10:00:00,Lead,Lead,0.0
1836,Email,2025-03-18 11:00:00,Lead,MQL,0.0
1837,Google Ads,2025-03-18 12:00:00,Lead,Lead,0.0
1838,Google Ads,2025-03-18 13:00:00,Lead,SQL,0.0
1839,Organic,2025-03-18 14:00:00,Lead,Closed Won,6797.55285406019
1840,Google Ads,2025-03-18 15:00:00,Lead,MQL,0.0
1841,Google Ads,2025-03-18 16:00:00,Lead,Lead,0.0
1842,Facebook,2025-03-18 17:00:00,Lead,Lead,0.0
1843,Facebook,2025-03-18 18:00:00,Lead,Lead,0.0
1844,Facebook,2025-03-18 19:00:00,Lead,SQL,0.0
1845,Organic,2025-03-18 20:00:00,Lead,Lead,0.0
1846,Google Ads,2025-03-18 21:00:00,Lead,Lead,0.0
1847,Google Ads,2025-03-18 22:00:00,Lead,Lead,0.0
1848,Google Ads,2025-03-18 23:00:00,Lead,Lead,0.0
1849,Organic,2025-03-19 00:00:00,Lead,Closed Lost,0.0
1850,Facebook,2025-03-19 01:00:00,Lead,Lead,0.0
1851,Google Ads,2025-03-19 02:00:00,Lead,Lead,0.0
1852,Organic,2025-03-19 03:00:00,Lead,Lead,0.0
1853,Organic,2025-03-19 04:00:00,Lead,Lead,0.0
1854,Organic,2025-03-19 05:00:00,Lead,Lead,0.0
1855,Organic,2025-03-19 06:00:00,Lead,MQL,0.0
1856,Google Ads,2025-03-19 07:00:00,Lead,Lead,0.0
1857,Email,2025-03-19 08:00:00,Lead,SQL,0.0
1858,Facebook,2025-03-19 09:00:00,Lead,MQL,0.0
1859,Organic,2025-03-19 10:00:00,Lead,MQL,0.0
1860,Email,2025-03-19 11:00:00,Lead,Lead,0.0
1861,Email,2025-03-19 12:00:00,Lead,MQL,0.0
1862,Email,2025-03-19 13:00:00,Lead,Lead,0.0
1863,Google Ads,2025-03-19 14:00:00,Lead,Lead,0.0
1864,Facebook,2025-03-19 15:00:00,Lead,Lead,0.0
1865,Referral,2025-03-19 16:00:00,Lead,SQL,0.0
1866,Organic,2025-03-19 17:00:00,Lead,Lead,0.0
1867,Google Ads,2025-03-19 18:00:00,Lead,Closed Lost,0.0
1868,Google Ads,2025-03-19 19:00:00,Lead,MQL,0.0
1869,Google Ads,2025-03-19 20:00:00,Lead,Lead,0.0
1870,Email,2025-03-19 21:00:00,Lead,MQL,0.0
1871,Organic,2025-03-19 22:00:00,Lead,Lead,0.0
1872,Google Ads,2025-03-19 23:00:00,Lead,Lead,0.0
1873,Facebook,2025-03-20 00:00:00,Lead,Closed Lost,0.0
1874,Organic,2025-03-20 01:00:00,Lead,Lead,0.0
1875,Email,2025-03-20 02:00:00,Lead,SQL,0.0
1876,Facebook,2025-03-20 03:00:00,Lead,Lead,0.0
1877,Facebook,2025-03-20 04:00:00,Lead,Lead,0.0
1878,Facebook,2025-03-20 05:00:00,Lead,SQL,0.0
1879,Google Ads,2025-03-20 06:00:00,Lead,Closed Won,5021.50463326364
1880,Facebook,2025-03-20 07:00:00,Lead,MQL,0.0
1881,Email,2025-03-20 08:00:00,Lead,MQL,0.0
1882,Organic,2025-03-20 09:00:00,Lead,Lead,0.0
1883,Facebook,2025-03-20 10:00:00,Lead,Lead,0.0
1884,Email,2025-03-20 11:00:00,Lead,Lead,0.0
1885,Google Ads,2025-03-20 12:00:00,Lead,MQL,0.0
1886,Facebook,2025-03-20 13:00:00,Lead,Lead,0.0
1887,Google Ads,2025-03-20 14:00:00,Lead,Lead,0.0
1888,Google Ads,2025-03-20 15:00:00,Lead,Closed Lost,0.0
1889,Email,2025-03-20 16:00:00,Lead,MQL,0.0
1890,Referral,2025-03-20 17:00:00,Lead,Lead,0.0
1891,Google Ads,2025-03-20 18:00:00,Lead,MQL,0.0
1892,Facebook,2025-03-20 19:00:00,Lead,Lead,0.0
1893,Organic,2025-03-20 20:00:00,Lead,MQL,0.0
1894,Google Ads,2025-03-20 21:00:00,Lead,MQL,0.0
1895,Facebook,2025-03-20 22:00:00,Lead,Lead,0.0
1896,Email,2025-03-20 23:00:00,Lead,Lead,0.0
1897,Facebook,2025-03-21 00:00:00,Lead,Closed Won,3368.160481836113
1898,Google Ads,2025-03-21 01:00:00,Lead,Lead,0.0
1899,Google Ads,2025-03-21 02:00:00,Lead,Lead,0.0
1900,Email,2025-03-21 03:00:00,Lead,SQL,0.0
1901,Facebook,2025-03-21 04:00:00,Lead,MQL,0.0
1902,Google Ads,2025-03-21 05:00:00,Lead,Lead,0.0
1903,Email,2025-03-21 06:00:00,Lead,Lead,0.0
1904,Google Ads,2025-03-21 07:00:00,Lead,Lead,0.0
1905,Email,2025-03-21 08:00:00,Lead,Lead,0.0
1906,Google Ads,2025-03-21 09:00:00,Lead,Lead,0.0
1907,Referral,2025-03-21 10:00:00,Lead,Lead,0.0
1908,Google Ads,2025-03-21 11:00:00,Lead,Lead,0.0
1909,Google Ads,2025-03-21 12:00:00,Lead,MQL,0.0
1910,Google Ads,2025-03-21 13:00:00,Lead,MQL,0.0
1911,Google Ads,2025-03-21 14:00:00,Lead,Lead,0.0
1912,Organic,2025-03-21 15:00:00,Lead,SQL,0.0
1913,Referral,2025-03-21 16:00:00,Lead,Lead,0.0
1914,Google Ads,2025-03-21 17:00:00,Lead,Lead,0.0
1915,Facebook,2025-03-21 18:00:00,Lead,Lead,0.0
1916,Email,2025-03-21 19:00:00,Lead,MQL,0.0
1917,Organic,2025-03-21 20:00:00,Lead,MQL,0.0
1918,Facebook,2025-03-21 21:00:00,Lead,MQL,0.0
1919,Google Ads,2025-03-21 22:00:00,Lead,SQL,0.0
1920,Facebook,2025-03-21 23:00:00,Lead,SQL,0.0
1921,Email,2025-03-22 00:00:00,Lead,Lead,0.0
1922,Google Ads,2025-03-22 01:00:00,Lead,MQL,0.0
1923,Facebook,2025-03-22 02:00:00,Lead,Lead,0.0
1924,Google Ads,2025-03-22 03:00:00,Lead,MQL,0.0
1925,Email,2025-03-22 04:00:00,Lead,MQL,0.0
1926,Google Ads,2025-03-22 05:00:00,Lead,SQL,0.0
1927,Facebook,2025-03-22 06:00:00,Lead,Lead,0.0
1928,Facebook,2025-03-22 07:00:00,Lead,MQL,0.0
1929,Facebook,2025-03-22 08:00:00,Lead,MQL,0.0
1930,Google Ads,2025-03-22 09:00:00,Lead,Lead,0.0
1931,Facebook,2025-03-22 10:00:00,Lead,Lead,0.0
1932,Facebook,2025-03-22 11:00:00,Lead,MQL,0.0
1933,Facebook,2025-03-22 12:00:00,Lead,Lead,0.0
1934,Facebook,2025-03-22 13:00:00,Lead,MQL,0.0
1935,Email,2025-03-22 14:00:00,Lead,MQL,0.0
1936,Organic,2025-03-22 15:00:00,Lead,Lead,0.0
1937,Google Ads,2025-03-22 16:00:00,Lead,SQL,0.0
1938,Organic,2025-03-22 17:00:00,Lead,MQL,0.0
1939,Facebook,2025-03-22 18:00:00,Lead,MQL,0.0
1940,Google Ads,2025-03-22 19:00:00,Lead,MQL,0.0
1941,Google Ads,2025-03-22 20:00:00,Lead,Lead,0.0
1942,Google Ads,2025-03-22 21:00:00,Lead,Lead,0.0
1943,Email,2025-03-22 22:00:00,Lead,Lead,0.0
1944,Email,2025-03-22 23:00:00,Lead,SQL,0.0
1945,Email,2025-03-23 00:00:00,Lead,Lead,0.0
1946,Facebook,2025-03-23 01:00:00,Lead,Lead,0.0
1947,Facebook,2025-03-23 02:00:00,Lead,Lead,0.0
1948,Google Ads,2025-03-23 03:00:00,Lead,Lead,0.0
1949,Google Ads,2025-03-23 04:00:00,Lead,Lead,0.0
1950,Facebook,2025-03-23 05:00:00,Lead,Lead,0.0
1951,Google Ads,2025-03-23 06:00:00,Lead,SQL,0.0
1952,Google Ads,2025-03-23 07:00:00,Lead,MQL,0.0
1953,Facebook,2025-03-23 08:00:00,Lead,MQL,0.0
1954,Email,2025-03-23 09:00:00,Lead,MQL,0.0
1955,Referral,2025-03-23 10:00:00,Lead,SQL,0.0
1956,Organic,2025-03-23 11:00:00,Lead,MQL,0.0
1957,Facebook,2025-03-23 12:00:00,Lead,SQL,0.0
1958,Facebook,2025-03-23 13:00:00,Lead,Lead,0.0
1959,Facebook,2025-03-23 14:00:00,Lead,SQL,0.0
1960,Email,2025-03-23 15:00:00,Lead,Lead,0.0
1961,Google Ads,2025-03-23 16:00:00,Lead,MQL,0.0
1962,Facebook,2025-03-23 17:00:00,Lead,SQL,0.0
1963,Organic,2025-03-23 18:00:00,Lead,Lead,0.0
1964,Google Ads,2025-03-23 19:00:00,Lead,MQL,0.0
1965,Facebook,2025-03-23 20:00:00,Lead,Closed Won,3973.6367292271348
1966,Facebook,2025-03-23 21:00:00,Lead,Lead,0.0
1967,Google Ads,2025-03-23 22:00:00,Lead,Lead,0.0
1968,Google Ads,2025-03-23 23:00:00,Lead,MQL,0.0
1969,Google Ads,2025-03-24 00:00:00,Lead,Lead,0.0
1970,Google Ads,2025-03-24 01:00:00,Lead,Lead,0.0
1971,Google Ads,2025-03-24 02:00:00,Lead,Lead,0.0
1972,Organic,2025-03-24 03:00:00,Lead,MQL,0.0
1973,Google Ads,2025-03-24 04:00:00,Lead,Lead,0.0
1974,Facebook,2025-03-24 05:00:00,Lead,Lead,0.0
1975,Google Ads,2025-03-24 06:00:00,Lead,Lead,0.0
1976,Organic,2025-03-24 07:00:00,Lead,MQL,0.0
1977,Google Ads,2025-03-24 08:00:00,Lead,Closed Lost,0.0
1978,Facebook,2025-03-24 09:00:00,Lead,Lead,0.0
1979,Organic,2025-03-24 10:00:00,Lead,MQL,0.0
1980,Organic,2025-03-24 11:00:00,Lead,MQL,0.0
1981,Google Ads,2025-03-24 12:00:00,Lead,Lead,0.0
1982,Organic,2025-03-24 13:00:00,Lead,MQL,0.0
1983,Facebook,2025-03-24 14:00:00,Lead,Lead,0.0
1984,Facebook,2025-03-24 15:00:00,Lead,Lead,0.0
1985,Google Ads,2025-03-24 16:00:00,Lead,Lead,0.0
1986,Google Ads,2025-03-24 17:00:00,Lead,MQL,0.0
1987,Email,2025-03-24 18:00:00,Lead,MQL,0.0
1988,Facebook,2025-03-24 19:00:00,Lead,Lead,0.0
1989,Facebook,2025-03-24 20:00:00,Lead,MQL,0.0
1990,Email,2025-03-24 21:00:00,Lead,Lead,0.0
1991,Email,2025-03-24 22:00:00,Lead,Lead,0.0
1992,Google Ads,2025-03-24 23:00:00,Lead,MQL,0.0
1993,Facebook,2025-03-25 00:00:00,Lead,Lead,0.0
1994,Google Ads,2025-03-25 01:00:00,Lead,SQL,0.0
1995,Email,2025-03-25 02:00:00,Lead,MQL,0.0
1996,Email,2025-03-25 03:00:00,Lead,MQL,0.0
1997,Referral,2025-03-25 04:00:00,Lead,Lead,0.0
1998,Google Ads,2025-03-25 05:00:00,Lead,Lead,0.0
1999,Google Ads,2025-03-25 06:00:00,Lead,Lead,0.0
2000,Google Ads,2025-03-25 07:00:00,Lead,Lead,0.0
2001,Google Ads,2025-03-25 08:00:00,Lead,Lead,0.0
2002,Google Ads,2025-03-25 09:00:00,Lead,MQL,0.0
2003,Organic,2025-03-25 10:00:00,Lead,MQL,0.0
2004,Google Ads,2025-03-25 11:00:00,Lead,SQL,0.0
2005,Google Ads,2025-03-25 12:00:00,Lead,SQL,0.0
2006,Email,2025-03-25 13:00:00,Lead,MQL,0.0
2007,Facebook,2025-03-25 14:00:00,Lead,Lead,0.0
2008,Email,2025-03-25 15:00:00,Lead,MQL,0.0
2009,Google Ads,2025-03-25 16:00:00,Lead,MQL,0.0
2010,Facebook,2025-03-25 17:00:00,Lead,Lead,0.0
2011,Google Ads,2025-03-25 18:00:00,Lead,Lead,0.0
2012,Google Ads,2025-03-25 19:00:00,Lead,Lead,0.0
2013,Organic,2025-03-25 20:00:00,Lead,MQL,0.0
2014,Google Ads,2025-03-25 21:00:00,Lead,Lead,0.0
2015,Facebook,2025-03-25 22:00:00,Lead,SQL,0.0
2016,Facebook,2025-03-25 23:00:00,Lead,Lead,0.0
2017,Google Ads,2025-03-26 00:00:00,Lead,MQL,0.0
2018,Organic,2025-03-26 01:00:00,Lead,MQL,0.0
2019,Google Ads,2025-03-26 02:00:00,Lead,Lead,0.0
2020,Email,2025-03-26 03:00:00,Lead,MQL,0.0
2021,Referral,2025-03-26 04:00:00,Lead,Closed Lost,0.0
2022,Facebook,2025-03-26 05:00:00,Lead,Lead,0.0
2023,Organic,2025-03-26 06:00:00,Lead,MQL,0.0
2024,Google Ads,2025-03-26 07:00:00,Lead,Lead,0.0
2025,Facebook,2025-03-26 08:00:00,Lead,Lead,0.0
2026,Google Ads,2025-03-26 09:00:00,Lead,Lead,0.0
2027,Email,2025-03-26 10:00:00,Lead,Lead,0.0
2028,Referral,2025-03-26 11:00:00,Lead,MQL,0.0
2029,Google Ads,2025-03-26 12:00:00,Lead,Lead,0.0
2030,Email,2025-03-26 13:00:00,Lead,Lead,0.0
2031,Google Ads,2025-03-26 14:00:00,Lead,SQL,0.0
2032,Facebook,2025-03-26 15:00:00,Lead,SQL,0.0
2033,Facebook,2025-03-26 16:00:00,Lead,Lead,0.0
2034,Referral,2025-03-26 17:00:00,Lead,Lead,0.0
2035,Facebook,2025-03-26 18:00:00,Lead,Lead,0.0
2036,Google Ads,2025-03-26 19:00:00,Lead,MQL,0.0
2037,Google Ads,2025-03-26 20:00:00,Lead,MQL,0.0
2038,Google Ads,2025-03-26 21:00:00,Lead,MQL,0.0
2039,Google Ads,2025-03-26 22:00:00,Lead,MQL,0.0
2040,Google Ads,2025-03-26 23:00:00,Lead,MQL,0.0
2041,Organic,2025-03-27 00:00:00,Lead,Lead,0.0
2042,Facebook,2025-03-27 01:00:00,Lead,Lead,0.0
2043,Facebook,2025-03-27 02:00:00,Lead,MQL,0.0
2044,Google Ads,2025-03-27 03:00:00,Lead,Lead,0.0
2045,Organic,2025-03-27 04:00:00,Lead,MQL,0.0
2046,Email,2025-03-27 05:00:00,Lead,MQL,0.0
2047,Google Ads,2025-03-27 06:00:00,Lead,Lead,0.0
2048,Email,2025-03-27 07:00:00,Lead,Lead,0.0
2049,Facebook,2025-03-27 08:00:00,Lead,Lead,0.0
2050,Google Ads,2025-03-27 09:00:00,Lead,SQL,0.0
2051,Facebook,2025-03-27 10:00:00,Lead,Lead,0.0
2052,Facebook,2025-03-27 11:00:00,Lead,MQL,0.0
2053,Google Ads,2025-03-27 12:00:00,Lead,SQL,0.0
2054,Organic,2025-03-27 13:00:00,Lead,MQL,0.0
2055,Organic,2025-03-27 14:00:00,Lead,MQL,0.0
2056,Email,2025-03-27 15:00:00,Lead,Lead,0.0
2057,Facebook,2025-03-27 16:00:00,Lead,Lead,0.0
2058,Facebook,2025-03-27 17:00:00,Lead,MQL,0.0
2059,Email,2025-03-27 18:00:00,Lead,MQL,0.0
2060,Facebook,2025-03-27 19:00:00,Lead,Lead,0.0
2061,Google Ads,2025-03-27 20:00:00,Lead,Lead,0.0
2062,Facebook,2025-03-27 21:00:00,Lead,SQL,0.0
2063,Organic,2025-03-27 22:00:00,Lead,Lead,0.0
2064,Facebook,2025-03-27 23:00:00,Lead,Lead,0.0
2065,Google Ads,2025-03-28 00:00:00,Lead,Lead,0.0
2066,Email,2025-03-28 01:00:00,Lead,MQL,0.0
2067,Google Ads,2025-03-28 02:00:00,Lead,Lead,0.0
2068,Google Ads,2025-03-28 03:00:00,Lead,Lead,0.0
2069,Google Ads,2025-03-28 04:00:00,Lead,Closed Lost,0.0
2070,Google Ads,2025-03-28 05:00:00,Lead,MQL,0.0
2071,Email,2025-03-28 06:00:00,Lead,Closed Lost,0.0
2072,Facebook,2025-03-28 07:00:00,Lead,Lead,0.0
2073,Google Ads,2025-03-28 08:00:00,Lead,Lead,0.0
2074,Organic,2025-03-28 09:00:00,Lead,Lead,0.0
2075,Organic,2025-03-28 10:00:00,Lead,MQL,0.0
2076,Organic,2025-03-28 11:00:00,Lead,SQL,0.0
2077,Google Ads,2025-03-28 12:00:00,Lead,SQL,0.0
2078,Facebook,2025-03-28 13:00:00,Lead,Lead,0.0
2079,Referral,2025-03-28 14:00:00,Lead,SQL,0.0
2080,Email,2025-03-28 15:00:00,Lead,Lead,0.0
2081,Google Ads,2025-03-28 16:00:00,Lead,MQL,0.0
2082,Google Ads,2025-03-28 17:00:00,Lead,Lead,0.0
2083,Facebook,2025-03-28 18:00:00,Lead,Lead,0.0
2084,Organic,2025-03-28 19:00:00,Lead,SQL,0.0
2085,Facebook,2025-03-28 20:00:00,Lead,Lead,0.0
2086,Facebook,2025-03-28 21:00:00,Lead,MQL,0.0
2087,Google Ads,2025-03-28 22:00:00,Lead,SQL,0.0
2088,Email,2025-03-28 23:00:00,Lead,MQL,0.0
2089,Organic,2025-03-29 00:00:00,Lead,Lead,0.0
2090,Google Ads,2025-03-29 01:00:00,Lead,Lead,0.0
2091,Email,2025-03-29 02:00:00,Lead,MQL,0.0
2092,Referral,2025-03-29 03:00:00,Lead,MQL,0.0
2093,Google Ads,2025-03-29 04:00:00,Lead,Lead,0.0
2094,Facebook,2025-03-29 05:00:00,Lead,Closed Lost,0.0
2095,Google Ads,2025-03-29 06:00:00,Lead,Lead,0.0
2096,Email,2025-03-29 07:00:00,Lead,Lead,0.0
2097,Facebook,2025-03-29 08:00:00,Lead,MQL,0.0
2098,Facebook,2025-03-29 09:00:00,Lead,Lead,0.0
2099,Email,2025-03-29 10:00:00,Lead,Lead,0.0
2100,Google Ads,2025-03-29 11:00:00,Lead,Lead,0.0
2101,Organic,2025-03-29 12:00:00,Lead,Lead,0.0
2102,Facebook,2025-03-29 13:00:00,Lead,Lead,0.0
2103,Google Ads,2025-03-29 14:00:00,Lead,Lead,0.0
2104,Email,2025-03-29 15:00:00,Lead,Lead,0.0
2105,Email,2025-03-29 16:00:00,Lead,Lead,0.0
2106,Google Ads,2025-03-29 17:00:00,Lead,Lead,0.0
2107,Organic,2025-03-29 18:00:00,Lead,Lead,0.0
2108,Organic,2025-03-29 19:00:00,Lead,Lead,0.0
2109,Google Ads,2025-03-29 20:00:00,Lead,Closed Lost,0.0
2110,Referral,2025-03-29 21:00:00,Lead,Lead,0.0
2111,Google Ads,2025-03-29 22:00:00,Lead,MQL,0.0
2112,Google Ads,2025-03-29 23:00:00,Lead,SQL,0.0
2113,Google Ads,2025-03-30 00:00:00,Lead,MQL,0.0
2114,Organic,2025-03-30 01:00:00,Lead,Lead,0.0
2115,Email,2025-03-30 02:00:00,Lead,Lead,0.0
2116,Google Ads,2025-03-30 03:00:00,Lead,Lead,0.0
2117,Facebook,2025-03-30 04:00:00,Lead,SQL,0.0
2118,Facebook,2025-03-30 05:00:00,Lead,Lead,0.0
2119,Google Ads,2025-03-30 06:00:00,Lead,Closed Lost,0.0
2120,Organic,2025-03-30 07:00:00,Lead,Lead,0.0
2121,Organic,2025-03-30 08:00:00,Lead,MQL,0.0
2122,Facebook,2025-03-30 09:00:00,Lead,Lead,0.0
2123,Referral,2025-03-30 10:00:00,Lead,MQL,0.0
2124,Facebook,2025-03-30 11:00:00,Lead,Lead,0.0
2125,Referral,2025-03-30 12:00:00,Lead,Lead,0.0
2126,Email,2025-03-30 13:00:00,Lead,Lead,0.0
2127,Facebook,2025-03-30 14:00:00,Lead,Lead,0.0
2128,Google Ads,2025-03-30 15:00:00,Lead,MQL,0.0
2129,Organic,2025-03-30 16:00:00,Lead,Lead,0.0
2130,Facebook,2025-03-30 17:00:00,Lead,MQL,0.0
2131,Google Ads,2025-03-30 18:00:00,Lead,Lead,0.0
2132,Google Ads,2025-03-30 19:00:00,Lead,MQL,0.0
2133,Facebook,2025-03-30 20:00:00,Lead,MQL,0.0
2134,Facebook,2025-03-30 21:00:00,Lead,MQL,0.0
2135,Email,2025-03-30 22:00:00,Lead,Closed Lost,0.0
2136,Organic,2025-03-30 23:00:00,Lead,Lead,0.0
2137,Google Ads,2025-03-31 00:00:00,Lead,Lead,0.0
2138,Email,2025-03-31 01:00:00,Lead,Lead,0.0
2139,Google Ads,2025-03-31 02:00:00,Lead,MQL,0.0
2140,Organic,2025-03-31 03:00:00,Lead,MQL,0.0
2141,Organic,2025-03-31 04:00:00,Lead,Lead,0.0
2142,Facebook,2025-03-31 05:00:00,Lead,SQL,0.0
2143,Email,2025-03-31 06:00:00,Lead,Closed Lost,0.0
2144,Google Ads,2025-03-31 07:00:00,Lead,SQL,0.0
2145,Facebook,2025-03-31 08:00:00,Lead,Lead,0.0
2146,Organic,2025-03-31 09:00:00,Lead,SQL,0.0
2147,Facebook,2025-03-31 10:00:00,Lead,Lead,0.0
2148,Google Ads,2025-03-31 11:00:00,Lead,Lead,0.0
2149,Facebook,2025-03-31 12:00:00,Lead,Lead,0.0
2150,Organic,2025-03-31 13:00:00,Lead,SQL,0.0
2151,Google Ads,2025-03-31 14:00:00,Lead,MQL,0.0
2152,Google Ads,2025-03-31 15:00:00,Lead,Lead,0.0
2153,Email,2025-03-31 16:00:00,Lead,Lead,0.0
2154,Organic,2025-03-31 17:00:00,Lead,MQL,0.0
2155,Google Ads,2025-03-31 18:00:00,Lead,Lead,0.0
2156,Google Ads,2025-03-31 19:00:00,Lead,MQL,0.0
2157,Google Ads,2025-03-31 20:00:00,Lead,SQL,0.0
2158,Google Ads,2025-03-31 21:00:00,Lead,Lead,0.0
2159,Facebook,2025-03-31 22:00:00,Lead,SQL,0.0
2160,Email,2025-03-31 23:00:00,Lead,Lead,0.0
2161,Email,2025-04-01 00:00:00,Lead,Lead,0.0
2162,Facebook,2025-04-01 01:00:00,Lead,SQL,0.0
2163,Google Ads,2025-04-01 02:00:00,Lead,Closed Lost,0.0
2164,Organic,2025-04-01 03:00:00,Lead,Lead,0.0
2165,Facebook,2025-04-01 04:00:00,Lead,MQL,0.0
2166,Referral,2025-04-01 05:00:00,Lead,MQL,0.0
2167,Facebook,2025-04-01 06:00:00,Lead,MQL,0.0
2168,Google Ads,2025-04-01 07:00:00,Lead,Lead,0.0
2169,Email,2025-04-01 08:00:00,Lead,Lead,0.0
2170,Google Ads,2025-04-01 09:00:00,Lead,MQL,0.0
2171,Email,2025-04-01 10:00:00,Lead,Lead,0.0
2172,Google Ads,2025-04-01 11:00:00,Lead,MQL,0.0
2173,Google Ads,2025-04-01 12:00:00,Lead,Lead,0.0
2174,Organic,2025-04-01 13:00:00,Lead,Lead,0.0
2175,Google Ads,2025-04-01 14:00:00,Lead,Lead,0.0
2176,Organic,2025-04-01 15:00:00,Lead,Lead,0.0
2177,Google Ads,2025-04-01 16:00:00,Lead,Lead,0.0
2178,Facebook,2025-04-01 17:00:00,Lead,MQL,0.0
2179,Email,2025-04-01 18:00:00,Lead,Lead,0.0
2180,Facebook,2025-04-01 19:00:00,Lead,Lead,0.0
2181,Google Ads,2025-04-01 20:00:00,Lead,Lead,0.0
2182,Google Ads,2025-04-01 21:00:00,Lead,MQL,0.0
2183,Google Ads,2025-04-01 22:00:00,Lead,Closed Won,6298.511976751055
2184,Google Ads,2025-04-01 23:00:00,Lead,SQL,0.0
2185,Email,2025-04-02 00:00:00,Lead,Lead,0.0
2186,Organic,2025-04-02 01:00:00,Lead,Lead,0.0
2187,Organic,2025-04-02 02:00:00,Lead,Lead,0.0
2188,Email,2025-04-02 03:00:00,Lead,Lead,0.0
2189,Email,2025-04-02 04:00:00,Lead,Lead,0.0
2190,Email,2025-04-02 05:00:00,Lead,Lead,0.0
2191,Google Ads,2025-04-02 06:00:00,Lead,Lead,0.0
2192,Organic,2025-04-02 07:00:00,Lead,Lead,0.0
2193,Email,2025-04-02 08:00:00,Lead,MQL,0.0
2194,Facebook,2025-04-02 09:00:00,Lead,Lead,0.0
2195,Google Ads,2025-04-02 10:00:00,Lead,Lead,0.0
2196,Facebook,2025-04-02 11:00:00,Lead,MQL,0.0
2197,Facebook,2025-04-02 12:00:00,Lead,Closed Won,6621.975436652805
2198,Organic,2025-04-02 13:00:00,Lead,SQL,0.0
2199,Facebook,2025-04-02 14:00:00,Lead,SQL,0.0
2200,Google Ads,2025-04-02 15:00:00,Lead,Lead,0.0
2201,Referral,2025-04-02 16:00:00,Lead,Closed Lost,0.0
2202,Google Ads,2025-04-02 17:00:00,Lead,Lead,0.0
2203,Facebook,2025-04-02 18:00:00,Lead,MQL,0.0
2204,Google Ads,2025-04-02 19:00:00,Lead,SQL,0.0
2205,Email,2025-04-02 20:00:00,Lead,SQL,0.0
2206,Organic,2025-04-02 21:00:00,Lead,Lead,0.0
2207,Google Ads,2025-04-02 22:00:00,Lead,MQL,0.0
2208,Organic,2025-04-02 23:00:00,Lead,Lead,0.0
2209,Google Ads,2025-04-03 00:00:00,Lead,Lead,0.0
2210,Organic,2025-04-03 01:00:00,Lead,Lead,0.0
2211,Email,2025-04-03 02:00:00,Lead,Lead,0.0
2212,Organic,2025-04-03 03:00:00,Lead,MQL,0.0
2213,Google Ads,2025-04-03 04:00:00,Lead,SQL,0.0
2214,Referral,2025-04-03 05:00:00,Lead,MQL,0.0
2215,Email,2025-04-03 06:00:00,Lead,Lead,0.0
2216,Google Ads,2025-04-03 07:00:00,Lead,Lead,0.0
2217,Organic,2025-04-03 08:00:00,Lead,SQL,0.0
2218,Google Ads,2025-04-03 09:00:00,Lead,Lead,0.0
2219,Organic,2025-04-03 10:00:00,Lead,SQL,0.0
2220,Google Ads,2025-04-03 11:00:00,Lead,MQL,0.0
2221,Email,2025-04-03 12:00:00,Lead,Lead,0.0
2222,Facebook,2025-04-03 13:00:00,Lead,SQL,0.0
2223,Google Ads,2025-04-03 14:00:00,Lead,MQL,0.0
2224,Google Ads,2025-04-03 15:00:00,Lead,Lead,0.0
2225,Google Ads,2025-04-03 16:00:00,Lead,Lead,0.0
2226,Facebook,2025-04-03 17:00:00,Lead,Lead,0.0
2227,Google Ads,2025-04-03 18:00:00,Lead,MQL,0.0
2228,Facebook,2025-04-03 19:00:00,Lead,Lead,0.0
2229,Google Ads,2025-04-03 20:00:00,Lead,Lead,0.0
2230,Google Ads,2025-04-03 21:00:00,Lead,MQL,0.0
2231,Email,2025-04-03 22:00:00,Lead,Lead,0.0
2232,Google Ads,2025-04-03 23:00:00,Lead,SQL,0.0
2233,Organic,2025-04-04 00:00:00,Lead,MQL,0.0
2234,Organic,2025-04-04 01:00:00,Lead,Lead,0.0
2235,Email,2025-04-04 02:00:00,Lead,Lead,0.0
2236,Facebook,2025-04-04 03:00:00,Lead,Lead,0.0
2237,Organic,2025-04-04 04:00:00,Lead,Lead,0.0
2238,Google Ads,2025-04-04 05:00:00,Lead,SQL,0.0
2239,Google Ads,2025-04-04 06:00:00,Lead,Lead,0.0
2240,Google Ads,2025-04-04 07:00:00,Lead,SQL,0.0
2241,Email,2025-04-04 08:00:00,Lead,Lead,0.0
2242,Google Ads,2025-04-04 09:00:00,Lead,Lead,0.0
2243,Facebook,2025-04-04 10:00:00,Lead,MQL,0.0
2244,Referral,2025-04-04 11:00:00,Lead,Lead,0.0
2245,Organic,2025-04-04 12:00:00,Lead,Lead,0.0
2246,Facebook,2025-04-04 13:00:00,Lead,Lead,0.0
2247,Google Ads,2025-04-04 14:00:00,Lead,MQL,0.0
2248,Organic,2025-04-04 15:00:00,Lead,SQL,0.0
2249,Facebook,2025-04-04 16:00:00,Lead,Lead,0.0
2250,Google Ads,2025-04-04 17:00:00,Lead,Lead,0.0
2251,Google Ads,2025-04-04 18:00:00,Lead,Lead,0.0
2252,Organic,2025-04-04 19:00:00,Lead,MQL,0.0
2253,Email,2025-04-04 20:00:00,Lead,MQL,0.0
2254,Organic,2025-04-04 21:00:00,Lead,MQL,0.0
2255,Organic,2025-04-04 22:00:00,Lead,MQL,0.0
2256,Facebook,2025-04-04 23:00:00,Lead,Lead,0.0
2257,Facebook,2025-04-05 00:00:00,Lead,Lead,0.0
2258,Facebook,2025-04-05 01:00:00,Lead,Lead,0.0
2259,Google Ads,2025-04-05 02:00:00,Lead,Lead,0.0
2260,Facebook,2025-04-05 03:00:00,Lead,Lead,0.0
2261,Email,2025-04-05 04:00:00,Lead,Lead,0.0
2262,Facebook,2025-04-05 05:00:00,Lead,Closed Won,3031.2669644955313
2263,Organic,2025-04-05 06:00:00,Lead,SQL,0.0
2264,Facebook,2025-04-05 07:00:00,Lead,Lead,0.0
2265,Facebook,2025-04-05 08:00:00,Lead,MQL,0.0
2266,Facebook,2025-04-05 09:00:00,Lead,MQL,0.0
2267,Facebook,2025-04-05 10:00:00,Lead,Lead,0.0
2268,Email,2025-04-05 11:00:00,Lead,MQL,0.0
2269,Google Ads,2025-04-05 12:00:00,Lead,Lead,0.0
2270,Facebook,2025-04-05 13:00:00,Lead,MQL,0.0
2271,Google Ads,2025-04-05 14:00:00,Lead,Closed Lost,0.0
2272,Google Ads,2025-04-05 15:00:00,Lead,Lead,0.0
2273,Facebook,2025-04-05 16:00:00,Lead,MQL,0.0
2274,Email,2025-04-05 17:00:00,Lead,Lead,0.0
2275,Referral,2025-04-05 18:00:00,Lead,Lead,0.0
2276,Facebook,2025-04-05 19:00:00,Lead,Lead,0.0
2277,Email,2025-04-05 20:00:00,Lead,Lead,0.0
2278,Facebook,2025-04-05 21:00:00,Lead,Lead,0.0
2279,Facebook,2025-04-05 22:00:00,Lead,Lead,0.0
2280,Google Ads,2025-04-05 23:00:00,Lead,Lead,0.0
2281,Google Ads,2025-04-06 00:00:00,Lead,Lead,0.0
2282,Google Ads,2025-04-06 01:00:00,Lead,MQL,0.0
2283,Facebook,2025-04-06 02:00:00,Lead,Lead,0.0
2284,Google Ads,2025-04-06 03:00:00,Lead,SQL,0.0
2285,Google Ads,2025-04-06 04:00:00,Lead,Lead,0.0
2286,Google Ads,2025-04-06 05:00:00,Lead,MQL,0.0
2287,Referral,2025-04-06 06:00:00,Lead,Lead,0.0
2288,Google Ads,2025-04-06 07:00:00,Lead,Lead,0.0
2289,Facebook,2025-04-06 08:00:00,Lead,Lead,0.0
2290,Google Ads,2025-04-06 09:00:00,Lead,Lead,0.0
2291,Facebook,2025-04-06 10:00:00,Lead,Lead,0.0
2292,Google Ads,2025-04-06 11:00:00,Lead,MQL,0.0
2293,Google Ads,2025-04-06 12:00:00,Lead,Lead,0.0
2294,Facebook,2025-04-06 13:00:00,Lead,Lead,0.0
2295,Google Ads,2025-04-06 14:00:00,Lead,Lead,0.0
2296,Google Ads,2025-04-06 15:00:00,Lead,MQL,0.0
2297,Google Ads,2025-04-06 16:00:00,Lead,Closed Won,5362.11367455507
2298,Google Ads,2025-04-06 17:00:00,Lead,Lead,0.0
2299,Google Ads,2025-04-06 18:00:00,Lead,SQL,0.0
2300,Google Ads,2025-04-06 19:00:00,Lead,SQL,0.0
2301,Organic,2025-04-06 20:00:00,Lead,Closed Won,6412.854442641531
2302,Facebook,2025-04-06 21:00:00,Lead,MQL,0.0
2303,Facebook,2025-04-06 22:00:00,Lead,Lead,0.0
2304,Google Ads,2025-04-06 23:00:00,Lead,MQL,0.0
2305,Organic,2025-04-07 00:00:00,Lead,SQL,0.0
2306,Google Ads,2025-04-07 01:00:00,Lead,Lead,0.0
2307,Google Ads,2025-04-07 02:00:00,Lead,Lead,0.0
2308,Facebook,2025-04-07 03:00:00,Lead,Lead,0.0
2309,Google Ads,2025-04-07 04:00:00,Lead,MQL,0.0
2310,Google Ads,2025-04-07 05:00:00,Lead,Lead,0.0
2311,Facebook,2025-04-07 06:00:00,Lead,Lead,0.0
2312,Organic,2025-04-07 07:00:00,Lead,Lead,0.0
2313,Facebook,2025-04-07 08:00:00,Lead,Lead,0.0
2314,Email,2025-04-07 09:00:00,Lead,MQL,0.0
2315,Referral,2025-04-07 10:00:00,Lead,SQL,0.0
2316,Google Ads,2025-04-07 11:00:00,Lead,MQL,0.0
2317,Google Ads,2025-04-07 12:00:00,Lead,MQL,0.0
2318,Google Ads,2025-04-07 13:00:00,Lead,MQL,0.0
2319,Facebook,2025-04-07 14:00:00,Lead,MQL,0.0
2320,Facebook,2025-04-07 15:00:00,Lead,MQL,0.0
2321,Organic,2025-04-07 16:00:00,Lead,Closed Lost,0.0
2322,Email,2025-04-07 17:00:00,Lead,Lead,0.0
2323,Facebook,2025-04-07 18:00:00,Lead,MQL,0.0
2324,Google Ads,2025-04-07 19:00:00,Lead,Lead,0.0
2325,Organic,2025-04-07 20:00:00,Lead,MQL,0.0
2326,Referral,2025-04-07 21:00:00,Lead,Lead,0.0
2327,Organic,2025-04-07 22:00:00,Lead,Closed Won,4458.46922359657
2328,Google Ads,2025-04-07 23:00:00,Lead,Closed Won,3234.452552820393
2329,Facebook,2025-04-08 00:00:00,Lead,Lead,0.0
2330,Google Ads,2025-04-08 01:00:00,Lead,Lead,0.0
2331,Google Ads,2025-04-08 02:00:00,Lead,MQL,0.0
2332,Google Ads,2025-04-08 03:00:00,Lead,Lead,0.0
2333,Facebook,2025-04-08 04:00:00,Lead,Lead,0.0
2334,Email,2025-04-08 05:00:00,Lead,MQL,0.0
2335,Google Ads,2025-04-08 06:00:00,Lead,Lead,0.0
2336,Google Ads,2025-04-08 07:00:00,Lead,Lead,0.0
2337,Facebook,2025-04-08 08:00:00,Lead,Lead,0.0
2338,Google Ads,2025-04-08 09:00:00,Lead,Lead,0.0
2339,Google Ads,2025-04-08 10:00:00,Lead,Lead,0.0
2340,Facebook,2025-04-08 11:00:00,Lead,Lead,0.0
2341,Email,2025-04-08 12:00:00,Lead,Lead,0.0
2342,Google Ads,2025-04-08 13:00:00,Lead,MQL,0.0
2343,Google Ads,2025-04-08 14:00:00,Lead,MQL,0.0
2344,Google Ads,2025-04-08 15:00:00,Lead,SQL,0.0
2345,Organic,2025-04-08 16:00:00,Lead,MQL,0.0
2346,Email,2025-04-08 17:00:00,Lead,Lead,0.0
2347,Email,2025-04-08 18:00:00,Lead,SQL,0.0
2348,Google Ads,2025-04-08 19:00:00,Lead,MQL,0.0
2349,Facebook,2025-04-08 20:00:00,Lead,Lead,0.0
2350,Google Ads,2025-04-08 21:00:00,Lead,SQL,0.0
2351,Facebook,2025-04-08 22:00:00,Lead,Lead,0.0
2352,Organic,2025-04-08 23:00:00,Lead,SQL,0.0
2353,Facebook,2025-04-09 00:00:00,Lead,Lead,0.0
2354,Organic,2025-04-09 01:00:00,Lead,MQL,0.0
2355,Email,2025-04-09 02:00:00,Lead,Lead,0.0
2356,Google Ads,2025-04-09 03:00:00,Lead,Lead,0.0
2357,Organic,2025-04-09 04:00:00,Lead,Lead,0.0
2358,Google Ads,2025-04-09 05:00:00,Lead,Lead,0.0
2359,Facebook,2025-04-09 06:00:00,Lead,Lead,0.0
2360,Google Ads,2025-04-09 07:00:00,Lead,Lead,0.0
2361,Google Ads,2025-04-09 08:00:00,Lead,Lead,0.0
2362,Facebook,2025-04-09 09:00:00,Lead,Lead,0.0
2363,Google Ads,2025-04-09 10:00:00,Lead,Lead,0.0
2364,Facebook,2025-04-09 11:00:00,Lead,SQL,0.0
2365,Facebook,2025-04-09 12:00:00,Lead,MQL,0.0
2366,Google Ads,2025-04-09 13:00:00,Lead,MQL,0.0
2367,Google Ads,2025-04-09 14:00:00,Lead,MQL,0.0
2368,Facebook,2025-04-09 15:00:00,Lead,Lead,0.0
2369,Google Ads,2025-04-09 16:00:00,Lead,MQL,0.0
2370,Email,2025-04-09 17:00:00,Lead,SQL,0.0
2371,Email,2025-04-09 18:00:00,Lead,MQL,0.0
2372,Organic,2025-04-09 19:00:00,Lead,MQL,0.0
2373,Email,2025-04-09 20:00:00,Lead,MQL,0.0
2374,Facebook,2025-04-09 21:00:00,Lead,MQL,0.0
2375,Email,2025-04-09 22:00:00,Lead,Lead,0.0
2376,Google Ads,2025-04-09 23:00:00,Lead,Lead,0.0
2377,Google Ads,2025-04-10 00:00:00,Lead,MQL,0.0
2378,Email,2025-04-10 01:00:00,Lead,SQL,0.0
2379,Facebook,2025-04-10 02:00:00,Lead,MQL,0.0
2380,Email,2025-04-10 03:00:00,Lead,Lead,0.0
2381,Organic,2025-04-10 04:00:00,Lead,Closed Lost,0.0
2382,Organic,2025-04-10 05:00:00,Lead,MQL,0.0
2383,Organic,2025-04-10 06:00:00,Lead,Lead,0.0
2384,Facebook,2025-04-10 07:00:00,Lead,Lead,0.0
2385,Google Ads,2025-04-10 08:00:00,Lead,Lead,0.0
2386,Facebook,2025-04-10 09:00:00,Lead,Lead,0.0
2387,Google Ads,2025-04-10 10:00:00,Lead,Lead,0.0
2388,Facebook,2025-04-10 11:00:00,Lead,Closed Lost,0.0
2389,Email,2025-04-10 12:00:00,Lead,SQL,0.0
2390,Email,2025-04-10 13:00:00,Lead,Lead,0.0
2391,Google Ads,2025-04-10 14:00:00,Lead,Lead,0.0
2392,Google Ads,2025-04-10 15:00:00,Lead,Lead,0.0
2393,Facebook,2025-04-10 16:00:00,Lead,Lead,0.0
2394,Google Ads,2025-04-10 17:00:00,Lead,Closed Won,7343.531764059844
2395,Organic,2025-04-10 18:00:00,Lead,Lead,0.0
2396,Google Ads,2025-04-10 19:00:00,Lead,Lead,0.0
2397,Google Ads,2025-04-10 20:00:00,Lead,MQL,0.0
2398,Google Ads,2025-04-10 21:00:00,Lead,MQL,0.0
2399,Facebook,2025-04-10 22:00:00,Lead,Lead,0.0
2400,Facebook,2025-04-10 23:00:00,Lead,MQL,0.0
2401,Google Ads,2025-04-11 00:00:00,Lead,Lead,0.0
2402,Google Ads,2025-04-11 01:00:00,Lead,Lead,0.0
2403,Facebook,2025-04-11 02:00:00,Lead,Lead,0.0
2404,Google Ads,2025-04-11 03:00:00,Lead,MQL,0.0
2405,Email,2025-04-11 04:00:00,Lead,Closed Lost,0.0
2406,Facebook,2025-04-11 05:00:00,Lead,MQL,0.0
2407,Google Ads,2025-04-11 06:00:00,Lead,MQL,0.0
2408,Google Ads,2025-04-11 07:00:00,Lead,Lead,0.0
2409,Referral,2025-04-11 08:00:00,Lead,MQL,0.0
2410,Facebook,2025-04-11 09:00:00,Lead,SQL,0.0
2411,Email,2025-04-11 10:00:00,Lead,Lead,0.0
2412,Google Ads,2025-04-11 11:00:00,Lead,Closed Lost,0.0
2413,Facebook,2025-04-11 12:00:00,Lead,Lead,0.0
2414,Google Ads,2025-04-11 13:00:00,Lead,Lead,0.0
2415,Facebook,2025-04-11 14:00:00,Lead,Lead,0.0
2416,Referral,2025-04-11 15:00:00,Lead,Lead,0.0
2417,Google Ads,2025-04-11 16:00:00,Lead,Lead,0.0
2418,Google Ads,2025-04-11 17:00:00,Lead,Lead,0.0
2419,Google Ads,2025-04-11 18:00:00,Lead,Lead,0.0
2420,Google Ads,2025-04-11 19:00:00,Lead,Lead,0.0
2421,Google Ads,2025-04-11 20:00:00,Lead,Lead,0.0
2422,Google Ads,2025-04-11 21:00:00,Lead,Lead,0.0
2423,Email,2025-04-11 22:00:00,Lead,SQL,0.0
2424,Facebook,2025-04-11 23:00:00,Lead,MQL,0.0
2425,Google Ads,2025-04-12 00:00:00,Lead,Closed Won,4885.582772390626
2426,Organic,2025-04-12 01:00:00,Lead,Lead,0.0
2427,Google Ads,2025-04-12 02:00:00,Lead,Lead,0.0
2428,Referral,2025-04-12 03:00:00,Lead,MQL,0.0
2429,Google Ads,2025-04-12 04:00:00,Lead,Lead,0.0
2430,Organic,2025-04-12 05:00:00,Lead,Lead,0.0
2431,Facebook,2025-04-12 06:00:00,Lead,Lead,0.0
2432,Organic,2025-04-12 07:00:00,Lead,Closed Won,2507.628516233012
2433,Referral,2025-04-12 08:00:00,Lead,Lead,0.0
2434,Google Ads,2025-04-12 09:00:00,Lead,MQL,0.0
2435,Referral,2025-04-12 10:00:00,Lead,Lead,0.0
2436,Google Ads,2025-04-12 11:00:00,Lead,Lead,0.0
2437,Google Ads,2025-04-12 12:00:00,Lead,Lead,0.0
2438,Google Ads,2025-04-12 13:00:00,Lead,MQL,0.0
2439,Facebook,2025-04-12 14:00:00,Lead,MQL,0.0
2440,Google Ads,2025-04-12 15:00:00,Lead,Lead,0.0
2441,Facebook,2025-04-12 16:00:00,Lead,Lead,0.0
2442,Facebook,2025-04-12 17:00:00,Lead,MQL,0.0
2443,Email,2025-04-12 18:00:00,Lead,SQL,0.0
2444,Organic,2025-04-12 19:00:00,Lead,MQL,0.0
2445,Facebook,2025-04-12 20:00:00,Lead,MQL,0.0
2446,Google Ads,2025-04-12 21:00:00,Lead,Lead,0.0
2447,Google Ads,2025-04-12 22:00:00,Lead,Lead,0.0
2448,Google Ads,2025-04-12 23:00:00,Lead,Lead,0.0
2449,Google Ads,2025-04-13 00:00:00,Lead,Lead,0.0
2450,Google Ads,2025-04-13 01:00:00,Lead,MQL,0.0
2451,Google Ads,2025-04-13 02:00:00,Lead,SQL,0.0
2452,Referral,2025-04-13 03:00:00,Lead,Lead,0.0
2453,Facebook,2025-04-13 04:00:00,Lead,Lead,0.0
2454,Google Ads,2025-04-13 05:00:00,Lead,Lead,0.0
2455,Facebook,2025-04-13 06:00:00,Lead,Lead,0.0
2456,Google Ads,2025-04-13 07:00:00,Lead,MQL,0.0
2457,Facebook,2025-04-13 08:00:00,Lead,MQL,0.0
2458,Facebook,2025-04-13 09:00:00,Lead,MQL,0.0
2459,Facebook,2025-04-13 10:00:00,Lead,SQL,0.0
2460,Facebook,2025-04-13 11:00:00,Lead,Closed Lost,0.0
2461,Referral,2025-04-13 12:00:00,Lead,Lead,0.0
2462,Organic,2025-04-13 13:00:00,Lead,Lead,0.0
2463,Facebook,2025-04-13 14:00:00,Lead,Lead,0.0
2464,Facebook,2025-04-13 15:00:00,Lead,Lead,0.0
2465,Facebook,2025-04-13 16:00:00,Lead,Lead,0.0
2466,Google Ads,2025-04-13 17:00:00,Lead,MQL,0.0
2467,Google Ads,2025-04-13 18:00:00,Lead,MQL,0.0
2468,Google Ads,2025-04-13 19:00:00,Lead,Lead,0.0
2469,Facebook,2025-04-13 20:00:00,Lead,MQL,0.0
2470,Facebook,2025-04-13 21:00:00,Lead,Closed Lost,0.0
2471,Google Ads,2025-04-13 22:00:00,Lead,Lead,0.0
2472,Referral,2025-04-13 23:00:00,Lead,MQL,0.0
2473,Organic,2025-04-14 00:00:00,Lead,Lead,0.0
2474,Email,2025-04-14 01:00:00,Lead,MQL,0.0
2475,Facebook,2025-04-14 02:00:00,Lead,SQL,0.0
2476,Organic,2025-04-14 03:00:00,Lead,Lead,0.0
2477,Google Ads,2025-04-14 04:00:00,Lead,Closed Lost,0.0
2478,Email,2025-04-14 05:00:00,Lead,MQL,0.0
2479,Google Ads,2025-04-14 06:00:00,Lead,MQL,0.0
2480,Email,2025-04-14 07:00:00,Lead,Lead,0.0
2481,Google Ads,2025-04-14 08:00:00,Lead,SQL,0.0
2482,Organic,2025-04-14 09:00:00,Lead,Closed Lost,0.0
2483,Organic,2025-04-14 10:00:00,Lead,Lead,0.0
2484,Google Ads,2025-04-14 11:00:00,Lead,Lead,0.0
2485,Facebook,2025-04-14 12:00:00,Lead,MQL,0.0
2486,Referral,2025-04-14 13:00:00,Lead,Closed Won,4549.145914122127
2487,Facebook,2025-04-14 14:00:00,Lead,MQL,0.0
2488,Organic,2025-04-14 15:00:00,Lead,Lead,0.0
2489,Facebook,2025-04-14 16:00:00,Lead,Lead,0.0
2490,Google Ads,2025-04-14 17:00:00,Lead,MQL,0.0
2491,Google Ads,2025-04-14 18:00:00,Lead,Closed Lost,0.0
2492,Google Ads,2025-04-14 19:00:00,Lead,SQL,0.0
2493,Email,2025-04-14 20:00:00,Lead,MQL,0.0
2494,Google Ads,2025-04-14 21:00:00,Lead,MQL,0.0
2495,Facebook,2025-04-14 22:00:00,Lead,MQL,0.0
2496,Facebook,2025-04-14 23:00:00,Lead,MQL,0.0
2497,Facebook,2025-04-15 00:00:00,Lead,Lead,0.0
2498,Organic,2025-04-15 01:00:00,Lead,MQL,0.0
2499,Referral,2025-04-15 02:00:00,Lead,Lead,0.0
2500,Facebook,2025-04-15 03:00:00,Lead,Lead,0.0
2501,Organic,2025-04-15 04:00:00,Lead,Lead,0.0
2502,Email,2025-04-15 05:00:00,Lead,Lead,0.0
2503,Facebook,2025-04-15 06:00:00,Lead,Lead,0.0
2504,Referral,2025-04-15 07:00:00,Lead,MQL,0.0
2505,Google Ads,2025-04-15 08:00:00,Lead,Lead,0.0
2506,Google Ads,2025-04-15 09:00:00,Lead,Lead,0.0
2507,Organic,2025-04-15 10:00:00,Lead,Lead,0.0
2508,Facebook,2025-04-15 11:00:00,Lead,Lead,0.0
2509,Organic,2025-04-15 12:00:00,Lead,Lead,0.0
2510,Organic,2025-04-15 13:00:00,Lead,Lead,0.0
2511,Google Ads,2025-04-15 14:00:00,Lead,Lead,0.0
2512,Organic,2025-04-15 15:00:00,Lead,Lead,0.0
2513,Facebook,2025-04-15 16:00:00,Lead,Lead,0.0
2514,Facebook,2025-04-15 17:00:00,Lead,Lead,0.0
2515,Facebook,2025-04-15 18:00:00,Lead,Lead,0.0
2516,Organic,2025-04-15 19:00:00,Lead,Lead,0.0
2517,Google Ads,2025-04-15 20:00:00,Lead,SQL,0.0
2518,Facebook,2025-04-15 21:00:00,Lead,Lead,0.0
2519,Email,2025-04-15 22:00:00,Lead,SQL,0.0
2520,Email,2025-04-15 23:00:00,Lead,Lead,0.0
2521,Email,2025-04-16 00:00:00,Lead,Lead,0.0
2522,Google Ads,2025-04-16 01:00:00,Lead,Lead,0.0
2523,Google Ads,2025-04-16 02:00:00,Lead,Closed Won,4329.533670790939
2524,Google Ads,2025-04-16 03:00:00,Lead,Lead,0.0
2525,Organic,2025-04-16 04:00:00,Lead,Lead,0.0
2526,Google Ads,2025-04-16 05:00:00,Lead,Lead,0.0
2527,Google Ads,2025-04-16 06:00:00,Lead,Lead,0.0
2528,Referral,2025-04-16 07:00:00,Lead,MQL,0.0
2529,Google Ads,2025-04-16 08:00:00,Lead,SQL,0.0
2530,Referral,2025-04-16 09:00:00,Lead,MQL,0.0
2531,Email,2025-04-16 10:00:00,Lead,Lead,0.0
2532,Organic,2025-04-16 11:00:00,Lead,SQL,0.0
2533,Google Ads,2025-04-16 12:00:00,Lead,Lead,0.0
2534,Google Ads,2025-04-16 13:00:00,Lead,MQL,0.0
2535,Email,2025-04-16 14:00:00,Lead,Lead,0.0
2536,Organic,2025-04-16 15:00:00,Lead,Lead,0.0
2537,Email,2025-04-16 16:00:00,Lead,MQL,0.0
2538,Google Ads,2025-04-16 17:00:00,Lead,Lead,0.0
2539,Email,2025-04-16 18:00:00,Lead,Lead,0.0
2540,Email,2025-04-16 19:00:00,Lead,Lead,0.0
2541,Email,2025-04-16 20:00:00,Lead,Lead,0.0
2542,Email,2025-04-16 21:00:00,Lead,MQL,0.0
2543,Organic,2025-04-16 22:00:00,Lead,Lead,0.0
2544,Facebook,2025-04-16 23:00:00,Lead,Lead,0.0
2545,Google Ads,2025-04-17 00:00:00,Lead,MQL,0.0
2546,Facebook,2025-04-17 01:00:00,Lead,Lead,0.0
2547,Google Ads,2025-04-17 02:00:00,Lead,Lead,0.0
2548,Facebook,2025-04-17 03:00:00,Lead,MQL,0.0
2549,Facebook,2025-04-17 04:00:00,Lead,MQL,0.0
2550,Google Ads,2025-04-17 05:00:00,Lead,Lead,0.0
2551,Google Ads,2025-04-17 06:00:00,Lead,MQL,0.0
2552,Google Ads,2025-04-17 07:00:00,Lead,Lead,0.0
2553,Organic,2025-04-17 08:00:00,Lead,MQL,0.0
2554,Organic,2025-04-17 09:00:00,Lead,MQL,0.0
2555,Google Ads,2025-04-17 10:00:00,Lead,SQL,0.0
2556,Referral,2025-04-17 11:00:00,Lead,MQL,0.0
2557,Facebook,2025-04-17 12:00:00,Lead,MQL,0.0
2558,Google Ads,2025-04-17 13:00:00,Lead,Lead,0.0
2559,Google Ads,2025-04-17 14:00:00,Lead,Lead,0.0
2560,Facebook,2025-04-17 15:00:00,Lead,Lead,0.0
2561,Email,2025-04-17 16:00:00,Lead,Lead,0.0
2562,Email,2025-04-17 17:00:00,Lead,Lead,0.0
2563,Google Ads,2025-04-17 18:00:00,Lead,MQL,0.0
2564,Google Ads,2025-04-17 19:00:00,Lead,Lead,0.0
2565,Facebook,2025-04-17 20:00:00,Lead,MQL,0.0
2566,Google Ads,2025-04-17 21:00:00,Lead,SQL,0.0
2567,Google Ads,2025-04-17 22:00:00,Lead,Lead,0.0
2568,Google Ads,2025-04-17 23:00:00,Lead,Lead,0.0
2569,Organic,2025-04-18 00:00:00,Lead,Lead,0.0
2570,Organic,2025-04-18 01:00:00,Lead,SQL,0.0
2571,Facebook,2025-04-18 02:00:00,Lead,SQL,0.0
2572,Organic,2025-04-18 03:00:00,Lead,Lead,0.0
2573,Google Ads,2025-04-18 04:00:00,Lead,MQL,0.0
2574,Facebook,2025-04-18 05:00:00,Lead,Lead,0.0
2575,Google Ads,2025-04-18 06:00:00,Lead,MQL,0.0
2576,Facebook,2025-04-18 07:00:00,Lead,MQL,0.0
2577,Referral,2025-04-18 08:00:00,Lead,Lead,0.0
2578,Facebook,2025-04-18 09:00:00,Lead,Lead,0.0
2579,Google Ads,2025-04-18 10:00:00,Lead,Closed Won,3909.2038271103884
2580,Facebook,2025-04-18 11:00:00,Lead,SQL,0.0
2581,Google Ads,2025-04-18 12:00:00,Lead,SQL,0.0
2582,Organic,2025-04-18 13:00:00,Lead,Lead,0.0
2583,Facebook,2025-04-18 14:00:00,Lead,SQL,0.0
2584,Facebook,2025-04-18 15:00:00,Lead,MQL,0.0
2585,Facebook,2025-04-18 16:00:00,Lead,SQL,0.0
2586,Facebook,2025-04-18 17:00:00,Lead,Lead,0.0
2587,Google Ads,2025-04-18 18:00:00,Lead,Lead,0.0
2588,Email,2025-04-18 19:00:00,Lead,MQL,0.0
2589,Google Ads,2025-04-18 20:00:00,Lead,MQL,0.0
2590,Email,2025-04-18 21:00:00,Lead,Lead,0.0
2591,Organic,2025-04-18 22:00:00,Lead,MQL,0.0
2592,Organic,2025-04-18 23:00:00,Lead,Lead,0.0
2593,Facebook,2025-04-19 00:00:00,Lead,Lead,0.0
2594,Facebook,2025-04-19 01:00:00,Lead,Lead,0.0
2595,Google Ads,2025-04-19 02:00:00,Lead,SQL,0.0
2596,Email,2025-04-19 03:00:00,Lead,MQL,0.0
2597,Google Ads,2025-04-19 04:00:00,Lead,Lead,0.0
2598,Facebook,2025-04-19 05:00:00,Lead,Lead,0.0
2599,Google Ads,2025-04-19 06:00:00,Lead,MQL,0.0
2600,Google Ads,2025-04-19 07:00:00,Lead,Lead,0.0
2601,Facebook,2025-04-19 08:00:00,Lead,Lead,0.0
2602,Google Ads,2025-04-19 09:00:00,Lead,MQL,0.0
2603,Email,2025-04-19 10:00:00,Lead,MQL,0.0
2604,Google Ads,2025-04-19 11:00:00,Lead,MQL,0.0
2605,Google Ads,2025-04-19 12:00:00,Lead,Lead,0.0
2606,Facebook,2025-04-19 13:00:00,Lead,Lead,0.0
2607,Google Ads,2025-04-19 14:00:00,Lead,Lead,0.0
2608,Google Ads,2025-04-19 15:00:00,Lead,MQL,0.0
2609,Email,2025-04-19 16:00:00,Lead,Lead,0.0
2610,Google Ads,2025-04-19 17:00:00,Lead,MQL,0.0
2611,Organic,2025-04-19 18:00:00,Lead,MQL,0.0
2612,Google Ads,2025-04-19 19:00:00,Lead,SQL,0.0
2613,Google Ads,2025-04-19 20:00:00,Lead,SQL,0.0
2614,Email,2025-04-19 21:00:00,Lead,MQL,0.0
2615,Google Ads,2025-04-19 22:00:00,Lead,Lead,0.0
2616,Google Ads,2025-04-19 23:00:00,Lead,Lead,0.0
2617,Google Ads,2025-04-20 00:00:00,Lead,Lead,0.0
2618,Google Ads,2025-04-20 01:00:00,Lead,SQL,0.0
2619,Organic,2025-04-20 02:00:00,Lead,Lead,0.0
2620,Google Ads,2025-04-20 03:00:00,Lead,MQL,0.0
2621,Email,2025-04-20 04:00:00,Lead,Lead,0.0
2622,Organic,2025-04-20 05:00:00,Lead,Lead,0.0
2623,Facebook,2025-04-20 06:00:00,Lead,Lead,0.0
2624,Organic,2025-04-20 07:00:00,Lead,MQL,0.0
2625,Google Ads,2025-04-20 08:00:00,Lead,MQL,0.0
2626,Referral,2025-04-20 09:00:00,Lead,Lead,0.0
2627,Google Ads,2025-04-20 10:00:00,Lead,Lead,0.0
2628,Email,2025-04-20 11:00:00,Lead,MQL,0.0
2629,Facebook,2025-04-20 12:00:00,Lead,Lead,0.0
2630,Google Ads,2025-04-20 13:00:00,Lead,Lead,0.0
2631,Facebook,2025-04-20 14:00:00,Lead,SQL,0.0
2632,Email,2025-04-20 15:00:00,Lead,Lead,0.0
2633,Google Ads,2025-04-20 16:00:00,Lead,Lead,0.0
2634,Google Ads,2025-04-20 17:00:00,Lead,SQL,0.0
2635,Email,2025-04-20 18:00:00,Lead,Lead,0.0
2636,Email,2025-04-20 19:00:00,Lead,SQL,0.0
2637,Referral,2025-04-20 20:00:00,Lead,MQL,0.0
2638,Email,2025-04-20 21:00:00,Lead,MQL,0.0
2639,Referral,2025-04-20 22:00:00,Lead,MQL,0.0
2640,Email,2025-04-20 23:00:00,Lead,MQL,0.0
2641,Google Ads,2025-04-21 00:00:00,Lead,MQL,0.0
2642,Google Ads,2025-04-21 01:00:00,Lead,Lead,0.0
2643,Email,2025-04-21 02:00:00,Lead,Lead,0.0
2644,Facebook,2025-04-21 03:00:00,Lead,Lead,0.0
2645,Google Ads,2025-04-21 04:00:00,Lead,Lead,0.0
2646,Google Ads,2025-04-21 05:00:00,Lead,Lead,0.0
2647,Referral,2025-04-21 06:00:00,Lead,Lead,0.0
2648,Facebook,2025-04-21 07:00:00,Lead,Lead,0.0
2649,Facebook,2025-04-21 08:00:00,Lead,MQL,0.0
2650,Facebook,2025-04-21 09:00:00,Lead,Closed Lost,0.0
2651,Google Ads,2025-04-21 10:00:00,Lead,Lead,0.0
2652,Google Ads,2025-04-21 11:00:00,Lead,Lead,0.0
2653,Google Ads,2025-04-21 12:00:00,Lead,Lead,0.0
2654,Google Ads,2025-04-21 13:00:00,Lead,Lead,0.0
2655,Email,2025-04-21 14:00:00,Lead,Lead,0.0
2656,Facebook,2025-04-21 15:00:00,Lead,MQL,0.0
2657,Organic,2025-04-21 16:00:00,Lead,Lead,0.0
2658,Organic,2025-04-21 17:00:00,Lead,Lead,0.0
2659,Google Ads,2025-04-21 18:00:00,Lead,Lead,0.0
2660,Email,2025-04-21 19:00:00,Lead,Lead,0.0
2661,Facebook,2025-04-21 20:00:00,Lead,MQL,0.0
2662,Organic,2025-04-21 21:00:00,Lead,Lead,0.0
2663,Google Ads,2025-04-21 22:00:00,Lead,Lead,0.0
2664,Email,2025-04-21 23:00:00,Lead,Lead,0.0
2665,Facebook,2025-04-22 00:00:00,Lead,MQL,0.0
2666,Google Ads,2025-04-22 01:00:00,Lead,Lead,0.0
2667,Google Ads,2025-04-22 02:00:00,Lead,Lead,0.0
2668,Email,2025-04-22 03:00:00,Lead,Lead,0.0
2669,Email,2025-04-22 04:00:00,Lead,SQL,0.0
2670,Google Ads,2025-04-22 05:00:00,Lead,MQL,0.0
2671,Facebook,2025-04-22 06:00:00,Lead,Lead,0.0
2672,Google Ads,2025-04-22 07:00:00,Lead,MQL,0.0
2673,Email,2025-04-22 08:00:00,Lead,Lead,0.0
2674,Google Ads,2025-04-22 09:00:00,Lead,SQL,0.0
2675,Organic,2025-04-22 10:00:00,Lead,Lead,0.0
2676,Google Ads,2025-04-22 11:00:00,Lead,Lead,0.0
2677,Google Ads,2025-04-22 12:00:00,Lead,Lead,0.0
2678,Google Ads,2025-04-22 13:00:00,Lead,Lead,0.0
2679,Google Ads,2025-04-22 14:00:00,Lead,Lead,0.0
2680,Facebook,2025-04-22 15:00:00,Lead,Lead,0.0
2681,Google Ads,2025-04-22 16:00:00,Lead,Lead,0.0
2682,Organic,2025-04-22 17:00:00,Lead,MQL,0.0
2683,Google Ads,2025-04-22 18:00:00,Lead,Lead,0.0
2684,Google Ads,2025-04-22 19:00:00,Lead,Lead,0.0
2685,Google Ads,2025-04-22 20:00:00,Lead,Lead,0.0
2686,Google Ads,2025-04-22 21:00:00,Lead,MQL,0.0
2687,Google Ads,2025-04-22 22:00:00,Lead,MQL,0.0
2688,Facebook,2025-04-22 23:00:00,Lead,Lead,0.0
2689,Facebook,2025-04-23 00:00:00,Lead,Lead,0.0
2690,Facebook,2025-04-23 01:00:00,Lead,Lead,0.0
2691,Facebook,2025-04-23 02:00:00,Lead,Lead,0.0
2692,Facebook,2025-04-23 03:00:00,Lead,MQL,0.0
2693,Google Ads,2025-04-23 04:00:00,Lead,Lead,0.0
2694,Facebook,2025-04-23 05:00:00,Lead,Lead,0.0
2695,Referral,2025-04-23 06:00:00,Lead,MQL,0.0
2696,Facebook,2025-04-23 07:00:00,Lead,MQL,0.0
2697,Email,2025-04-23 08:00:00,Lead,MQL,0.0
2698,Google Ads,2025-04-23 09:00:00,Lead,Lead,0.0
2699,Email,2025-04-23 10:00:00,Lead,MQL,0.0
2700,Email,2025-04-23 11:00:00,Lead,Lead,0.0
2701,Facebook,2025-04-23 12:00:00,Lead,MQL,0.0
2702,Referral,2025-04-23 13:00:00,Lead,Closed Lost,0.0
2703,Google Ads,2025-04-23 14:00:00,Lead,Lead,0.0
2704,Google Ads,2025-04-23 15:00:00,Lead,Lead,0.0
2705,Email,2025-04-23 16:00:00,Lead,MQL,0.0
2706,Organic,2025-04-23 17:00:00,Lead,MQL,0.0
2707,Google Ads,2025-04-23 18:00:00,Lead,SQL,0.0
2708,Google Ads,2025-04-23 19:00:00,Lead,Lead,0.0
2709,Google Ads,2025-04-23 20:00:00,Lead,MQL,0.0
2710,Google Ads,2025-04-23 21:00:00,Lead,MQL,0.0
2711,Email,2025-04-23 22:00:00,Lead,Lead,0.0
2712,Facebook,2025-04-23 23:00:00,Lead,Closed Lost,0.0
2713,Google Ads,2025-04-24 00:00:00,Lead,Lead,0.0
2714,Google Ads,2025-04-24 01:00:00,Lead,Lead,0.0
2715,Google Ads,2025-04-24 02:00:00,Lead,MQL,0.0
2716,Google Ads,2025-04-24 03:00:00,Lead,Lead,0.0
2717,Facebook,2025-04-24 04:00:00,Lead,Lead,0.0
2718,Referral,2025-04-24 05:00:00,Lead,Lead,0.0
2719,Organic,2025-04-24 06:00:00,Lead,Lead,0.0
2720,Google Ads,2025-04-24 07:00:00,Lead,Lead,0.0
2721,Organic,2025-04-24 08:00:00,Lead,SQL,0.0
2722,Email,2025-04-24 09:00:00,Lead,MQL,0.0
2723,Email,2025-04-24 10:00:00,Lead,MQL,0.0
2724,Facebook,2025-04-24 11:00:00,Lead,MQL,0.0
2725,Google Ads,2025-04-24 12:00:00,Lead,Lead,0.0
2726,Google Ads,2025-04-24 13:00:00,Lead,SQL,0.0
2727,Google Ads,2025-04-24 14:00:00,Lead,MQL,0.0
2728,Google Ads,2025-04-24 15:00:00,Lead,MQL,0.0
2729,Google Ads,2025-04-24 16:00:00,Lead,Lead,0.0
2730,Facebook,2025-04-24 17:00:00,Lead,Lead,0.0
2731,Email,2025-04-24 18:00:00,Lead,Lead,0.0
2732,Facebook,2025-04-24 19:00:00,Lead,Lead,0.0
2733,Google Ads,2025-04-24 20:00:00,Lead,Lead,0.0
2734,Referral,2025-04-24 21:00:00,Lead,Lead,0.0
2735,Organic,2025-04-24 22:00:00,Lead,SQL,0.0
2736,Email,2025-04-24 23:00:00,Lead,Lead,0.0
2737,Referral,2025-04-25 00:00:00,Lead,SQL,0.0
2738,Facebook,2025-04-25 01:00:00,Lead,Lead,0.0
2739,Referral,2025-04-25 02:00:00,Lead,MQL,0.0
2740,Google Ads,2025-04-25 03:00:00,Lead,Lead,0.0
2741,Google Ads,2025-04-25 04:00:00,Lead,Lead,0.0
2742,Google Ads,2025-04-25 05:00:00,Lead,SQL,0.0
2743,Google Ads,2025-04-25 06:00:00,Lead,Lead,0.0
2744,Google Ads,2025-04-25 07:00:00,Lead,Lead,0.0
2745,Facebook,2025-04-25 08:00:00,Lead,MQL,0.0
2746,Email,2025-04-25 09:00:00,Lead,SQL,0.0
2747,Facebook,2025-04-25 10:00:00,Lead,Lead,0.0
2748,Google Ads,2025-04-25 11:00:00,Lead,MQL,0.0
2749,Organic,2025-04-25 12:00:00,Lead,Lead,0.0
2750,Facebook,2025-04-25 13:00:00,Lead,Lead,0.0
2751,Google Ads,2025-04-25 14:00:00,Lead,Lead,0.0
2752,Email,2025-04-25 15:00:00,Lead,MQL,0.0
2753,Google Ads,2025-04-25 16:00:00,Lead,Lead,0.0
2754,Google Ads,2025-04-25 17:00:00,Lead,MQL,0.0
2755,Organic,2025-04-25 18:00:00,Lead,Lead,0.0
2756,Google Ads,2025-04-25 19:00:00,Lead,MQL,0.0
2757,Facebook,2025-04-25 20:00:00,Lead,Lead,0.0
2758,Organic,2025-04-25 21:00:00,Lead,SQL,0.0
2759,Email,2025-04-25 22:00:00,Lead,Lead,0.0
2760,Google Ads,2025-04-25 23:00:00,Lead,Lead,0.0
2761,Google Ads,2025-04-26 00:00:00,Lead,Lead,0.0
2762,Google Ads,2025-04-26 01:00:00,Lead,Lead,0.0
2763,Facebook,2025-04-26 02:00:00,Lead,Lead,0.0
2764,Facebook,2025-04-26 03:00:00,Lead,SQL,0.0
2765,Google Ads,2025-04-26 04:00:00,Lead,Lead,0.0
2766,Referral,2025-04-26 05:00:00,Lead,Lead,0.0
2767,Facebook,2025-04-26 06:00:00,Lead,Lead,0.0
2768,Google Ads,2025-04-26 07:00:00,Lead,Lead,0.0
2769,Facebook,2025-04-26 08:00:00,Lead,Lead,0.0
2770,Email,2025-04-26 09:00:00,Lead,MQL,0.0
2771,Google Ads,2025-04-26 10:00:00,Lead,Lead,0.0
2772,Google Ads,2025-04-26 11:00:00,Lead,Lead,0.0
2773,Organic,2025-04-26 12:00:00,Lead,MQL,0.0
2774,Facebook,2025-04-26 13:00:00,Lead,Lead,0.0
2775,Facebook,2025-04-26 14:00:00,Lead,MQL,0.0
2776,Facebook,2025-04-26 15:00:00,Lead,Lead,0.0
2777,Google Ads,2025-04-26 16:00:00,Lead,MQL,0.0
2778,Google Ads,2025-04-26 17:00:00,Lead,SQL,0.0
2779,Facebook,2025-04-26 18:00:00,Lead,Lead,0.0
2780,Google Ads,2025-04-26 19:00:00,Lead,Lead,0.0
2781,Google Ads,2025-04-26 20:00:00,Lead,Lead,0.0
2782,Organic,2025-04-26 21:00:00,Lead,Lead,0.0
2783,Referral,2025-04-26 22:00:00,Lead,SQL,0.0
2784,Email,2025-04-26 23:00:00,Lead,MQL,0.0
2785,Organic,2025-04-27 00:00:00,Lead,Lead,0.0
2786,Google Ads,2025-04-27 01:00:00,Lead,Lead,0.0
2787,Referral,2025-04-27 02:00:00,Lead,MQL,0.0
2788,Google Ads,2025-04-27 03:00:00,Lead,Lead,0.0
2789,Referral,2025-04-27 04:00:00,Lead,MQL,0.0
2790,Referral,2025-04-27 05:00:00,Lead,MQL,0.0
2791,Email,2025-04-27 06:00:00,Lead,SQL,0.0
2792,Referral,2025-04-27 07:00:00,Lead,SQL,0.0
2793,Facebook,2025-04-27 08:00:00,Lead,MQL,0.0
2794,Google Ads,2025-04-27 09:00:00,Lead,MQL,0.0
2795,Facebook,2025-04-27 10:00:00,Lead,Lead,0.0
2796,Facebook,2025-04-27 11:00:00,Lead,Lead,0.0
2797,Google Ads,2025-04-27 12:00:00,Lead,Lead,0.0
2798,Facebook,2025-04-27 13:00:00,Lead,Lead,0.0
2799,Referral,2025-04-27 14:00:00,Lead,Lead,0.0
2800,Google Ads,2025-04-27 15:00:00,Lead,Lead,0.0
2801,Email,2025-04-27 16:00:00,Lead,MQL,0.0
2802,Organic,2025-04-27 17:00:00,Lead,MQL,0.0
2803,Organic,2025-04-27 18:00:00,Lead,Lead,0.0
2804,Referral,2025-04-27 19:00:00,Lead,Closed Lost,0.0
2805,Facebook,2025-04-27 20:00:00,Lead,Lead,0.0
2806,Referral,2025-04-27 21:00:00,Lead,Lead,0.0
2807,Email,2025-04-27 22:00:00,Lead,Lead,0.0
2808,Google Ads,2025-04-27 23:00:00,Lead,MQL,0.0
2809,Facebook,2025-04-28 00:00:00,Lead,Lead,0.0
2810,Email,2025-04-28 01:00:00,Lead,MQL,0.0
2811,Google Ads,2025-04-28 02:00:00,Lead,Lead,0.0
2812,Facebook,2025-04-28 03:00:00,Lead,Lead,0.0
2813,Email,2025-04-28 04:00:00,Lead,MQL,0.0
2814,Google Ads,2025-04-28 05:00:00,Lead,Lead,0.0
2815,Facebook,2025-04-28 06:00:00,Lead,Lead,0.0
2816,Email,2025-04-28 07:00:00,Lead,Lead,0.0
2817,Facebook,2025-04-28 08:00:00,Lead,Lead,0.0
2818,Google Ads,2025-04-28 09:00:00,Lead,Lead,0.0
2819,Google Ads,2025-04-28 10:00:00,Lead,MQL,0.0
2820,Google Ads,2025-04-28 11:00:00,Lead,MQL,0.0
2821,Organic,2025-04-28 12:00:00,Lead,Lead,0.0
2822,Google Ads,2025-04-28 13:00:00,Lead,MQL,0.0
2823,Facebook,2025-04-28 14:00:00,Lead,SQL,0.0
2824,Google Ads,2025-04-28 15:00:00,Lead,MQL,0.0
2825,Google Ads,2025-04-28 16:00:00,Lead,MQL,0.0
2826,Organic,2025-04-28 17:00:00,Lead,Lead,0.0
2827,Email,2025-04-28 18:00:00,Lead,Lead,0.0
2828,Google Ads,2025-04-28 19:00:00,Lead,MQL,0.0
2829,Facebook,2025-04-28 20:00:00,Lead,Lead,0.0
2830,Google Ads,2025-04-28 21:00:00,Lead,MQL,0.0
2831,Facebook,2025-04-28 22:00:00,Lead,MQL,0.0
2832,Email,2025-04-28 23:00:00,Lead,Lead,0.0
2833,Google Ads,2025-04-29 00:00:00,Lead,MQL,0.0
2834,Google Ads,2025-04-29 01:00:00,Lead,SQL,0.0
2835,Google Ads,2025-04-29 02:00:00,Lead,Lead,0.0
2836,Organic,2025-04-29 03:00:00,Lead,Lead,0.0
2837,Referral,2025-04-29 04:00:00,Lead,Lead,0.0
2838,Google Ads,2025-04-29 05:00:00,Lead,MQL,0.0
2839,Email,2025-04-29 06:00:00,Lead,SQL,0.0
2840,Google Ads,2025-04-29 07:00:00,Lead,SQL,0.0
2841,Google Ads,2025-04-29 08:00:00,Lead,Closed Lost,0.0
2842,Email,2025-04-29 09:00:00,Lead,Lead,0.0
2843,Organic,2025-04-29 10:00:00,Lead,Lead,0.0
2844,Referral,2025-04-29 11:00:00,Lead,Lead,0.0
2845,Facebook,2025-04-29 12:00:00,Lead,SQL,0.0
2846,Google Ads,2025-04-29 13:00:00,Lead,Lead,0.0
2847,Email,2025-04-29 14:00:00,Lead,Lead,0.0
2848,Google Ads,2025-04-29 15:00:00,Lead,Lead,0.0
2849,Facebook,2025-04-29 16:00:00,Lead,SQL,0.0
2850,Google Ads,2025-04-29 17:00:00,Lead,MQL,0.0
2851,Email,2025-04-29 18:00:00,Lead,Lead,0.0
2852,Google Ads,2025-04-29 19:00:00,Lead,Lead,0.0
2853,Google Ads,2025-04-29 20:00:00,Lead,Lead,0.0
2854,Organic,2025-04-29 21:00:00,Lead,Lead,0.0
2855,Google Ads,2025-04-29 22:00:00,Lead,Lead,0.0
2856,Facebook,2025-04-29 23:00:00,Lead,Lead,0.0
2857,Google Ads,2025-04-30 00:00:00,Lead,MQL,0.0
2858,Google Ads,2025-04-30 01:00:00,Lead,Lead,0.0
2859,Google Ads,2025-04-30 02:00:00,Lead,MQL,0.0
2860,Google Ads,2025-04-30 03:00:00,Lead,MQL,0.0
2861,Organic,2025-04-30 04:00:00,Lead,Lead,0.0
2862,Google Ads,2025-04-30 05:00:00,Lead,SQL,0.0
2863,Referral,2025-04-30 06:00:00,Lead,Lead,0.0
2864,Facebook,2025-04-30 07:00:00,Lead,Lead,0.0
2865,Facebook,2025-04-30 08:00:00,Lead,MQL,0.0
2866,Facebook,2025-04-30 09:00:00,Lead,Lead,0.0
2867,Facebook,2025-04-30 10:00:00,Lead,SQL,0.0
2868,Email,2025-04-30 11:00:00,Lead,MQL,0.0
2869,Google Ads,2025-04-30 12:00:00,Lead,MQL,0.0
2870,Google Ads,2025-04-30 13:00:00,Lead,Lead,0.0
2871,Organic,2025-04-30 14:00:00,Lead,MQL,0.0
2872,Organic,2025-04-30 15:00:00,Lead,MQL,0.0
2873,Organic,2025-04-30 16:00:00,Lead,MQL,0.0
2874,Facebook,2025-04-30 17:00:00,Lead,Lead,0.0
2875,Email,2025-04-30 18:00:00,Lead,Lead,0.0
2876,Facebook,2025-04-30 19:00:00,Lead,Lead,0.0
2877,Facebook,2025-04-30 20:00:00,Lead,Lead,0.0
2878,Google Ads,2025-04-30 21:00:00,Lead,MQL,0.0
2879,Facebook,2025-04-30 22:00:00,Lead,Lead,0.0
2880,Google Ads,2025-04-30 23:00:00,Lead,Lead,0.0
2881,Google Ads,2025-05-01 00:00:00,Lead,MQL,0.0
2882,Organic,2025-05-01 01:00:00,Lead,Lead,0.0
2883,Google Ads,2025-05-01 02:00:00,Lead,SQL,0.0
2884,Google Ads,2025-05-01 03:00:00,Lead,Lead,0.0
2885,Google Ads,2025-05-01 04:00:00,Lead,Lead,0.0
2886,Organic,2025-05-01 05:00:00,Lead,Lead,0.0
2887,Facebook,2025-05-01 06:00:00,Lead,Closed Lost,0.0
2888,Facebook,2025-05-01 07:00:00,Lead,MQL,0.0
2889,Organic,2025-05-01 08:00:00,Lead,Lead,0.0
2890,Organic,2025-05-01 09:00:00,Lead,SQL,0.0
2891,Google Ads,2025-05-01 10:00:00,Lead,MQL,0.0
2892,Email,2025-05-01 11:00:00,Lead,Lead,0.0
2893,Email,2025-05-01 12:00:00,Lead,Lead,0.0
2894,Email,2025-05-01 13:00:00,Lead,Lead,0.0
2895,Google Ads,2025-05-01 14:00:00,Lead,Lead,0.0
2896,Organic,2025-05-01 15:00:00,Lead,Lead,0.0
2897,Facebook,2025-05-01 16:00:00,Lead,Lead,0.0
2898,Google Ads,2025-05-01 17:00:00,Lead,Lead,0.0
2899,Facebook,2025-05-01 18:00:00,Lead,MQL,0.0
2900,Google Ads,2025-05-01 19:00:00,Lead,Lead,0.0
2901,Google Ads,2025-05-01 20:00:00,Lead,Lead,0.0
2902,Email,2025-05-01 21:00:00,Lead,SQL,0.0
2903,Google Ads,2025-05-01 22:00:00,Lead,MQL,0.0
2904,Facebook,2025-05-01 23:00:00,Lead,Lead,0.0
2905,Facebook,2025-05-02 00:00:00,Lead,Lead,0.0
2906,Google Ads,2025-05-02 01:00:00,Lead,Closed Lost,0.0
2907,Referral,2025-05-02 02:00:00,Lead,Lead,0.0
2908,Google Ads,2025-05-02 03:00:00,Lead,Closed Lost,0.0
2909,Google Ads,2025-05-02 04:00:00,Lead,Lead,0.0
2910,Google Ads,2025-05-02 05:00:00,Lead,Lead,0.0
2911,Google Ads,2025-05-02 06:00:00,Lead,Lead,0.0
2912,Google Ads,2025-05-02 07:00:00,Lead,Lead,0.0
2913,Email,2025-05-02 08:00:00,Lead,MQL,0.0
2914,Referral,2025-05-02 09:00:00,Lead,MQL,0.0
2915,Google Ads,2025-05-02 10:00:00,Lead,MQL,0.0
2916,Email,2025-05-02 11:00:00,Lead,MQL,0.0
2917,Email,2025-05-02 12:00:00,Lead,MQL,0.0
2918,Organic,2025-05-02 13:00:00,Lead,Lead,0.0
2919,Facebook,2025-05-02 14:00:00,Lead,MQL,0.0
2920,Google Ads,2025-05-02 15:00:00,Lead,Lead,0.0
2921,Google Ads,2025-05-02 16:00:00,Lead,MQL,0.0
2922,Email,2025-05-02 17:00:00,Lead,Lead,0.0
2923,Organic,2025-05-02 18:00:00,Lead,Lead,0.0
2924,Google Ads,2025-05-02 19:00:00,Lead,MQL,0.0
2925,Google Ads,2025-05-02 20:00:00,Lead,Lead,0.0
2926,Organic,2025-05-02 21:00:00,Lead,MQL,0.0
2927,Organic,2025-05-02 22:00:00,Lead,SQL,0.0
2928,Referral,2025-05-02 23:00:00,Lead,Lead,0.0
2929,Email,2025-05-03 00:00:00,Lead,Lead,0.0
2930,Google Ads,2025-05-03 01:00:00,Lead,MQL,0.0
2931,Facebook,2025-05-03 02:00:00,Lead,MQL,0.0
2932,Email,2025-05-03 03:00:00,Lead,Lead,0.0
2933,Google Ads,2025-05-03 04:00:00,Lead,Lead,0.0
2934,Facebook,2025-05-03 05:00:00,Lead,MQL,0.0
2935,Email,2025-05-03 06:00:00,Lead,Lead,0.0
2936,Google Ads,2025-05-03 07:00:00,Lead,Lead,0.0
2937,Email,2025-05-03 08:00:00,Lead,MQL,0.0
2938,Facebook,2025-05-03 09:00:00,Lead,MQL,0.0
2939,Referral,2025-05-03 10:00:00,Lead,Closed Won,4774.7365229076495
2940,Google Ads,2025-05-03 11:00:00,Lead,Lead,0.0
2941,Google Ads,2025-05-03 12:00:00,Lead,MQL,0.0
2942,Facebook,2025-05-03 13:00:00,Lead,MQL,0.0
2943,Google Ads,2025-05-03 14:00:00,Lead,Lead,0.0
2944,Email,2025-05-03 15:00:00,Lead,MQL,0.0
2945,Email,2025-05-03 16:00:00,Lead,MQL,0.0
2946,Google Ads,2025-05-03 17:00:00,Lead,Lead,0.0
2947,Facebook,2025-05-03 18:00:00,Lead,Closed Lost,0.0
2948,Facebook,2025-05-03 19:00:00,Lead,Lead,0.0
2949,Google Ads,2025-05-03 20:00:00,Lead,Closed Won,4503.1410366824075
2950,Organic,2025-05-03 21:00:00,Lead,Lead,0.0
2951,Organic,2025-05-03 22:00:00,Lead,SQL,0.0
2952,Email,2025-05-03 23:00:00,Lead,Lead,0.0
2953,Email,2025-05-04 00:00:00,Lead,MQL,0.0
2954,Facebook,2025-05-04 01:00:00,Lead,Lead,0.0
2955,Organic,2025-05-04 02:00:00,Lead,MQL,0.0
2956,Email,2025-05-04 03:00:00,Lead,Lead,0.0
2957,Email,2025-05-04 04:00:00,Lead,MQL,0.0
2958,Organic,2025-05-04 05:00:00,Lead,SQL,0.0
2959,Google Ads,2025-05-04 06:00:00,Lead,Lead,0.0
2960,Organic,2025-05-04 07:00:00,Lead,Lead,0.0
2961,Google Ads,2025-05-04 08:00:00,Lead,MQL,0.0
2962,Google Ads,2025-05-04 09:00:00,Lead,Lead,0.0
2963,Google Ads,2025-05-04 10:00:00,Lead,MQL,0.0
2964,Referral,2025-05-04 11:00:00,Lead,Lead,0.0
2965,Organic,2025-05-04 12:00:00,Lead,Lead,0.0
2966,Email,2025-05-04 13:00:00,Lead,SQL,0.0
2967,Email,2025-05-04 14:00:00,Lead,Lead,0.0
2968,Facebook,2025-05-04 15:00:00,Lead,Lead,0.0
2969,Organic,2025-05-04 16:00:00,Lead,MQL,0.0
2970,Facebook,2025-05-04 17:00:00,Lead,Lead,0.0
2971,Google Ads,2025-05-04 18:00:00,Lead,MQL,0.0
2972,Google Ads,2025-05-04 19:00:00,Lead,Lead,0.0
2973,Email,2025-05-04 20:00:00,Lead,SQL,0.0
2974,Email,2025-05-04 21:00:00,Lead,Lead,0.0
2975,Google Ads,2025-05-04 22:00:00,Lead,Lead,0.0
2976,Google Ads,2025-05-04 23:00:00,Lead,SQL,0.0
2977,Organic,2025-05-05 00:00:00,Lead,Lead,0.0
2978,Google Ads,2025-05-05 01:00:00,Lead,MQL,0.0
2979,Email,2025-05-05 02:00:00,Lead,SQL,0.0
2980,Referral,2025-05-05 03:00:00,Lead,MQL,0.0
2981,Facebook,2025-05-05 04:00:00,Lead,Lead,0.0
2982,Google Ads,2025-05-05 05:00:00,Lead,Lead,0.0
2983,Email,2025-05-05 06:00:00,Lead,Lead,0.0
2984,Organic,2025-05-05 07:00:00,Lead,MQL,0.0
2985,Facebook,2025-05-05 08:00:00,Lead,Lead,0.0
2986,Referral,2025-05-05 09:00:00,Lead,Lead,0.0
2987,Google Ads,2025-05-05 10:00:00,Lead,Lead,0.0
2988,Facebook,2025-05-05 11:00:00,Lead,Lead,0.0
2989,Email,2025-05-05 12:00:00,Lead,MQL,0.0
2990,Organic,2025-05-05 13:00:00,Lead,Lead,0.0
2991,Google Ads,2025-05-05 14:00:00,Lead,Lead,0.0
2992,Organic,2025-05-05 15:00:00,Lead,MQL,0.0
2993,Facebook,2025-05-05 16:00:00,Lead,Lead,0.0
2994,Google Ads,2025-05-05 17:00:00,Lead,MQL,0.0
2995,Google Ads,2025-05-05 18:00:00,Lead,SQL,0.0
2996,Organic,2025-05-05 19:00:00,Lead,Lead,0.0
2997,Google Ads,2025-05-05 20:00:00,Lead,MQL,0.0
2998,Google Ads,2025-05-05 21:00:00,Lead,Closed Won,5418.8601518315
2999,Google Ads,2025-05-05 22:00:00,Lead,Lead,0.0
3000,Organic,2025-05-05 23:00:00,Lead,Lead,0.0
3001,Email,2025-05-06 00:00:00,Lead,SQL,0.0
3002,Email,2025-05-06 01:00:00,Lead,MQL,0.0
3003,Google Ads,2025-05-06 02:00:00,Lead,Lead,0.0
3004,Facebook,2025-05-06 03:00:00,Lead,SQL,0.0
3005,Facebook,2025-05-06 04:00:00,Lead,Closed Lost,0.0
3006,Organic,2025-05-06 05:00:00,Lead,MQL,0.0
3007,Organic,2025-05-06 06:00:00,Lead,MQL,0.0
3008,Google Ads,2025-05-06 07:00:00,Lead,MQL,0.0
3009,Email,2025-05-06 08:00:00,Lead,Lead,0.0
3010,Google Ads,2025-05-06 09:00:00,Lead,Closed Lost,0.0
3011,Facebook,2025-05-06 10:00:00,Lead,Lead,0.0
3012,Google Ads,2025-05-06 11:00:00,Lead,Lead,0.0
3013,Google Ads,2025-05-06 12:00:00,Lead,MQL,0.0
3014,Google Ads,2025-05-06 13:00:00,Lead,Lead,0.0
3015,Facebook,2025-05-06 14:00:00,Lead,Lead,0.0
3016,Google Ads,2025-05-06 15:00:00,Lead,SQL,0.0
3017,Email,2025-05-06 16:00:00,Lead,MQL,0.0
3018,Facebook,2025-05-06 17:00:00,Lead,Lead,0.0
3019,Google Ads,2025-05-06 18:00:00,Lead,SQL,0.0
3020,Email,2025-05-06 19:00:00,Lead,Lead,0.0
3021,Google Ads,2025-05-06 20:00:00,Lead,Lead,0.0
3022,Facebook,2025-05-06 21:00:00,Lead,MQL,0.0
3023,Email,2025-05-06 22:00:00,Lead,Lead,0.0
3024,Google Ads,2025-05-06 23:00:00,Lead,Lead,0.0
3025,Google Ads,2025-05-07 00:00:00,Lead,SQL,0.0
3026,Google Ads,2025-05-07 01:00:00,Lead,Lead,0.0
3027,Organic,2025-05-07 02:00:00,Lead,Lead,0.0
3028,Facebook,2025-05-07 03:00:00,Lead,Lead,0.0
3029,Email,2025-05-07 04:00:00,Lead,Lead,0.0
3030,Facebook,2025-05-07 05:00:00,Lead,Closed Lost,0.0
3031,Google Ads,2025-05-07 06:00:00,Lead,Lead,0.0
3032,Facebook,2025-05-07 07:00:00,Lead,MQL,0.0
3033,Email,2025-05-07 08:00:00,Lead,Lead,0.0
3034,Google Ads,2025-05-07 09:00:00,Lead,Lead,0.0
3035,Google Ads,2025-05-07 10:00:00,Lead,MQL,0.0
3036,Google Ads,2025-05-07 11:00:00,Lead,MQL,0.0
3037,Facebook,2025-05-07 12:00:00,Lead,SQL,0.0
3038,Referral,2025-05-07 13:00:00,Lead,Lead,0.0
3039,Google Ads,2025-05-07 14:00:00,Lead,Lead,0.0
3040,Facebook,2025-05-07 15:00:00,Lead,Lead,0.0
3041,Google Ads,2025-05-07 16:00:00,Lead,SQL,0.0
3042,Referral,2025-05-07 17:00:00,Lead,MQL,0.0
3043,Google Ads,2025-05-07 18:00:00,Lead,SQL,0.0
3044,Facebook,2025-05-07 19:00:00,Lead,MQL,0.0
3045,Email,2025-05-07 20:00:00,Lead,Lead,0.0
3046,Email,2025-05-07 21:00:00,Lead,Lead,0.0
3047,Facebook,2025-05-07 22:00:00,Lead,Lead,0.0
3048,Google Ads,2025-05-07 23:00:00,Lead,MQL,0.0
3049,Google Ads,2025-05-08 00:00:00,Lead,Lead,0.0
3050,Google Ads,2025-05-08 01:00:00,Lead,Lead,0.0
3051,Google Ads,2025-05-08 02:00:00,Lead,Lead,0.0
3052,Facebook,2025-05-08 03:00:00,Lead,Lead,0.0
3053,Google Ads,2025-05-08 04:00:00,Lead,Lead,0.0
3054,Google Ads,2025-05-08 05:00:00,Lead,Lead,0.0
3055,Email,2025-05-08 06:00:00,Lead,SQL,0.0
3056,Referral,2025-05-08 07:00:00,Lead,Closed Lost,0.0
3057,Facebook,2025-05-08 08:00:00,Lead,Lead,0.0
3058,Google Ads,2025-05-08 09:00:00,Lead,MQL,0.0
3059,Google Ads,2025-05-08 10:00:00,Lead,MQL,0.0
3060,Referral,2025-05-08 11:00:00,Lead,MQL,0.0
3061,Google Ads,2025-05-08 12:00:00,Lead,Lead,0.0
3062,Google Ads,2025-05-08 13:00:00,Lead,Lead,0.0
3063,Facebook,2025-05-08 14:00:00,Lead,Lead,0.0
3064,Facebook,2025-05-08 15:00:00,Lead,MQL,0.0
3065,Facebook,2025-05-08 16:00:00,Lead,Lead,0.0
3066,Google Ads,2025-05-08 17:00:00,Lead,Lead,0.0
3067,Google Ads,2025-05-08 18:00:00,Lead,Lead,0.0
3068,Referral,2025-05-08 19:00:00,Lead,Lead,0.0
3069,Google Ads,2025-05-08 20:00:00,Lead,Lead,0.0
3070,Email,2025-05-08 21:00:00,Lead,MQL,0.0
3071,Email,2025-05-08 22:00:00,Lead,Lead,0.0
3072,Facebook,2025-05-08 23:00:00,Lead,Lead,0.0
3073,Google Ads,2025-05-09 00:00:00,Lead,MQL,0.0
3074,Google Ads,2025-05-09 01:00:00,Lead,Lead,0.0
3075,Facebook,2025-05-09 02:00:00,Lead,MQL,0.0
3076,Organic,2025-05-09 03:00:00,Lead,MQL,0.0
3077,Organic,2025-05-09 04:00:00,Lead,Lead,0.0
3078,Google Ads,2025-05-09 05:00:00,Lead,MQL,0.0
3079,Google Ads,2025-05-09 06:00:00,Lead,Lead,0.0
3080,Organic,2025-05-09 07:00:00,Lead,MQL,0.0
3081,Email,2025-05-09 08:00:00,Lead,Lead,0.0
3082,Organic,2025-05-09 09:00:00,Lead,Lead,0.0
3083,Google Ads,2025-05-09 10:00:00,Lead,MQL,0.0
3084,Facebook,2025-05-09 11:00:00,Lead,Lead,0.0
3085,Email,2025-05-09 12:00:00,Lead,Closed Won,6139.063249084178
3086,Email,2025-05-09 13:00:00,Lead,Lead,0.0
3087,Facebook,2025-05-09 14:00:00,Lead,Lead,0.0
3088,Google Ads,2025-05-09 15:00:00,Lead,Lead,0.0
3089,Facebook,2025-05-09 16:00:00,Lead,MQL,0.0
3090,Google Ads,2025-05-09 17:00:00,Lead,MQL,0.0
3091,Facebook,2025-05-09 18:00:00,Lead,Lead,0.0
3092,Referral,2025-05-09 19:00:00,Lead,MQL,0.0
3093,Google Ads,2025-05-09 20:00:00,Lead,Lead,0.0
3094,Organic,2025-05-09 21:00:00,Lead,MQL,0.0
3095,Google Ads,2025-05-09 22:00:00,Lead,Lead,0.0
3096,Email,2025-05-09 23:00:00,Lead,Lead,0.0
3097,Referral,2025-05-10 00:00:00,Lead,Lead,0.0
3098,Google Ads,2025-05-10 01:00:00,Lead,Lead,0.0
3099,Google Ads,2025-05-10 02:00:00,Lead,SQL,0.0
3100,Facebook,2025-05-10 03:00:00,Lead,MQL,0.0
3101,Google Ads,2025-05-10 04:00:00,Lead,Closed Lost,0.0
3102,Email,2025-05-10 05:00:00,Lead,MQL,0.0
3103,Organic,2025-05-10 06:00:00,Lead,MQL,0.0
3104,Facebook,2025-05-10 07:00:00,Lead,MQL,0.0
3105,Google Ads,2025-05-10 08:00:00,Lead,Lead,0.0
3106,Facebook,2025-05-10 09:00:00,Lead,Lead,0.0
3107,Email,2025-05-10 10:00:00,Lead,MQL,0.0
3108,Google Ads,2025-05-10 11:00:00,Lead,Lead,0.0
3109,Facebook,2025-05-10 12:00:00,Lead,Lead,0.0
3110,Facebook,2025-05-10 13:00:00,Lead,SQL,0.0
3111,Facebook,2025-05-10 14:00:00,Lead,Closed Won,3818.6727965551677
3112,Google Ads,2025-05-10 15:00:00,Lead,Lead,0.0
3113,Email,2025-05-10 16:00:00,Lead,Lead,0.0
3114,Google Ads,2025-05-10 17:00:00,Lead,MQL,0.0
3115,Google Ads,2025-05-10 18:00:00,Lead,MQL,0.0
3116,Organic,2025-05-10 19:00:00,Lead,Lead,0.0
3117,Email,2025-05-10 20:00:00,Lead,Lead,0.0
3118,Google Ads,2025-05-10 21:00:00,Lead,MQL,0.0
3119,Google Ads,2025-05-10 22:00:00,Lead,Lead,0.0
3120,Google Ads,2025-05-10 23:00:00,Lead,Lead,0.0
3121,Google Ads,2025-05-11 00:00:00,Lead,Lead,0.0
3122,Google Ads,2025-05-11 01:00:00,Lead,MQL,0.0
3123,Google Ads,2025-05-11 02:00:00,Lead,SQL,0.0
3124,Facebook,2025-05-11 03:00:00,Lead,Lead,0.0
3125,Email,2025-05-11 04:00:00,Lead,Lead,0.0
3126,Facebook,2025-05-11 05:00:00,Lead,SQL,0.0
3127,Email,2025-05-11 06:00:00,Lead,Lead,0.0
3128,Google Ads,2025-05-11 07:00:00,Lead,MQL,0.0
3129,Referral,2025-05-11 08:00:00,Lead,MQL,0.0
3130,Organic,2025-05-11 09:00:00,Lead,Lead,0.0
3131,Organic,2025-05-11 10:00:00,Lead,MQL,0.0
3132,Organic,2025-05-11 11:00:00,Lead,Lead,0.0
3133,Organic,2025-05-11 12:00:00,Lead,Lead,0.0
3134,Facebook,2025-05-11 13:00:00,Lead,Lead,0.0
3135,Google Ads,2025-05-11 14:00:00,Lead,Lead,0.0
3136,Facebook,2025-05-11 15:00:00,Lead,MQL,0.0
3137,Email,2025-05-11 16:00:00,Lead,MQL,0.0
3138,Email,2025-05-11 17:00:00,Lead,MQL,0.0
3139,Facebook,2025-05-11 18:00:00,Lead,SQL,0.0
3140,Google Ads,2025-05-11 19:00:00,Lead,Lead,0.0
3141,Google Ads,2025-05-11 20:00:00,Lead,Lead,0.0
3142,Organic,2025-05-11 21:00:00,Lead,Lead,0.0
3143,Facebook,2025-05-11 22:00:00,Lead,MQL,0.0
3144,Facebook,2025-05-11 23:00:00,Lead,Lead,0.0
3145,Google Ads,2025-05-12 00:00:00,Lead,MQL,0.0
3146,Google Ads,2025-05-12 01:00:00,Lead,Lead,0.0
3147,Organic,2025-05-12 02:00:00,Lead,SQL,0.0
3148,Email,2025-05-12 03:00:00,Lead,MQL,0.0
3149,Email,2025-05-12 04:00:00,Lead,Lead,0.0
3150,Facebook,2025-05-12 05:00:00,Lead,Lead,0.0
3151,Facebook,2025-05-12 06:00:00,Lead,Lead,0.0
3152,Google Ads,2025-05-12 07:00:00,Lead,MQL,0.0
3153,Email,2025-05-12 08:00:00,Lead,MQL,0.0
3154,Facebook,2025-05-12 09:00:00,Lead,Lead,0.0
3155,Facebook,2025-05-12 10:00:00,Lead,Lead,0.0
3156,Facebook,2025-05-12 11:00:00,Lead,Lead,0.0
3157,Organic,2025-05-12 12:00:00,Lead,SQL,0.0
3158,Google Ads,2025-05-12 13:00:00,Lead,MQL,0.0
3159,Organic,2025-05-12 14:00:00,Lead,MQL,0.0
3160,Google Ads,2025-05-12 15:00:00,Lead,MQL,0.0
3161,Facebook,2025-05-12 16:00:00,Lead,Lead,0.0
3162,Google Ads,2025-05-12 17:00:00,Lead,Lead,0.0
3163,Google Ads,2025-05-12 18:00:00,Lead,MQL,0.0
3164,Facebook,2025-05-12 19:00:00,Lead,MQL,0.0
3165,Google Ads,2025-05-12 20:00:00,Lead,MQL,0.0
3166,Facebook,2025-05-12 21:00:00,Lead,MQL,0.0
3167,Organic,2025-05-12 22:00:00,Lead,Lead,0.0
3168,Google Ads,2025-05-12 23:00:00,Lead,MQL,0.0
3169,Email,2025-05-13 00:00:00,Lead,Lead,0.0
3170,Facebook,2025-05-13 01:00:00,Lead,MQL,0.0
3171,Email,2025-05-13 02:00:00,Lead,Lead,0.0
3172,Google Ads,2025-05-13 03:00:00,Lead,MQL,0.0
3173,Google Ads,2025-05-13 04:00:00,Lead,SQL,0.0
3174,Google Ads,2025-05-13 05:00:00,Lead,Lead,0.0
3175,Google Ads,2025-05-13 06:00:00,Lead,Lead,0.0
3176,Google Ads,2025-05-13 07:00:00,Lead,Lead,0.0
3177,Email,2025-05-13 08:00:00,Lead,Lead,0.0
3178,Organic,2025-05-13 09:00:00,Lead,Lead,0.0
3179,Organic,2025-05-13 10:00:00,Lead,MQL,0.0
3180,Email,2025-05-13 11:00:00,Lead,Lead,0.0
3181,Google Ads,2025-05-13 12:00:00,Lead,MQL,0.0
3182,Google Ads,2025-05-13 13:00:00,Lead,MQL,0.0
3183,Google Ads,2025-05-13 14:00:00,Lead,Lead,0.0
3184,Google Ads,2025-05-13 15:00:00,Lead,Lead,0.0
3185,Facebook,2025-05-13 16:00:00,Lead,MQL,0.0
3186,Facebook,2025-05-13 17:00:00,Lead,MQL,0.0
3187,Google Ads,2025-05-13 18:00:00,Lead,Lead,0.0
3188,Google Ads,2025-05-13 19:00:00,Lead,Lead,0.0
3189,Organic,2025-05-13 20:00:00,Lead,Lead,0.0
3190,Email,2025-05-13 21:00:00,Lead,Lead,0.0
3191,Google Ads,2025-05-13 22:00:00,Lead,SQL,0.0
3192,Organic,2025-05-13 23:00:00,Lead,Lead,0.0
3193,Referral,2025-05-14 00:00:00,Lead,MQL,0.0
3194,Google Ads,2025-05-14 01:00:00,Lead,MQL,0.0
3195,Google Ads,2025-05-14 02:00:00,Lead,Lead,0.0
3196,Facebook,2025-05-14 03:00:00,Lead,Closed Lost,0.0
3197,Organic,2025-05-14 04:00:00,Lead,Lead,0.0
3198,Organic,2025-05-14 05:00:00,Lead,MQL,0.0
3199,Google Ads,2025-05-14 06:00:00,Lead,Lead,0.0
3200,Google Ads,2025-05-14 07:00:00,Lead,Lead,0.0
3201,Facebook,2025-05-14 08:00:00,Lead,Lead,0.0
3202,Facebook,2025-05-14 09:00:00,Lead,MQL,0.0
3203,Google Ads,2025-05-14 10:00:00,Lead,SQL,0.0
3204,Organic,2025-05-14 11:00:00,Lead,Lead,0.0
3205,Email,2025-05-14 12:00:00,Lead,Lead,0.0
3206,Organic,2025-05-14 13:00:00,Lead,Lead,0.0
3207,Organic,2025-05-14 14:00:00,Lead,SQL,0.0
3208,Email,2025-05-14 15:00:00,Lead,Lead,0.0
3209,Facebook,2025-05-14 16:00:00,Lead,Lead,0.0
3210,Facebook,2025-05-14 17:00:00,Lead,MQL,0.0
3211,Google Ads,2025-05-14 18:00:00,Lead,MQL,0.0
3212,Email,2025-05-14 19:00:00,Lead,Lead,0.0
3213,Google Ads,2025-05-14 20:00:00,Lead,MQL,0.0
3214,Email,2025-05-14 21:00:00,Lead,Lead,0.0
3215,Google Ads,2025-05-14 22:00:00,Lead,Lead,0.0
3216,Google Ads,2025-05-14 23:00:00,Lead,Lead,0.0
3217,Google Ads,2025-05-15 00:00:00,Lead,MQL,0.0
3218,Google Ads,2025-05-15 01:00:00,Lead,Lead,0.0
3219,Email,2025-05-15 02:00:00,Lead,SQL,0.0
3220,Email,2025-05-15 03:00:00,Lead,MQL,0.0
3221,Facebook,2025-05-15 04:00:00,Lead,Lead,0.0
3222,Google Ads,2025-05-15 05:00:00,Lead,Lead,0.0
3223,Google Ads,2025-05-15 06:00:00,Lead,Closed Lost,0.0
3224,Google Ads,2025-05-15 07:00:00,Lead,Lead,0.0
3225,Google Ads,2025-05-15 08:00:00,Lead,Lead,0.0
3226,Organic,2025-05-15 09:00:00,Lead,SQL,0.0
3227,Google Ads,2025-05-15 10:00:00,Lead,Lead,0.0
3228,Google Ads,2025-05-15 11:00:00,Lead,Closed Lost,0.0
3229,Google Ads,2025-05-15 12:00:00,Lead,Lead,0.0
3230,Google Ads,2025-05-15 13:00:00,Lead,Lead,0.0
3231,Facebook,2025-05-15 14:00:00,Lead,Lead,0.0
3232,Facebook,2025-05-15 15:00:00,Lead,Lead,0.0
3233,Google Ads,2025-05-15 16:00:00,Lead,Lead,0.0
3234,Google Ads,2025-05-15 17:00:00,Lead,MQL,0.0
3235,Google Ads,2025-05-15 18:00:00,Lead,Closed Lost,0.0
3236,Google Ads,2025-05-15 19:00:00,Lead,MQL,0.0
3237,Google Ads,2025-05-15 20:00:00,Lead,Lead,0.0
3238,Referral,2025-05-15 21:00:00,Lead,Lead,0.0
3239,Facebook,2025-05-15 22:00:00,Lead,Lead,0.0
3240,Facebook,2025-05-15 23:00:00,Lead,SQL,0.0
3241,Facebook,2025-05-16 00:00:00,Lead,Lead,0.0
3242,Facebook,2025-05-16 01:00:00,Lead,Lead,0.0
3243,Facebook,2025-05-16 02:00:00,Lead,Lead,0.0
3244,Email,2025-05-16 03:00:00,Lead,Lead,0.0
3245,Email,2025-05-16 04:00:00,Lead,Lead,0.0
3246,Google Ads,2025-05-16 05:00:00,Lead,SQL,0.0
3247,Facebook,2025-05-16 06:00:00,Lead,Closed Won,5107.137470655208
3248,Facebook,2025-05-16 07:00:00,Lead,Lead,0.0
3249,Organic,2025-05-16 08:00:00,Lead,Lead,0.0
3250,Facebook,2025-05-16 09:00:00,Lead,Lead,0.0
3251,Facebook,2025-05-16 10:00:00,Lead,Closed Lost,0.0
3252,Google Ads,2025-05-16 11:00:00,Lead,SQL,0.0
3253,Facebook,2025-05-16 12:00:00,Lead,Lead,0.0
3254,Google Ads,2025-05-16 13:00:00,Lead,Lead,0.0
3255,Google Ads,2025-05-16 14:00:00,Lead,SQL,0.0
3256,Google Ads,2025-05-16 15:00:00,Lead,Lead,0.0
3257,Email,2025-05-16 16:00:00,Lead,Lead,0.0
3258,Google Ads,2025-05-16 17:00:00,Lead,Lead,0.0
3259,Google Ads,2025-05-16 18:00:00,Lead,Lead,0.0
3260,Organic,2025-05-16 19:00:00,Lead,Lead,0.0
3261,Google Ads,2025-05-16 20:00:00,Lead,MQL,0.0
3262,Facebook,2025-05-16 21:00:00,Lead,Lead,0.0
3263,Facebook,2025-05-16 22:00:00,Lead,MQL,0.0
3264,Google Ads,2025-05-16 23:00:00,Lead,Lead,0.0
3265,Email,2025-05-17 00:00:00,Lead,Lead,0.0
3266,Google Ads,2025-05-17 01:00:00,Lead,MQL,0.0
3267,Facebook,2025-05-17 02:00:00,Lead,Lead,0.0
3268,Facebook,2025-05-17 03:00:00,Lead,Lead,0.0
3269,Facebook,2025-05-17 04:00:00,Lead,Lead,0.0
3270,Email,2025-05-17 05:00:00,Lead,Lead,0.0
3271,Google Ads,2025-05-17 06:00:00,Lead,MQL,0.0
3272,Google Ads,2025-05-17 07:00:00,Lead,Lead,0.0
3273,Email,2025-05-17 08:00:00,Lead,Lead,0.0
3274,Facebook,2025-05-17 09:00:00,Lead,MQL,0.0
3275,Organic,2025-05-17 10:00:00,Lead,Lead,0.0
3276,Organic,2025-05-17 11:00:00,Lead,Lead,0.0
3277,Organic,2025-05-17 12:00:00,Lead,Lead,0.0
3278,Facebook,2025-05-17 13:00:00,Lead,SQL,0.0
3279,Google Ads,2025-05-17 14:00:00,Lead,MQL,0.0
3280,Email,2025-05-17 15:00:00,Lead,Lead,0.0
3281,Facebook,2025-05-17 16:00:00,Lead,Lead,0.0
3282,Google Ads,2025-05-17 17:00:00,Lead,MQL,0.0
3283,Organic,2025-05-17 18:00:00,Lead,SQL,0.0
3284,Organic,2025-05-17 19:00:00,Lead,Lead,0.0
3285,Facebook,2025-05-17 20:00:00,Lead,Lead,0.0
3286,Google Ads,2025-05-17 21:00:00,Lead,Closed Lost,0.0
3287,Google Ads,2025-05-17 22:00:00,Lead,MQL,0.0
3288,Organic,2025-05-17 23:00:00,Lead,MQL,0.0
3289,Organic,2025-05-18 00:00:00,Lead,Lead,0.0
3290,Google Ads,2025-05-18 01:00:00,Lead,MQL,0.0
3291,Google Ads,2025-05-18 02:00:00,Lead,SQL,0.0
3292,Organic,2025-05-18 03:00:00,Lead,MQL,0.0
3293,Google Ads,2025-05-18 04:00:00,Lead,Lead,0.0
3294,Facebook,2025-05-18 05:00:00,Lead,Lead,0.0
3295,Referral,2025-05-18 06:00:00,Lead,MQL,0.0
3296,Google Ads,2025-05-18 07:00:00,Lead,MQL,0.0
3297,Facebook,2025-05-18 08:00:00,Lead,Lead,0.0
3298,Google Ads,2025-05-18 09:00:00,Lead,MQL,0.0
3299,Google Ads,2025-05-18 10:00:00,Lead,Lead,0.0
3300,Organic,2025-05-18 11:00:00,Lead,Lead,0.0
3301,Facebook,2025-05-18 12:00:00,Lead,MQL,0.0
3302,Referral,2025-05-18 13:00:00,Lead,Lead,0.0
3303,Facebook,2025-05-18 14:00:00,Lead,MQL,0.0
3304,Google Ads,2025-05-18 15:00:00,Lead,SQL,0.0
3305,Google Ads,2025-05-18 16:00:00,Lead,Lead,0.0
3306,Google Ads,2025-05-18 17:00:00,Lead,Lead,0.0
3307,Google Ads,2025-05-18 18:00:00,Lead,Lead,0.0
3308,Google Ads,2025-05-18 19:00:00,Lead,SQL,0.0
3309,Google Ads,2025-05-18 20:00:00,Lead,MQL,0.0
3310,Facebook,2025-05-18 21:00:00,Lead,Lead,0.0
3311,Email,2025-05-18 22:00:00,Lead,SQL,0.0
3312,Email,2025-05-18 23:00:00,Lead,Lead,0.0
3313,Email,2025-05-19 00:00:00,Lead,Lead,0.0
3314,Google Ads,2025-05-19 01:00:00,Lead,Lead,0.0
3315,Google Ads,2025-05-19 02:00:00,Lead,Lead,0.0
3316,Email,2025-05-19 03:00:00,Lead,SQL,0.0
3317,Facebook,2025-05-19 04:00:00,Lead,SQL,0.0
3318,Google Ads,2025-05-19 05:00:00,Lead,SQL,0.0
3319,Organic,2025-05-19 06:00:00,Lead,Lead,0.0
3320,Email,2025-05-19 07:00:00,Lead,MQL,0.0
3321,Facebook,2025-05-19 08:00:00,Lead,MQL,0.0
3322,Google Ads,2025-05-19 09:00:00,Lead,MQL,0.0
3323,Email,2025-05-19 10:00:00,Lead,MQL,0.0
3324,Facebook,2025-05-19 11:00:00,Lead,MQL,0.0
3325,Email,2025-05-19 12:00:00,Lead,SQL,0.0
3326,Email,2025-05-19 13:00:00,Lead,MQL,0.0
3327,Organic,2025-05-19 14:00:00,Lead,MQL,0.0
3328,Facebook,2025-05-19 15:00:00,Lead,Lead,0.0
3329,Google Ads,2025-05-19 16:00:00,Lead,SQL,0.0
3330,Email,2025-05-19 17:00:00,Lead,Lead,0.0
3331,Facebook,2025-05-19 18:00:00,Lead,Lead,0.0
3332,Email,2025-05-19 19:00:00,Lead,MQL,0.0
3333,Google Ads,2025-05-19 20:00:00,Lead,SQL,0.0
3334,Google Ads,2025-05-19 21:00:00,Lead,MQL,0.0
3335,Organic,2025-05-19 22:00:00,Lead,MQL,0.0
3336,Email,2025-05-19 23:00:00,Lead,Lead,0.0
3337,Organic,2025-05-20 00:00:00,Lead,Lead,0.0
3338,Email,2025-05-20 01:00:00,Lead,Lead,0.0
3339,Facebook,2025-05-20 02:00:00,Lead,Lead,0.0
3340,Email,2025-05-20 03:00:00,Lead,Lead,0.0
3341,Organic,2025-05-20 04:00:00,Lead,Closed Lost,0.0
3342,Facebook,2025-05-20 05:00:00,Lead,MQL,0.0
3343,Facebook,2025-05-20 06:00:00,Lead,Lead,0.0
3344,Google Ads,2025-05-20 07:00:00,Lead,Lead,0.0
3345,Facebook,2025-05-20 08:00:00,Lead,Lead,0.0
3346,Email,2025-05-20 09:00:00,Lead,Closed Won,4680.107083980529
3347,Google Ads,2025-05-20 10:00:00,Lead,MQL,0.0
3348,Google Ads,2025-05-20 11:00:00,Lead,Closed Lost,0.0
3349,Google Ads,2025-05-20 12:00:00,Lead,Lead,0.0
3350,Google Ads,2025-05-20 13:00:00,Lead,MQL,0.0
3351,Google Ads,2025-05-20 14:00:00,Lead,SQL,0.0
3352,Facebook,2025-05-20 15:00:00,Lead,Lead,0.0
3353,Organic,2025-05-20 16:00:00,Lead,Lead,0.0
3354,Facebook,2025-05-20 17:00:00,Lead,Lead,0.0
3355,Google Ads,2025-05-20 18:00:00,Lead,Lead,0.0
3356,Google Ads,2025-05-20 19:00:00,Lead,MQL,0.0
3357,Email,2025-05-20 20:00:00,Lead,MQL,0.0
3358,Google Ads,2025-05-20 21:00:00,Lead,MQL,0.0
3359,Organic,2025-05-20 22:00:00,Lead,Lead,0.0
3360,Email,2025-05-20 23:00:00,Lead,SQL,0.0
3361,Email,2025-05-21 00:00:00,Lead,MQL,0.0
3362,Google Ads,2025-05-21 01:00:00,Lead,Lead,0.0
3363,Email,2025-05-21 02:00:00,Lead,Lead,0.0
3364,Google Ads,2025-05-21 03:00:00,Lead,MQL,0.0
3365,Organic,2025-05-21 04:00:00,Lead,SQL,0.0
3366,Facebook,2025-05-21 05:00:00,Lead,Lead,0.0
3367,Google Ads,2025-05-21 06:00:00,Lead,SQL,0.0
3368,Google Ads,2025-05-21 07:00:00,Lead,MQL,0.0
3369,Google Ads,2025-05-21 08:00:00,Lead,Lead,0.0
3370,Email,2025-05-21 09:00:00,Lead,Closed Lost,0.0
3371,Google Ads,2025-05-21 10:00:00,Lead,Closed Lost,0.0
3372,Facebook,2025-05-21 11:00:00,Lead,MQL,0.0
3373,Google Ads,2025-05-21 12:00:00,Lead,Lead,0.0
3374,Email,2025-05-21 13:00:00,Lead,Lead,0.0
3375,Organic,2025-05-21 14:00:00,Lead,Closed Lost,0.0
3376,Email,2025-05-21 15:00:00,Lead,Lead,0.0
3377,Email,2025-05-21 16:00:00,Lead,SQL,0.0
3378,Google Ads,2025-05-21 17:00:00,Lead,Lead,0.0
3379,Google Ads,2025-05-21 18:00:00,Lead,SQL,0.0
3380,Email,2025-05-21 19:00:00,Lead,MQL,0.0
3381,Google Ads,2025-05-21 20:00:00,Lead,MQL,0.0
3382,Facebook,2025-05-21 21:00:00,Lead,Lead,0.0
3383,Google Ads,2025-05-21 22:00:00,Lead,Lead,0.0
3384,Google Ads,2025-05-21 23:00:00,Lead,Lead,0.0
3385,Google Ads,2025-05-22 00:00:00,Lead,Lead,0.0
3386,Organic,2025-05-22 01:00:00,Lead,Lead,0.0
3387,Google Ads,2025-05-22 02:00:00,Lead,Lead,0.0
3388,Facebook,2025-05-22 03:00:00,Lead,Lead,0.0
3389,Google Ads,2025-05-22 04:00:00,Lead,MQL,0.0
3390,Email,2025-05-22 05:00:00,Lead,MQL,0.0
3391,Google Ads,2025-05-22 06:00:00,Lead,Lead,0.0
3392,Organic,2025-05-22 07:00:00,Lead,Lead,0.0
3393,Organic,2025-05-22 08:00:00,Lead,MQL,0.0
3394,Google Ads,2025-05-22 09:00:00,Lead,MQL,0.0
3395,Organic,2025-05-22 10:00:00,Lead,MQL,0.0
3396,Referral,2025-05-22 11:00:00,Lead,SQL,0.0
3397,Organic,2025-05-22 12:00:00,Lead,Lead,0.0
3398,Organic,2025-05-22 13:00:00,Lead,MQL,0.0
3399,Google Ads,2025-05-22 14:00:00,Lead,MQL,0.0
3400,Facebook,2025-05-22 15:00:00,Lead,Lead,0.0
3401,Google Ads,2025-05-22 16:00:00,Lead,MQL,0.0
3402,Google Ads,2025-05-22 17:00:00,Lead,MQL,0.0
3403,Referral,2025-05-22 18:00:00,Lead,Lead,0.0
3404,Google Ads,2025-05-22 19:00:00,Lead,Lead,0.0
3405,Email,2025-05-22 20:00:00,Lead,Closed Lost,0.0
3406,Organic,2025-05-22 21:00:00,Lead,Lead,0.0
3407,Organic,2025-05-22 22:00:00,Lead,Lead,0.0
3408,Referral,2025-05-22 23:00:00,Lead,Closed Won,2016.5463983812365
3409,Google Ads,2025-05-23 00:00:00,Lead,MQL,0.0
3410,Google Ads,2025-05-23 01:00:00,Lead,MQL,0.0
3411,Facebook,2025-05-23 02:00:00,Lead,MQL,0.0
3412,Google Ads,2025-05-23 03:00:00,Lead,Lead,0.0
3413,Google Ads,2025-05-23 04:00:00,Lead,MQL,0.0
3414,Google Ads,2025-05-23 05:00:00,Lead,Lead,0.0
3415,Email,2025-05-23 06:00:00,Lead,Lead,0.0
3416,Facebook,2025-05-23 07:00:00,Lead,MQL,0.0
3417,Google Ads,2025-05-23 08:00:00,Lead,Lead,0.0
3418,Email,2025-05-23 09:00:00,Lead,Lead,0.0
3419,Google Ads,2025-05-23 10:00:00,Lead,SQL,0.0
3420,Google Ads,2025-05-23 11:00:00,Lead,Closed Won,5045.635520063715
3421,Email,2025-05-23 12:00:00,Lead,MQL,0.0
3422,Facebook,2025-05-23 13:00:00,Lead,Closed Lost,0.0
3423,Email,2025-05-23 14:00:00,Lead,Lead,0.0
3424,Google Ads,2025-05-23 15:00:00,Lead,MQL,0.0
3425,Organic,2025-05-23 16:00:00,Lead,SQL,0.0
3426,Facebook,2025-05-23 17:00:00,Lead,Lead,0.0
3427,Facebook,2025-05-23 18:00:00,Lead,Lead,0.0
3428,Facebook,2025-05-23 19:00:00,Lead,Lead,0.0
3429,Organic,2025-05-23 20:00:00,Lead,Lead,0.0
3430,Facebook,2025-05-23 21:00:00,Lead,MQL,0.0
3431,Facebook,2025-05-23 22:00:00,Lead,MQL,0.0
3432,Referral,2025-05-23 23:00:00,Lead,MQL,0.0
3433,Email,2025-05-24 00:00:00,Lead,MQL,0.0
3434,Facebook,2025-05-24 01:00:00,Lead,SQL,0.0
3435,Email,2025-05-24 02:00:00,Lead,MQL,0.0
3436,Google Ads,2025-05-24 03:00:00,Lead,MQL,0.0
3437,Google Ads,2025-05-24 04:00:00,Lead,SQL,0.0
3438,Facebook,2025-05-24 05:00:00,Lead,SQL,0.0
3439,Organic,2025-05-24 06:00:00,Lead,SQL,0.0
3440,Organic,2025-05-24 07:00:00,Lead,MQL,0.0
3441,Google Ads,2025-05-24 08:00:00,Lead,Lead,0.0
3442,Facebook,2025-05-24 09:00:00,Lead,Lead,0.0
3443,Google Ads,2025-05-24 10:00:00,Lead,Lead,0.0
3444,Referral,2025-05-24 11:00:00,Lead,SQL,0.0
3445,Referral,2025-05-24 12:00:00,Lead,MQL,0.0
3446,Facebook,2025-05-24 13:00:00,Lead,Lead,0.0
3447,Organic,2025-05-24 14:00:00,Lead,Lead,0.0
3448,Email,2025-05-24 15:00:00,Lead,Lead,0.0
3449,Facebook,2025-05-24 16:00:00,Lead,MQL,0.0
3450,Google Ads,2025-05-24 17:00:00,Lead,Lead,0.0
3451,Facebook,2025-05-24 18:00:00,Lead,Lead,0.0
3452,Email,2025-05-24 19:00:00,Lead,MQL,0.0
3453,Email,2025-05-24 20:00:00,Lead,MQL,0.0
3454,Google Ads,2025-05-24 21:00:00,Lead,Lead,0.0
3455,Organic,2025-05-24 22:00:00,Lead,MQL,0.0
3456,Google Ads,2025-05-24 23:00:00,Lead,Lead,0.0
3457,Facebook,2025-05-25 00:00:00,Lead,MQL,0.0
3458,Email,2025-05-25 01:00:00,Lead,Lead,0.0
3459,Email,2025-05-25 02:00:00,Lead,Lead,0.0
3460,Facebook,2025-05-25 03:00:00,Lead,Lead,0.0
3461,Google Ads,2025-05-25 04:00:00,Lead,Lead,0.0
3462,Google Ads,2025-05-25 05:00:00,Lead,Lead,0.0
3463,Facebook,2025-05-25 06:00:00,Lead,SQL,0.0
3464,Facebook,2025-05-25 07:00:00,Lead,Lead,0.0
3465,Google Ads,2025-05-25 08:00:00,Lead,Lead,0.0
3466,Email,2025-05-25 09:00:00,Lead,Lead,0.0
3467,Facebook,2025-05-25 10:00:00,Lead,Lead,0.0
3468,Email,2025-05-25 11:00:00,Lead,MQL,0.0
3469,Organic,2025-05-25 12:00:00,Lead,MQL,0.0
3470,Google Ads,2025-05-25 13:00:00,Lead,Lead,0.0
3471,Google Ads,2025-05-25 14:00:00,Lead,Lead,0.0
3472,Email,2025-05-25 15:00:00,Lead,MQL,0.0
3473,Facebook,2025-05-25 16:00:00,Lead,Lead,0.0
3474,Email,2025-05-25 17:00:00,Lead,Lead,0.0
3475,Organic,2025-05-25 18:00:00,Lead,MQL,0.0
3476,Organic,2025-05-25 19:00:00,Lead,Lead,0.0
3477,Referral,2025-05-25 20:00:00,Lead,Lead,0.0
3478,Facebook,2025-05-25 21:00:00,Lead,Lead,0.0
3479,Facebook,2025-05-25 22:00:00,Lead,SQL,0.0
3480,Facebook,2025-05-25 23:00:00,Lead,MQL,0.0
3481,Google Ads,2025-05-26 00:00:00,Lead,MQL,0.0
3482,Facebook,2025-05-26 01:00:00,Lead,MQL,0.0
3483,Google Ads,2025-05-26 02:00:00,Lead,SQL,0.0
3484,Organic,2025-05-26 03:00:00,Lead,MQL,0.0
3485,Facebook,2025-05-26 04:00:00,Lead,MQL,0.0
3486,Facebook,2025-05-26 05:00:00,Lead,Lead,0.0
3487,Google Ads,2025-05-26 06:00:00,Lead,Lead,0.0
3488,Google Ads,2025-05-26 07:00:00,Lead,Lead,0.0
3489,Google Ads,2025-05-26 08:00:00,Lead,Lead,0.0
3490,Facebook,2025-05-26 09:00:00,Lead,Lead,0.0
3491,Google Ads,2025-05-26 10:00:00,Lead,Lead,0.0
3492,Facebook,2025-05-26 11:00:00,Lead,MQL,0.0
3493,Organic,2025-05-26 12:00:00,Lead,Lead,0.0
3494,Organic,2025-05-26 13:00:00,Lead,Lead,0.0
3495,Email,2025-05-26 14:00:00,Lead,Lead,0.0
3496,Google Ads,2025-05-26 15:00:00,Lead,Lead,0.0
3497,Organic,2025-05-26 16:00:00,Lead,MQL,0.0
3498,Organic,2025-05-26 17:00:00,Lead,Lead,0.0
3499,Google Ads,2025-05-26 18:00:00,Lead,MQL,0.0
3500,Email,2025-05-26 19:00:00,Lead,MQL,0.0
3501,Google Ads,2025-05-26 20:00:00,Lead,Lead,0.0
3502,Organic,2025-05-26 21:00:00,Lead,MQL,0.0
3503,Referral,2025-05-26 22:00:00,Lead,Lead,0.0
3504,Google Ads,2025-05-26 23:00:00,Lead,SQL,0.0
3505,Organic,2025-05-27 00:00:00,Lead,MQL,0.0
3506,Facebook,2025-05-27 01:00:00,Lead,MQL,0.0
3507,Referral,2025-05-27 02:00:00,Lead,Lead,0.0
3508,Facebook,2025-05-27 03:00:00,Lead,MQL,0.0
3509,Organic,2025-05-27 04:00:00,Lead,Lead,0.0
3510,Google Ads,2025-05-27 05:00:00,Lead,Lead,0.0
3511,Google Ads,2025-05-27 06:00:00,Lead,Lead,0.0
3512,Google Ads,2025-05-27 07:00:00,Lead,Lead,0.0
3513,Referral,2025-05-27 08:00:00,Lead,Lead,0.0
3514,Organic,2025-05-27 09:00:00,Lead,Lead,0.0
3515,Organic,2025-05-27 10:00:00,Lead,Lead,0.0
3516,Organic,2025-05-27 11:00:00,Lead,MQL,0.0
3517,Google Ads,2025-05-27 12:00:00,Lead,SQL,0.0
3518,Google Ads,2025-05-27 13:00:00,Lead,SQL,0.0
3519,Google Ads,2025-05-27 14:00:00,Lead,MQL,0.0
3520,Google Ads,2025-05-27 15:00:00,Lead,Closed Won,5753.35208052796
3521,Google Ads,2025-05-27 16:00:00,Lead,Lead,0.0
3522,Facebook,2025-05-27 17:00:00,Lead,Lead,0.0
3523,Google Ads,2025-05-27 18:00:00,Lead,Lead,0.0
3524,Google Ads,2025-05-27 19:00:00,Lead,Closed Won,2566.519080059352
3525,Google Ads,2025-05-27 20:00:00,Lead,Lead,0.0
3526,Google Ads,2025-05-27 21:00:00,Lead,SQL,0.0
3527,Referral,2025-05-27 22:00:00,Lead,Lead,0.0
3528,Email,2025-05-27 23:00:00,Lead,Lead,0.0
3529,Referral,2025-05-28 00:00:00,Lead,Lead,0.0
3530,Facebook,2025-05-28 01:00:00,Lead,Lead,0.0
3531,Google Ads,2025-05-28 02:00:00,Lead,Lead,0.0
3532,Email,2025-05-28 03:00:00,Lead,Lead,0.0
3533,Google Ads,2025-05-28 04:00:00,Lead,MQL,0.0
3534,Google Ads,2025-05-28 05:00:00,Lead,Lead,0.0
3535,Google Ads,2025-05-28 06:00:00,Lead,MQL,0.0
3536,Google Ads,2025-05-28 07:00:00,Lead,Lead,0.0
3537,Google Ads,2025-05-28 08:00:00,Lead,Lead,0.0
3538,Google Ads,2025-05-28 09:00:00,Lead,MQL,0.0
3539,Email,2025-05-28 10:00:00,Lead,Lead,0.0
3540,Google Ads,2025-05-28 11:00:00,Lead,Lead,0.0
3541,Google Ads,2025-05-28 12:00:00,Lead,MQL,0.0
3542,Organic,2025-05-28 13:00:00,Lead,MQL,0.0
3543,Google Ads,2025-05-28 14:00:00,Lead,MQL,0.0
3544,Google Ads,2025-05-28 15:00:00,Lead,Lead,0.0
3545,Organic,2025-05-28 16:00:00,Lead,SQL,0.0
3546,Google Ads,2025-05-28 17:00:00,Lead,SQL,0.0
3547,Google Ads,2025-05-28 18:00:00,Lead,Lead,0.0
3548,Facebook,2025-05-28 19:00:00,Lead,Lead,0.0
3549,Google Ads,2025-05-28 20:00:00,Lead,Lead,0.0
3550,Facebook,2025-05-28 21:00:00,Lead,Closed Lost,0.0
3551,Organic,2025-05-28 22:00:00,Lead,MQL,0.0
3552,Google Ads,2025-05-28 23:00:00,Lead,Lead,0.0
3553,Facebook,2025-05-29 00:00:00,Lead,Lead,0.0
3554,Facebook,2025-05-29 01:00:00,Lead,Lead,0.0
3555,Google Ads,2025-05-29 02:00:00,Lead,MQL,0.0
3556,Facebook,2025-05-29 03:00:00,Lead,MQL,0.0
3557,Google Ads,2025-05-29 04:00:00,Lead,Lead,0.0
3558,Facebook,2025-05-29 05:00:00,Lead,Lead,0.0
3559,Google Ads,2025-05-29 06:00:00,Lead,SQL,0.0
3560,Facebook,2025-05-29 07:00:00,Lead,MQL,0.0
3561,Google Ads,2025-05-29 08:00:00,Lead,Lead,0.0
3562,Organic,2025-05-29 09:00:00,Lead,MQL,0.0
3563,Google Ads,2025-05-29 10:00:00,Lead,MQL,0.0
3564,Facebook,2025-05-29 11:00:00,Lead,Lead,0.0
3565,Facebook,2025-05-29 12:00:00,Lead,Lead,0.0
3566,Email,2025-05-29 13:00:00,Lead,MQL,0.0
3567,Facebook,2025-05-29 14:00:00,Lead,Lead,0.0
3568,Email,2025-05-29 15:00:00,Lead,MQL,0.0
3569,Email,2025-05-29 16:00:00,Lead,Lead,0.0
3570,Organic,2025-05-29 17:00:00,Lead,Lead,0.0
3571,Google Ads,2025-05-29 18:00:00,Lead,Lead,0.0
3572,Facebook,2025-05-29 19:00:00,Lead,MQL,0.0
3573,Organic,2025-05-29 20:00:00,Lead,Closed Won,8411.14035371486
3574,Referral,2025-05-29 21:00:00,Lead,Lead,0.0
3575,Organic,2025-05-29 22:00:00,Lead,MQL,0.0
3576,Google Ads,2025-05-29 23:00:00,Lead,Lead,0.0
3577,Google Ads,2025-05-30 00:00:00,Lead,Lead,0.0
3578,Facebook,2025-05-30 01:00:00,Lead,Lead,0.0
3579,Email,2025-05-30 02:00:00,Lead,MQL,0.0
3580,Facebook,2025-05-30 03:00:00,Lead,MQL,0.0
3581,Facebook,2025-05-30 04:00:00,Lead,Lead,0.0
3582,Organic,2025-05-30 05:00:00,Lead,Lead,0.0
3583,Google Ads,2025-05-30 06:00:00,Lead,Lead,0.0
3584,Organic,2025-05-30 07:00:00,Lead,MQL,0.0
3585,Facebook,2025-05-30 08:00:00,Lead,Lead,0.0
3586,Google Ads,2025-05-30 09:00:00,Lead,Lead,0.0
3587,Facebook,2025-05-30 10:00:00,Lead,MQL,0.0
3588,Email,2025-05-30 11:00:00,Lead,Lead,0.0
3589,Google Ads,2025-05-30 12:00:00,Lead,Closed Lost,0.0
3590,Google Ads,2025-05-30 13:00:00,Lead,Lead,0.0
3591,Referral,2025-05-30 14:00:00,Lead,Lead,0.0
3592,Google Ads,2025-05-30 15:00:00,Lead,Lead,0.0
3593,Facebook,2025-05-30 16:00:00,Lead,Lead,0.0
3594,Facebook,2025-05-30 17:00:00,Lead,MQL,0.0
3595,Facebook,2025-05-30 18:00:00,Lead,Lead,0.0
3596,Facebook,2025-05-30 19:00:00,Lead,Lead,0.0
3597,Google Ads,2025-05-30 20:00:00,Lead,Lead,0.0
3598,Facebook,2025-05-30 21:00:00,Lead,Lead,0.0
3599,Google Ads,2025-05-30 22:00:00,Lead,MQL,0.0
3600,Email,2025-05-30 23:00:00,Lead,Lead,0.0
3601,Google Ads,2025-05-31 00:00:00,Lead,Lead,0.0
3602,Facebook,2025-05-31 01:00:00,Lead,Lead,0.0
3603,Google Ads,2025-05-31 02:00:00,Lead,MQL,0.0
3604,Google Ads,2025-05-31 03:00:00,Lead,Lead,0.0
3605,Google Ads,2025-05-31 04:00:00,Lead,MQL,0.0
3606,Google Ads,2025-05-31 05:00:00,Lead,MQL,0.0
3607,Organic,2025-05-31 06:00:00,Lead,MQL,0.0
3608,Google Ads,2025-05-31 07:00:00,Lead,MQL,0.0
3609,Organic,2025-05-31 08:00:00,Lead,SQL,0.0
3610,Referral,2025-05-31 09:00:00,Lead,MQL,0.0
3611,Facebook,2025-05-31 10:00:00,Lead,Lead,0.0
3612,Google Ads,2025-05-31 11:00:00,Lead,Lead,0.0
3613,Google Ads,2025-05-31 12:00:00,Lead,Lead,0.0
3614,Email,2025-05-31 13:00:00,Lead,SQL,0.0
3615,Google Ads,2025-05-31 14:00:00,Lead,MQL,0.0
3616,Google Ads,2025-05-31 15:00:00,Lead,MQL,0.0
3617,Facebook,2025-05-31 16:00:00,Lead,MQL,0.0
3618,Organic,2025-05-31 17:00:00,Lead,SQL,0.0
3619,Email,2025-05-31 18:00:00,Lead,MQL,0.0
3620,Google Ads,2025-05-31 19:00:00,Lead,Lead,0.0
3621,Email,2025-05-31 20:00:00,Lead,MQL,0.0
3622,Google Ads,2025-05-31 21:00:00,Lead,Lead,0.0
3623,Google Ads,2025-05-31 22:00:00,Lead,Lead,0.0
3624,Organic,2025-05-31 23:00:00,Lead,Lead,0.0
3625,Google Ads,2025-06-01 00:00:00,Lead,Lead,0.0
3626,Google Ads,2025-06-01 01:00:00,Lead,SQL,0.0
3627,Google Ads,2025-06-01 02:00:00,Lead,MQL,0.0
3628,Organic,2025-06-01 03:00:00,Lead,Lead,0.0
3629,Email,2025-06-01 04:00:00,Lead,Lead,0.0
3630,Facebook,2025-06-01 05:00:00,Lead,SQL,0.0
3631,Email,2025-06-01 06:00:00,Lead,Closed Lost,0.0
3632,Google Ads,2025-06-01 07:00:00,Lead,SQL,0.0
3633,Facebook,2025-06-01 08:00:00,Lead,MQL,0.0
3634,Google Ads,2025-06-01 09:00:00,Lead,Lead,0.0
3635,Google Ads,2025-06-01 10:00:00,Lead,Lead,0.0
3636,Facebook,2025-06-01 11:00:00,Lead,MQL,0.0
3637,Organic,2025-06-01 12:00:00,Lead,Lead,0.0
3638,Google Ads,2025-06-01 13:00:00,Lead,Lead,0.0
3639,Google Ads,2025-06-01 14:00:00,Lead,Lead,0.0
3640,Google Ads,2025-06-01 15:00:00,Lead,MQL,0.0
3641,Google Ads,2025-06-01 16:00:00,Lead,Lead,0.0
3642,Organic,2025-06-01 17:00:00,Lead,Lead,0.0
3643,Facebook,2025-06-01 18:00:00,Lead,Lead,0.0
3644,Facebook,2025-06-01 19:00:00,Lead,Lead,0.0
3645,Email,2025-06-01 20:00:00,Lead,SQL,0.0
3646,Google Ads,2025-06-01 21:00:00,Lead,MQL,0.0
3647,Facebook,2025-06-01 22:00:00,Lead,MQL,0.0
3648,Facebook,2025-06-01 23:00:00,Lead,Lead,0.0
3649,Facebook,2025-06-02 00:00:00,Lead,Lead,0.0
3650,Referral,2025-06-02 01:00:00,Lead,MQL,0.0
3651,Email,2025-06-02 02:00:00,Lead,Lead,0.0
3652,Google Ads,2025-06-02 03:00:00,Lead,Lead,0.0
3653,Organic,2025-06-02 04:00:00,Lead,SQL,0.0
3654,Google Ads,2025-06-02 05:00:00,Lead,MQL,0.0
3655,Google Ads,2025-06-02 06:00:00,Lead,Lead,0.0
3656,Google Ads,2025-06-02 07:00:00,Lead,Closed Lost,0.0
3657,Google Ads,2025-06-02 08:00:00,Lead,Lead,0.0
3658,Facebook,2025-06-02 09:00:00,Lead,MQL,0.0
3659,Facebook,2025-06-02 10:00:00,Lead,SQL,0.0
3660,Organic,2025-06-02 11:00:00,Lead,Lead,0.0
3661,Facebook,2025-06-02 12:00:00,Lead,SQL,0.0
3662,Facebook,2025-06-02 13:00:00,Lead,MQL,0.0
3663,Google Ads,2025-06-02 14:00:00,Lead,Lead,0.0
3664,Google Ads,2025-06-02 15:00:00,Lead,Closed Lost,0.0
3665,Facebook,2025-06-02 16:00:00,Lead,Lead,0.0
3666,Facebook,2025-06-02 17:00:00,Lead,MQL,0.0
3667,Organic,2025-06-02 18:00:00,Lead,Lead,0.0
3668,Google Ads,2025-06-02 19:00:00,Lead,Lead,0.0
3669,Google Ads,2025-06-02 20:00:00,Lead,Lead,0.0
3670,Facebook,2025-06-02 21:00:00,Lead,Lead,0.0
3671,Google Ads,2025-06-02 22:00:00,Lead,Lead,0.0
3672,Google Ads,2025-06-02 23:00:00,Lead,Closed Lost,0.0
3673,Email,2025-06-03 00:00:00,Lead,MQL,0.0
3674,Google Ads,2025-06-03 01:00:00,Lead,Lead,0.0
3675,Facebook,2025-06-03 02:00:00,Lead,Lead,0.0
3676,Google Ads,2025-06-03 03:00:00,Lead,Lead,0.0
3677,Google Ads,2025-06-03 04:00:00,Lead,Lead,0.0
3678,Google Ads,2025-06-03 05:00:00,Lead,SQL,0.0
3679,Organic,2025-06-03 06:00:00,Lead,SQL,0.0
3680,Google Ads,2025-06-03 07:00:00,Lead,Lead,0.0
3681,Email,2025-06-03 08:00:00,Lead,Lead,0.0
3682,Google Ads,2025-06-03 09:00:00,Lead,MQL,0.0
3683,Email,2025-06-03 10:00:00,Lead,SQL,0.0
3684,Google Ads,2025-06-03 11:00:00,Lead,SQL,0.0
3685,Email,2025-06-03 12:00:00,Lead,MQL,0.0
3686,Facebook,2025-06-03 13:00:00,Lead,Lead,0.0
3687,Organic,2025-06-03 14:00:00,Lead,Lead,0.0
3688,Google Ads,2025-06-03 15:00:00,Lead,MQL,0.0
3689,Google Ads,2025-06-03 16:00:00,Lead,MQL,0.0
3690,Google Ads,2025-06-03 17:00:00,Lead,SQL,0.0
3691,Organic,2025-06-03 18:00:00,Lead,SQL,0.0
3692,Facebook,2025-06-03 19:00:00,Lead,Lead,0.0
3693,Email,2025-06-03 20:00:00,Lead,MQL,0.0
3694,Google Ads,2025-06-03 21:00:00,Lead,MQL,0.0
3695,Google Ads,2025-06-03 22:00:00,Lead,Lead,0.0
3696,Google Ads,2025-06-03 23:00:00,Lead,MQL,0.0
3697,Referral,2025-06-04 00:00:00,Lead,Closed Lost,0.0
3698,Email,2025-06-04 01:00:00,Lead,Lead,0.0
3699,Organic,2025-06-04 02:00:00,Lead,MQL,0.0
3700,Google Ads,2025-06-04 03:00:00,Lead,Lead,0.0
3701,Facebook,2025-06-04 04:00:00,Lead,Lead,0.0
3702,Email,2025-06-04 05:00:00,Lead,Lead,0.0
3703,Google Ads,2025-06-04 06:00:00,Lead,SQL,0.0
3704,Organic,2025-06-04 07:00:00,Lead,SQL,0.0
3705,Organic,2025-06-04 08:00:00,Lead,MQL,0.0
3706,Organic,2025-06-04 09:00:00,Lead,MQL,0.0
3707,Email,2025-06-04 10:00:00,Lead,Lead,0.0
3708,Google Ads,2025-06-04 11:00:00,Lead,Lead,0.0
3709,Google Ads,2025-06-04 12:00:00,Lead,Lead,0.0
3710,Referral,2025-06-04 13:00:00,Lead,MQL,0.0
3711,Google Ads,2025-06-04 14:00:00,Lead,Lead,0.0
3712,Email,2025-06-04 15:00:00,Lead,Lead,0.0
3713,Email,2025-06-04 16:00:00,Lead,MQL,0.0
3714,Facebook,2025-06-04 17:00:00,Lead,Lead,0.0
3715,Referral,2025-06-04 18:00:00,Lead,Lead,0.0
3716,Google Ads,2025-06-04 19:00:00,Lead,SQL,0.0
3717,Google Ads,2025-06-04 20:00:00,Lead,Lead,0.0
3718,Google Ads,2025-06-04 21:00:00,Lead,MQL,0.0
3719,Facebook,2025-06-04 22:00:00,Lead,Lead,0.0
3720,Google Ads,2025-06-04 23:00:00,Lead,Lead,0.0
3721,Google Ads,2025-06-05 00:00:00,Lead,Lead,0.0
3722,Organic,2025-06-05 01:00:00,Lead,MQL,0.0
3723,Organic,2025-06-05 02:00:00,Lead,Lead,0.0
3724,Google Ads,2025-06-05 03:00:00,Lead,Lead,0.0
3725,Google Ads,2025-06-05 04:00:00,Lead,MQL,0.0
3726,Organic,2025-06-05 05:00:00,Lead,SQL,0.0
3727,Google Ads,2025-06-05 06:00:00,Lead,Lead,0.0
3728,Google Ads,2025-06-05 07:00:00,Lead,Lead,0.0
3729,Google Ads,2025-06-05 08:00:00,Lead,MQL,0.0
3730,Facebook,2025-06-05 09:00:00,Lead,MQL,0.0
3731,Google Ads,2025-06-05 10:00:00,Lead,MQL,0.0
3732,Referral,2025-06-05 11:00:00,Lead,Lead,0.0
3733,Facebook,2025-06-05 12:00:00,Lead,SQL,0.0
3734,Facebook,2025-06-05 13:00:00,Lead,Lead,0.0
3735,Google Ads,2025-06-05 14:00:00,Lead,Lead,0.0
3736,Facebook,2025-06-05 15:00:00,Lead,Lead,0.0
3737,Email,2025-06-05 16:00:00,Lead,MQL,0.0
3738,Email,2025-06-05 17:00:00,Lead,SQL,0.0
3739,Email,2025-06-05 18:00:00,Lead,MQL,0.0
3740,Facebook,2025-06-05 19:00:00,Lead,Lead,0.0
3741,Organic,2025-06-05 20:00:00,Lead,Lead,0.0
3742,Organic,2025-06-05 21:00:00,Lead,Lead,0.0
3743,Email,2025-06-05 22:00:00,Lead,MQL,0.0
3744,Google Ads,2025-06-05 23:00:00,Lead,SQL,0.0
3745,Google Ads,2025-06-06 00:00:00,Lead,MQL,0.0
3746,Google Ads,2025-06-06 01:00:00,Lead,Lead,0.0
3747,Email,2025-06-06 02:00:00,Lead,Lead,0.0
3748,Facebook,2025-06-06 03:00:00,Lead,MQL,0.0
3749,Facebook,2025-06-06 04:00:00,Lead,MQL,0.0
3750,Organic,2025-06-06 05:00:00,Lead,MQL,0.0
3751,Organic,2025-06-06 06:00:00,Lead,SQL,0.0
3752,Organic,2025-06-06 07:00:00,Lead,MQL,0.0
3753,Google Ads,2025-06-06 08:00:00,Lead,SQL,0.0
3754,Email,2025-06-06 09:00:00,Lead,MQL,0.0
3755,Google Ads,2025-06-06 10:00:00,Lead,Lead,0.0
3756,Google Ads,2025-06-06 11:00:00,Lead,SQL,0.0
3757,Google Ads,2025-06-06 12:00:00,Lead,MQL,0.0
3758,Google Ads,2025-06-06 13:00:00,Lead,MQL,0.0
3759,Facebook,2025-06-06 14:00:00,Lead,MQL,0.0
3760,Organic,2025-06-06 15:00:00,Lead,MQL,0.0
3761,Google Ads,2025-06-06 16:00:00,Lead,Lead,0.0
3762,Email,2025-06-06 17:00:00,Lead,Lead,0.0
3763,Facebook,2025-06-06 18:00:00,Lead,Lead,0.0
3764,Google Ads,2025-06-06 19:00:00,Lead,Closed Lost,0.0
3765,Facebook,2025-06-06 20:00:00,Lead,MQL,0.0
3766,Google Ads,2025-06-06 21:00:00,Lead,SQL,0.0
3767,Facebook,2025-06-06 22:00:00,Lead,Lead,0.0
3768,Facebook,2025-06-06 23:00:00,Lead,MQL,0.0
3769,Google Ads,2025-06-07 00:00:00,Lead,Lead,0.0
3770,Google Ads,2025-06-07 01:00:00,Lead,SQL,0.0
3771,Facebook,2025-06-07 02:00:00,Lead,Lead,0.0
3772,Organic,2025-06-07 03:00:00,Lead,Closed Lost,0.0
3773,Google Ads,2025-06-07 04:00:00,Lead,Lead,0.0
3774,Email,2025-06-07 05:00:00,Lead,Lead,0.0
3775,Email,2025-06-07 06:00:00,Lead,Lead,0.0
3776,Organic,2025-06-07 07:00:00,Lead,Lead,0.0
3777,Organic,2025-06-07 08:00:00,Lead,Lead,0.0
3778,Facebook,2025-06-07 09:00:00,Lead,Lead,0.0
3779,Email,2025-06-07 10:00:00,Lead,Lead,0.0
3780,Organic,2025-06-07 11:00:00,Lead,SQL,0.0
3781,Google Ads,2025-06-07 12:00:00,Lead,Lead,0.0
3782,Google Ads,2025-06-07 13:00:00,Lead,Lead,0.0
3783,Google Ads,2025-06-07 14:00:00,Lead,Lead,0.0
3784,Organic,2025-06-07 15:00:00,Lead,Lead,0.0
3785,Organic,2025-06-07 16:00:00,Lead,MQL,0.0
3786,Google Ads,2025-06-07 17:00:00,Lead,MQL,0.0
3787,Facebook,2025-06-07 18:00:00,Lead,Lead,0.0
3788,Facebook,2025-06-07 19:00:00,Lead,Lead,0.0
3789,Google Ads,2025-06-07 20:00:00,Lead,SQL,0.0
3790,Referral,2025-06-07 21:00:00,Lead,Lead,0.0
3791,Google Ads,2025-06-07 22:00:00,Lead,Lead,0.0
3792,Google Ads,2025-06-07 23:00:00,Lead,MQL,0.0
3793,Facebook,2025-06-08 00:00:00,Lead,Lead,0.0
3794,Email,2025-06-08 01:00:00,Lead,MQL,0.0
3795,Google Ads,2025-06-08 02:00:00,Lead,Lead,0.0
3796,Email,2025-06-08 03:00:00,Lead,Lead,0.0
3797,Facebook,2025-06-08 04:00:00,Lead,Lead,0.0
3798,Google Ads,2025-06-08 05:00:00,Lead,Lead,0.0
3799,Google Ads,2025-06-08 06:00:00,Lead,Lead,0.0
3800,Facebook,2025-06-08 07:00:00,Lead,MQL,0.0
3801,Google Ads,2025-06-08 08:00:00,Lead,SQL,0.0
3802,Organic,2025-06-08 09:00:00,Lead,MQL,0.0
3803,Organic,2025-06-08 10:00:00,Lead,Lead,0.0
3804,Referral,2025-06-08 11:00:00,Lead,MQL,0.0
3805,Google Ads,2025-06-08 12:00:00,Lead,Lead,0.0
3806,Referral,2025-06-08 13:00:00,Lead,Lead,0.0
3807,Facebook,2025-06-08 14:00:00,Lead,Lead,0.0
3808,Google Ads,2025-06-08 15:00:00,Lead,MQL,0.0
3809,Google Ads,2025-06-08 16:00:00,Lead,Lead,0.0
3810,Google Ads,2025-06-08 17:00:00,Lead,Lead,0.0
3811,Email,2025-06-08 18:00:00,Lead,Lead,0.0
3812,Facebook,2025-06-08 19:00:00,Lead,Lead,0.0
3813,Google Ads,2025-06-08 20:00:00,Lead,Lead,0.0
3814,Facebook,2025-06-08 21:00:00,Lead,Lead,0.0
3815,Google Ads,2025-06-08 22:00:00,Lead,Lead,0.0
3816,Facebook,2025-06-08 23:00:00,Lead,Closed Lost,0.0
3817,Google Ads,2025-06-09 00:00:00,Lead,MQL,0.0
3818,Organic,2025-06-09 01:00:00,Lead,Lead,0.0
3819,Organic,2025-06-09 02:00:00,Lead,Lead,0.0
3820,Facebook,2025-06-09 03:00:00,Lead,MQL,0.0
3821,Google Ads,2025-06-09 04:00:00,Lead,Lead,0.0
3822,Google Ads,2025-06-09 05:00:00,Lead,Lead,0.0
3823,Organic,2025-06-09 06:00:00,Lead,Lead,0.0
3824,Google Ads,2025-06-09 07:00:00,Lead,Lead,0.0
3825,Google Ads,2025-06-09 08:00:00,Lead,MQL,0.0
3826,Google Ads,2025-06-09 09:00:00,Lead,Closed Lost,0.0
3827,Facebook,2025-06-09 10:00:00,Lead,Lead,0.0
3828,Facebook,2025-06-09 11:00:00,Lead,Lead,0.0
3829,Organic,2025-06-09 12:00:00,Lead,MQL,0.0
3830,Google Ads,2025-06-09 13:00:00,Lead,SQL,0.0
3831,Google Ads,2025-06-09 14:00:00,Lead,Lead,0.0
3832,Organic,2025-06-09 15:00:00,Lead,Lead,0.0
3833,Organic,2025-06-09 16:00:00,Lead,MQL,0.0
3834,Google Ads,2025-06-09 17:00:00,Lead,Lead,0.0
3835,Facebook,2025-06-09 18:00:00,Lead,Lead,0.0
3836,Google Ads,2025-06-09 19:00:00,Lead,MQL,0.0
3837,Organic,2025-06-09 20:00:00,Lead,Lead,0.0
3838,Google Ads,2025-06-09 21:00:00,Lead,Lead,0.0
3839,Organic,2025-06-09 22:00:00,Lead,MQL,0.0
3840,Email,2025-06-09 23:00:00,Lead,MQL,0.0
3841,Facebook,2025-06-10 00:00:00,Lead,SQL,0.0
3842,Google Ads,2025-06-10 01:00:00,Lead,SQL,0.0
3843,Facebook,2025-06-10 02:00:00,Lead,MQL,0.0
3844,Facebook,2025-06-10 03:00:00,Lead,Lead,0.0
3845,Google Ads,2025-06-10 04:00:00,Lead,Lead,0.0
3846,Email,2025-06-10 05:00:00,Lead,MQL,0.0
3847,Referral,2025-06-10 06:00:00,Lead,Lead,0.0
3848,Facebook,2025-06-10 07:00:00,Lead,Lead,0.0
3849,Email,2025-06-10 08:00:00,Lead,Lead,0.0
3850,Google Ads,2025-06-10 09:00:00,Lead,Lead,0.0
3851,Facebook,2025-06-10 10:00:00,Lead,Lead,0.0
3852,Google Ads,2025-06-10 11:00:00,Lead,SQL,0.0
3853,Facebook,2025-06-10 12:00:00,Lead,Lead,0.0
3854,Organic,2025-06-10 13:00:00,Lead,MQL,0.0
3855,Email,2025-06-10 14:00:00,Lead,Lead,0.0
3856,Google Ads,2025-06-10 15:00:00,Lead,Lead,0.0
3857,Google Ads,2025-06-10 16:00:00,Lead,SQL,0.0
3858,Facebook,2025-06-10 17:00:00,Lead,Lead,0.0
3859,Facebook,2025-06-10 18:00:00,Lead,MQL,0.0
3860,Organic,2025-06-10 19:00:00,Lead,Lead,0.0
3861,Organic,2025-06-10 20:00:00,Lead,Lead,0.0
3862,Facebook,2025-06-10 21:00:00,Lead,Lead,0.0
3863,Google Ads,2025-06-10 22:00:00,Lead,Lead,0.0
3864,Google Ads,2025-06-10 23:00:00,Lead,SQL,0.0
3865,Google Ads,2025-06-11 00:00:00,Lead,SQL,0.0
3866,Google Ads,2025-06-11 01:00:00,Lead,Lead,0.0
3867,Facebook,2025-06-11 02:00:00,Lead,Lead,0.0
3868,Email,2025-06-11 03:00:00,Lead,Lead,0.0
3869,Email,2025-06-11 04:00:00,Lead,Lead,0.0
3870,Google Ads,2025-06-11 05:00:00,Lead,Closed Won,6410.554532934946
3871,Google Ads,2025-06-11 06:00:00,Lead,Lead,0.0
3872,Google Ads,2025-06-11 07:00:00,Lead,Lead,0.0
3873,Google Ads,2025-06-11 08:00:00,Lead,SQL,0.0
3874,Organic,2025-06-11 09:00:00,Lead,Lead,0.0
3875,Google Ads,2025-06-11 10:00:00,Lead,Lead,0.0
3876,Facebook,2025-06-11 11:00:00,Lead,MQL,0.0
3877,Google Ads,2025-06-11 12:00:00,Lead,MQL,0.0
3878,Organic,2025-06-11 13:00:00,Lead,Lead,0.0
3879,Facebook,2025-06-11 14:00:00,Lead,Lead,0.0
3880,Google Ads,2025-06-11 15:00:00,Lead,MQL,0.0
3881,Facebook,2025-06-11 16:00:00,Lead,SQL,0.0
3882,Email,2025-06-11 17:00:00,Lead,Lead,0.0
3883,Referral,2025-06-11 18:00:00,Lead,Lead,0.0
3884,Google Ads,2025-06-11 19:00:00,Lead,MQL,0.0
3885,Organic,2025-06-11 20:00:00,Lead,SQL,0.0
3886,Organic,2025-06-11 21:00:00,Lead,Lead,0.0
3887,Organic,2025-06-11 22:00:00,Lead,Lead,0.0
3888,Facebook,2025-06-11 23:00:00,Lead,Lead,0.0
3889,Facebook,2025-06-12 00:00:00,Lead,Lead,0.0
3890,Facebook,2025-06-12 01:00:00,Lead,MQL,0.0
3891,Email,2025-06-12 02:00:00,Lead,MQL,0.0
3892,Facebook,2025-06-12 03:00:00,Lead,Lead,0.0
3893,Email,2025-06-12 04:00:00,Lead,Lead,0.0
3894,Facebook,2025-06-12 05:00:00,Lead,Lead,0.0
3895,Email,2025-06-12 06:00:00,Lead,Lead,0.0
3896,Organic,2025-06-12 07:00:00,Lead,MQL,0.0
3897,Google Ads,2025-06-12 08:00:00,Lead,SQL,0.0
3898,Organic,2025-06-12 09:00:00,Lead,Lead,0.0
3899,Facebook,2025-06-12 10:00:00,Lead,MQL,0.0
3900,Organic,2025-06-12 11:00:00,Lead,Lead,0.0
3901,Facebook,2025-06-12 12:00:00,Lead,Lead,0.0
3902,Google Ads,2025-06-12 13:00:00,Lead,Lead,0.0
3903,Organic,2025-06-12 14:00:00,Lead,Lead,0.0
3904,Google Ads,2025-06-12 15:00:00,Lead,MQL,0.0
3905,Organic,2025-06-12 16:00:00,Lead,Lead,0.0
3906,Facebook,2025-06-12 17:00:00,Lead,Lead,0.0
3907,Facebook,2025-06-12 18:00:00,Lead,Lead,0.0
3908,Google Ads,2025-06-12 19:00:00,Lead,SQL,0.0
3909,Facebook,2025-06-12 20:00:00,Lead,SQL,0.0
3910,Google Ads,2025-06-12 21:00:00,Lead,Lead,0.0
3911,Google Ads,2025-06-12 22:00:00,Lead,Lead,0.0
3912,Google Ads,2025-06-12 23:00:00,Lead,Lead,0.0
3913,Google Ads,2025-06-13 00:00:00,Lead,Lead,0.0
3914,Referral,2025-06-13 01:00:00,Lead,SQL,0.0
3915,Referral,2025-06-13 02:00:00,Lead,Lead,0.0
3916,Google Ads,2025-06-13 03:00:00,Lead,Lead,0.0
3917,Email,2025-06-13 04:00:00,Lead,SQL,0.0
3918,Google Ads,2025-06-13 05:00:00,Lead,Lead,0.0
3919,Email,2025-06-13 06:00:00,Lead,Lead,0.0
3920,Organic,2025-06-13 07:00:00,Lead,Lead,0.0
3921,Organic,2025-06-13 08:00:00,Lead,Lead,0.0
3922,Facebook,2025-06-13 09:00:00,Lead,Lead,0.0
3923,Email,2025-06-13 10:00:00,Lead,Lead,0.0
3924,Google Ads,2025-06-13 11:00:00,Lead,Lead,0.0
3925,Referral,2025-06-13 12:00:00,Lead,Lead,0.0
3926,Google Ads,2025-06-13 13:00:00,Lead,Lead,0.0
3927,Facebook,2025-06-13 14:00:00,Lead,Lead,0.0
3928,Email,2025-06-13 15:00:00,Lead,MQL,0.0
3929,Email,2025-06-13 16:00:00,Lead,Lead,0.0
3930,Google Ads,2025-06-13 17:00:00,Lead,MQL,0.0
3931,Organic,2025-06-13 18:00:00,Lead,MQL,0.0
3932,Google Ads,2025-06-13 19:00:00,Lead,Lead,0.0
3933,Facebook,2025-06-13 20:00:00,Lead,MQL,0.0
3934,Google Ads,2025-06-13 21:00:00,Lead,Lead,0.0
3935,Google Ads,2025-06-13 22:00:00,Lead,Lead,0.0
3936,Facebook,2025-06-13 23:00:00,Lead,MQL,0.0
3937,Facebook,2025-06-14 00:00:00,Lead,Lead,0.0
3938,Google Ads,2025-06-14 01:00:00,Lead,Lead,0.0
3939,Google Ads,2025-06-14 02:00:00,Lead,MQL,0.0
3940,Facebook,2025-06-14 03:00:00,Lead,MQL,0.0
3941,Email,2025-06-14 04:00:00,Lead,Lead,0.0
3942,Organic,2025-06-14 05:00:00,Lead,MQL,0.0
3943,Google Ads,2025-06-14 06:00:00,Lead,MQL,0.0
3944,Google Ads,2025-06-14 07:00:00,Lead,Lead,0.0
3945,Google Ads,2025-06-14 08:00:00,Lead,Lead,0.0
3946,Google Ads,2025-06-14 09:00:00,Lead,Lead,0.0
3947,Email,2025-06-14 10:00:00,Lead,Lead,0.0
3948,Facebook,2025-06-14 11:00:00,Lead,Lead,0.0
3949,Google Ads,2025-06-14 12:00:00,Lead,Lead,0.0
3950,Google Ads,2025-06-14 13:00:00,Lead,MQL,0.0
3951,Google Ads,2025-06-14 14:00:00,Lead,Lead,0.0
3952,Organic,2025-06-14 15:00:00,Lead,SQL,0.0
3953,Referral,2025-06-14 16:00:00,Lead,SQL,0.0
3954,Google Ads,2025-06-14 17:00:00,Lead,Lead,0.0
3955,Google Ads,2025-06-14 18:00:00,Lead,Lead,0.0
3956,Organic,2025-06-14 19:00:00,Lead,MQL,0.0
3957,Organic,2025-06-14 20:00:00,Lead,Lead,0.0
3958,Facebook,2025-06-14 21:00:00,Lead,Lead,0.0
3959,Google Ads,2025-06-14 22:00:00,Lead,Lead,0.0
3960,Google Ads,2025-06-14 23:00:00,Lead,MQL,0.0
3961,Facebook,2025-06-15 00:00:00,Lead,Lead,0.0
3962,Google Ads,2025-06-15 01:00:00,Lead,Closed Won,7782.6778595530195
3963,Google Ads,2025-06-15 02:00:00,Lead,Lead,0.0
3964,Facebook,2025-06-15 03:00:00,Lead,Lead,0.0
3965,Google Ads,2025-06-15 04:00:00,Lead,Lead,0.0
3966,Email,2025-06-15 05:00:00,Lead,Lead,0.0
3967,Google Ads,2025-06-15 06:00:00,Lead,MQL,0.0
3968,Google Ads,2025-06-15 07:00:00,Lead,Lead,0.0
3969,Facebook,2025-06-15 08:00:00,Lead,MQL,0.0
3970,Google Ads,2025-06-15 09:00:00,Lead,Lead,0.0
3971,Referral,2025-06-15 10:00:00,Lead,Lead,0.0
3972,Facebook,2025-06-15 11:00:00,Lead,MQL,0.0
3973,Google Ads,2025-06-15 12:00:00,Lead,Closed Lost,0.0
3974,Email,2025-06-15 13:00:00,Lead,MQL,0.0
3975,Google Ads,2025-06-15 14:00:00,Lead,SQL,0.0
3976,Organic,2025-06-15 15:00:00,Lead,MQL,0.0
3977,Google Ads,2025-06-15 16:00:00,Lead,SQL,0.0
3978,Facebook,2025-06-15 17:00:00,Lead,Lead,0.0
3979,Google Ads,2025-06-15 18:00:00,Lead,MQL,0.0
3980,Facebook,2025-06-15 19:00:00,Lead,Lead,0.0
3981,Organic,2025-06-15 20:00:00,Lead,Lead,0.0
3982,Organic,2025-06-15 21:00:00,Lead,MQL,0.0
3983,Google Ads,2025-06-15 22:00:00,Lead,Lead,0.0
3984,Google Ads,2025-06-15 23:00:00,Lead,MQL,0.0
3985,Organic,2025-06-16 00:00:00,Lead,Lead,0.0
3986,Organic,2025-06-16 01:00:00,Lead,Lead,0.0
3987,Google Ads,2025-06-16 02:00:00,Lead,Lead,0.0
3988,Facebook,2025-06-16 03:00:00,Lead,Lead,0.0
3989,Google Ads,2025-06-16 04:00:00,Lead,Lead,0.0
3990,Organic,2025-06-16 05:00:00,Lead,Lead,0.0
3991,Google Ads,2025-06-16 06:00:00,Lead,Lead,0.0
3992,Google Ads,2025-06-16 07:00:00,Lead,Lead,0.0
3993,Email,2025-06-16 08:00:00,Lead,MQL,0.0
3994,Google Ads,2025-06-16 09:00:00,Lead,Lead,0.0
3995,Facebook,2025-06-16 10:00:00,Lead,MQL,0.0
3996,Facebook,2025-06-16 11:00:00,Lead,Lead,0.0
3997,Google Ads,2025-06-16 12:00:00,Lead,Lead,0.0
3998,Google Ads,2025-06-16 13:00:00,Lead,Lead,0.0
3999,Facebook,2025-06-16 14:00:00,Lead,Lead,0.0
4000,Google Ads,2025-06-16 15:00:00,Lead,MQL,0.0
4001,Facebook,2025-06-16 16:00:00,Lead,MQL,0.0
4002,Organic,2025-06-16 17:00:00,Lead,SQL,0.0
4003,Email,2025-06-16 18:00:00,Lead,MQL,0.0
4004,Google Ads,2025-06-16 19:00:00,Lead,Lead,0.0
4005,Google Ads,2025-06-16 20:00:00,Lead,SQL,0.0
4006,Google Ads,2025-06-16 21:00:00,Lead,Lead,0.0
4007,Google Ads,2025-06-16 22:00:00,Lead,Lead,0.0
4008,Facebook,2025-06-16 23:00:00,Lead,MQL,0.0
4009,Email,2025-06-17 00:00:00,Lead,Lead,0.0
4010,Google Ads,2025-06-17 01:00:00,Lead,Lead,0.0
4011,Google Ads,2025-06-17 02:00:00,Lead,MQL,0.0
4012,Google Ads,2025-06-17 03:00:00,Lead,SQL,0.0
4013,Email,2025-06-17 04:00:00,Lead,Lead,0.0
4014,Google Ads,2025-06-17 05:00:00,Lead,Lead,0.0
4015,Facebook,2025-06-17 06:00:00,Lead,Lead,0.0
4016,Google Ads,2025-06-17 07:00:00,Lead,Lead,0.0
4017,Organic,2025-06-17 08:00:00,Lead,MQL,0.0
4018,Organic,2025-06-17 09:00:00,Lead,Lead,0.0
4019,Google Ads,2025-06-17 10:00:00,Lead,SQL,0.0
4020,Google Ads,2025-06-17 11:00:00,Lead,Lead,0.0
4021,Facebook,2025-06-17 12:00:00,Lead,MQL,0.0
4022,Google Ads,2025-06-17 13:00:00,Lead,Lead,0.0
4023,Email,2025-06-17 14:00:00,Lead,Lead,0.0
4024,Organic,2025-06-17 15:00:00,Lead,MQL,0.0
4025,Email,2025-06-17 16:00:00,Lead,Lead,0.0
4026,Organic,2025-06-17 17:00:00,Lead,Lead,0.0
4027,Google Ads,2025-06-17 18:00:00,Lead,SQL,0.0
4028,Google Ads,2025-06-17 19:00:00,Lead,MQL,0.0
4029,Email,2025-06-17 20:00:00,Lead,Lead,0.0
4030,Google Ads,2025-06-17 21:00:00,Lead,SQL,0.0
4031,Email,2025-06-17 22:00:00,Lead,MQL,0.0
4032,Google Ads,2025-06-17 23:00:00,Lead,Lead,0.0
4033,Google Ads,2025-06-18 00:00:00,Lead,Lead,0.0
4034,Referral,2025-06-18 01:00:00,Lead,SQL,0.0
4035,Google Ads,2025-06-18 02:00:00,Lead,Lead,0.0
4036,Referral,2025-06-18 03:00:00,Lead,MQL,0.0
4037,Referral,2025-06-18 04:00:00,Lead,Lead,0.0
4038,Email,2025-06-18 05:00:00,Lead,Lead,0.0
4039,Email,2025-06-18 06:00:00,Lead,MQL,0.0
4040,Facebook,2025-06-18 07:00:00,Lead,Lead,0.0
4041,Organic,2025-06-18 08:00:00,Lead,MQL,0.0
4042,Google Ads,2025-06-18 09:00:00,Lead,Closed Lost,0.0
4043,Facebook,2025-06-18 10:00:00,Lead,Closed Won,5567.339428147266
4044,Facebook,2025-06-18 11:00:00,Lead,Lead,0.0
4045,Facebook,2025-06-18 12:00:00,Lead,SQL,0.0
4046,Facebook,2025-06-18 13:00:00,Lead,Lead,0.0
4047,Google Ads,2025-06-18 14:00:00,Lead,Lead,0.0
4048,Facebook,2025-06-18 15:00:00,Lead,MQL,0.0
4049,Organic,2025-06-18 16:00:00,Lead,Lead,0.0
4050,Google Ads,2025-06-18 17:00:00,Lead,SQL,0.0
4051,Organic,2025-06-18 18:00:00,Lead,Lead,0.0
4052,Email,2025-06-18 19:00:00,Lead,SQL,0.0
4053,Organic,2025-06-18 20:00:00,Lead,MQL,0.0
4054,Facebook,2025-06-18 21:00:00,Lead,Lead,0.0
4055,Email,2025-06-18 22:00:00,Lead,Lead,0.0
4056,Google Ads,2025-06-18 23:00:00,Lead,Lead,0.0
4057,Organic,2025-06-19 00:00:00,Lead,SQL,0.0
4058,Google Ads,2025-06-19 01:00:00,Lead,Lead,0.0
4059,Organic,2025-06-19 02:00:00,Lead,Lead,0.0
4060,Referral,2025-06-19 03:00:00,Lead,Lead,0.0
4061,Google Ads,2025-06-19 04:00:00,Lead,Lead,0.0
4062,Google Ads,2025-06-19 05:00:00,Lead,Lead,0.0
4063,Email,2025-06-19 06:00:00,Lead,Lead,0.0
4064,Google Ads,2025-06-19 07:00:00,Lead,Lead,0.0
4065,Organic,2025-06-19 08:00:00,Lead,Lead,0.0
4066,Google Ads,2025-06-19 09:00:00,Lead,MQL,0.0
4067,Google Ads,2025-06-19 10:00:00,Lead,Lead,0.0
4068,Referral,2025-06-19 11:00:00,Lead,MQL,0.0
4069,Email,2025-06-19 12:00:00,Lead,Lead,0.0
4070,Organic,2025-06-19 13:00:00,Lead,Lead,0.0
4071,Google Ads,2025-06-19 14:00:00,Lead,MQL,0.0
4072,Email,2025-06-19 15:00:00,Lead,MQL,0.0
4073,Facebook,2025-06-19 16:00:00,Lead,MQL,0.0
4074,Facebook,2025-06-19 17:00:00,Lead,Lead,0.0
4075,Email,2025-06-19 18:00:00,Lead,MQL,0.0
4076,Facebook,2025-06-19 19:00:00,Lead,Lead,0.0
4077,Facebook,2025-06-19 20:00:00,Lead,SQL,0.0
4078,Google Ads,2025-06-19 21:00:00,Lead,MQL,0.0
4079,Email,2025-06-19 22:00:00,Lead,Lead,0.0
4080,Google Ads,2025-06-19 23:00:00,Lead,MQL,0.0
4081,Email,2025-06-20 00:00:00,Lead,Lead,0.0
4082,Google Ads,2025-06-20 01:00:00,Lead,MQL,0.0
4083,Facebook,2025-06-20 02:00:00,Lead,MQL,0.0
4084,Email,2025-06-20 03:00:00,Lead,Lead,0.0
4085,Google Ads,2025-06-20 04:00:00,Lead,Lead,0.0
4086,Google Ads,2025-06-20 05:00:00,Lead,MQL,0.0
4087,Google Ads,2025-06-20 06:00:00,Lead,Lead,0.0
4088,Facebook,2025-06-20 07:00:00,Lead,Lead,0.0
4089,Organic,2025-06-20 08:00:00,Lead,MQL,0.0
4090,Google Ads,2025-06-20 09:00:00,Lead,Lead,0.0
4091,Email,2025-06-20 10:00:00,Lead,MQL,0.0
4092,Google Ads,2025-06-20 11:00:00,Lead,Lead,0.0
4093,Facebook,2025-06-20 12:00:00,Lead,Lead,0.0
4094,Organic,2025-06-20 13:00:00,Lead,Lead,0.0
4095,Google Ads,2025-06-20 14:00:00,Lead,Lead,0.0
4096,Facebook,2025-06-20 15:00:00,Lead,Lead,0.0
4097,Google Ads,2025-06-20 16:00:00,Lead,SQL,0.0
4098,Google Ads,2025-06-20 17:00:00,Lead,SQL,0.0
4099,Google Ads,2025-06-20 18:00:00,Lead,Lead,0.0
4100,Google Ads,2025-06-20 19:00:00,Lead,SQL,0.0
4101,Facebook,2025-06-20 20:00:00,Lead,MQL,0.0
4102,Facebook,2025-06-20 21:00:00,Lead,MQL,0.0
4103,Facebook,2025-06-20 22:00:00,Lead,Lead,0.0
4104,Google Ads,2025-06-20 23:00:00,Lead,Lead,0.0
4105,Google Ads,2025-06-21 00:00:00,Lead,MQL,0.0
4106,Email,2025-06-21 01:00:00,Lead,SQL,0.0
4107,Referral,2025-06-21 02:00:00,Lead,Lead,0.0
4108,Google Ads,2025-06-21 03:00:00,Lead,Lead,0.0
4109,Organic,2025-06-21 04:00:00,Lead,SQL,0.0
4110,Facebook,2025-06-21 05:00:00,Lead,Lead,0.0
4111,Facebook,2025-06-21 06:00:00,Lead,Lead,0.0
4112,Facebook,2025-06-21 07:00:00,Lead,Lead,0.0
4113,Google Ads,2025-06-21 08:00:00,Lead,MQL,0.0
4114,Google Ads,2025-06-21 09:00:00,Lead,MQL,0.0
4115,Facebook,2025-06-21 10:00:00,Lead,Lead,0.0
4116,Google Ads,2025-06-21 11:00:00,Lead,Lead,0.0
4117,Organic,2025-06-21 12:00:00,Lead,Lead,0.0
4118,Facebook,2025-06-21 13:00:00,Lead,MQL,0.0
4119,Google Ads,2025-06-21 14:00:00,Lead,Closed Won,6125.704792902642
4120,Email,2025-06-21 15:00:00,Lead,Lead,0.0
4121,Google Ads,2025-06-21 16:00:00,Lead,SQL,0.0
4122,Facebook,2025-06-21 17:00:00,Lead,Lead,0.0
4123,Email,2025-06-21 18:00:00,Lead,MQL,0.0
4124,Organic,2025-06-21 19:00:00,Lead,Lead,0.0
4125,Email,2025-06-21 20:00:00,Lead,Lead,0.0
4126,Email,2025-06-21 21:00:00,Lead,Lead,0.0
4127,Email,2025-06-21 22:00:00,Lead,Lead,0.0
4128,Organic,2025-06-21 23:00:00,Lead,Lead,0.0
4129,Google Ads,2025-06-22 00:00:00,Lead,MQL,0.0
4130,Google Ads,2025-06-22 01:00:00,Lead,Lead,0.0
4131,Google Ads,2025-06-22 02:00:00,Lead,MQL,0.0
4132,Google Ads,2025-06-22 03:00:00,Lead,SQL,0.0
4133,Email,2025-06-22 04:00:00,Lead,Lead,0.0
4134,Facebook,2025-06-22 05:00:00,Lead,Lead,0.0
4135,Facebook,2025-06-22 06:00:00,Lead,Lead,0.0
4136,Google Ads,2025-06-22 07:00:00,Lead,Lead,0.0
4137,Email,2025-06-22 08:00:00,Lead,MQL,0.0
4138,Google Ads,2025-06-22 09:00:00,Lead,Lead,0.0
4139,Email,2025-06-22 10:00:00,Lead,Lead,0.0
4140,Facebook,2025-06-22 11:00:00,Lead,Lead,0.0
4141,Google Ads,2025-06-22 12:00:00,Lead,MQL,0.0
4142,Google Ads,2025-06-22 13:00:00,Lead,Lead,0.0
4143,Google Ads,2025-06-22 14:00:00,Lead,MQL,0.0
4144,Organic,2025-06-22 15:00:00,Lead,Lead,0.0
4145,Organic,2025-06-22 16:00:00,Lead,MQL,0.0
4146,Facebook,2025-06-22 17:00:00,Lead,Lead,0.0
4147,Google Ads,2025-06-22 18:00:00,Lead,Lead,0.0
4148,Facebook,2025-06-22 19:00:00,Lead,Closed Lost,0.0
4149,Email,2025-06-22 20:00:00,Lead,Lead,0.0
4150,Email,2025-06-22 21:00:00,Lead,SQL,0.0
4151,Google Ads,2025-06-22 22:00:00,Lead,Lead,0.0
4152,Google Ads,2025-06-22 23:00:00,Lead,Lead,0.0
4153,Email,2025-06-23 00:00:00,Lead,Lead,0.0
4154,Google Ads,2025-06-23 01:00:00,Lead,Lead,0.0
4155,Google Ads,2025-06-23 02:00:00,Lead,Lead,0.0
4156,Google Ads,2025-06-23 03:00:00,Lead,Lead,0.0
4157,Facebook,2025-06-23 04:00:00,Lead,MQL,0.0
4158,Organic,2025-06-23 05:00:00,Lead,Lead,0.0
4159,Referral,2025-06-23 06:00:00,Lead,SQL,0.0
4160,Facebook,2025-06-23 07:00:00,Lead,Lead,0.0
4161,Facebook,2025-06-23 08:00:00,Lead,SQL,0.0
4162,Google Ads,2025-06-23 09:00:00,Lead,MQL,0.0
4163,Facebook,2025-06-23 10:00:00,Lead,Lead,0.0
4164,Google Ads,2025-06-23 11:00:00,Lead,Lead,0.0
4165,Facebook,2025-06-23 12:00:00,Lead,SQL,0.0
4166,Google Ads,2025-06-23 13:00:00,Lead,Lead,0.0
4167,Google Ads,2025-06-23 14:00:00,Lead,Lead,0.0
4168,Google Ads,2025-06-23 15:00:00,Lead,MQL,0.0
4169,Google Ads,2025-06-23 16:00:00,Lead,MQL,0.0
4170,Google Ads,2025-06-23 17:00:00,Lead,Lead,0.0
4171,Google Ads,2025-06-23 18:00:00,Lead,Lead,0.0
4172,Referral,2025-06-23 19:00:00,Lead,Lead,0.0
4173,Facebook,2025-06-23 20:00:00,Lead,Lead,0.0
4174,Facebook,2025-06-23 21:00:00,Lead,Lead,0.0
4175,Organic,2025-06-23 22:00:00,Lead,Lead,0.0
4176,Referral,2025-06-23 23:00:00,Lead,Lead,0.0
4177,Facebook,2025-06-24 00:00:00,Lead,Lead,0.0
4178,Organic,2025-06-24 01:00:00,Lead,Lead,0.0
4179,Google Ads,2025-06-24 02:00:00,Lead,Lead,0.0
4180,Google Ads,2025-06-24 03:00:00,Lead,Lead,0.0
4181,Facebook,2025-06-24 04:00:00,Lead,Lead,0.0
4182,Email,2025-06-24 05:00:00,Lead,MQL,0.0
4183,Email,2025-06-24 06:00:00,Lead,MQL,0.0
4184,Google Ads,2025-06-24 07:00:00,Lead,Lead,0.0
4185,Google Ads,2025-06-24 08:00:00,Lead,Lead,0.0
4186,Facebook,2025-06-24 09:00:00,Lead,Lead,0.0
4187,Google Ads,2025-06-24 10:00:00,Lead,Lead,0.0
4188,Facebook,2025-06-24 11:00:00,Lead,MQL,0.0
4189,Email,2025-06-24 12:00:00,Lead,Lead,0.0
4190,Email,2025-06-24 13:00:00,Lead,Lead,0.0
4191,Email,2025-06-24 14:00:00,Lead,MQL,0.0
4192,Organic,2025-06-24 15:00:00,Lead,Lead,0.0
4193,Facebook,2025-06-24 16:00:00,Lead,Lead,0.0
4194,Email,2025-06-24 17:00:00,Lead,Lead,0.0
4195,Facebook,2025-06-24 18:00:00,Lead,Lead,0.0
4196,Google Ads,2025-06-24 19:00:00,Lead,Lead,0.0
4197,Google Ads,2025-06-24 20:00:00,Lead,Lead,0.0
4198,Google Ads,2025-06-24 21:00:00,Lead,Lead,0.0
4199,Facebook,2025-06-24 22:00:00,Lead,Lead,0.0
4200,Facebook,2025-06-24 23:00:00,Lead,MQL,0.0
4201,Organic,2025-06-25 00:00:00,Lead,Closed Won,4920.422012112341
4202,Google Ads,2025-06-25 01:00:00,Lead,Lead,0.0
4203,Google Ads,2025-06-25 02:00:00,Lead,SQL,0.0
4204,Referral,2025-06-25 03:00:00,Lead,Lead,0.0
4205,Google Ads,2025-06-25 04:00:00,Lead,Lead,0.0
4206,Facebook,2025-06-25 05:00:00,Lead,Lead,0.0
4207,Facebook,2025-06-25 06:00:00,Lead,Lead,0.0
4208,Facebook,2025-06-25 07:00:00,Lead,Closed Lost,0.0
4209,Google Ads,2025-06-25 08:00:00,Lead,Closed Lost,0.0
4210,Google Ads,2025-06-25 09:00:00,Lead,Lead,0.0
4211,Google Ads,2025-06-25 10:00:00,Lead,MQL,0.0
4212,Facebook,2025-06-25 11:00:00,Lead,MQL,0.0
4213,Facebook,2025-06-25 12:00:00,Lead,MQL,0.0
4214,Google Ads,2025-06-25 13:00:00,Lead,Lead,0.0
4215,Facebook,2025-06-25 14:00:00,Lead,Lead,0.0
4216,Organic,2025-06-25 15:00:00,Lead,MQL,0.0
4217,Google Ads,2025-06-25 16:00:00,Lead,MQL,0.0
4218,Facebook,2025-06-25 17:00:00,Lead,Lead,0.0
4219,Email,2025-06-25 18:00:00,Lead,Lead,0.0
4220,Google Ads,2025-06-25 19:00:00,Lead,Lead,0.0
4221,Google Ads,2025-06-25 20:00:00,Lead,Lead,0.0
4222,Facebook,2025-06-25 21:00:00,Lead,Lead,0.0
4223,Organic,2025-06-25 22:00:00,Lead,MQL,0.0
4224,Organic,2025-06-25 23:00:00,Lead,MQL,0.0
4225,Facebook,2025-06-26 00:00:00,Lead,SQL,0.0
4226,Email,2025-06-26 01:00:00,Lead,Lead,0.0
4227,Google Ads,2025-06-26 02:00:00,Lead,SQL,0.0
4228,Facebook,2025-06-26 03:00:00,Lead,Lead,0.0
4229,Facebook,2025-06-26 04:00:00,Lead,Lead,0.0
4230,Google Ads,2025-06-26 05:00:00,Lead,Lead,0.0
4231,Email,2025-06-26 06:00:00,Lead,MQL,0.0
4232,Facebook,2025-06-26 07:00:00,Lead,Lead,0.0
4233,Google Ads,2025-06-26 08:00:00,Lead,Lead,0.0
4234,Organic,2025-06-26 09:00:00,Lead,MQL,0.0
4235,Google Ads,2025-06-26 10:00:00,Lead,Lead,0.0
4236,Google Ads,2025-06-26 11:00:00,Lead,Lead,0.0
4237,Google Ads,2025-06-26 12:00:00,Lead,Lead,0.0
4238,Email,2025-06-26 13:00:00,Lead,Lead,0.0
4239,Email,2025-06-26 14:00:00,Lead,Lead,0.0
4240,Google Ads,2025-06-26 15:00:00,Lead,MQL,0.0
4241,Email,2025-06-26 16:00:00,Lead,Lead,0.0
4242,Google Ads,2025-06-26 17:00:00,Lead,Lead,0.0
4243,Email,2025-06-26 18:00:00,Lead,MQL,0.0
4244,Facebook,2025-06-26 19:00:00,Lead,SQL,0.0
4245,Facebook,2025-06-26 20:00:00,Lead,Lead,0.0
4246,Organic,2025-06-26 21:00:00,Lead,MQL,0.0
4247,Google Ads,2025-06-26 22:00:00,Lead,Lead,0.0
4248,Google Ads,2025-06-26 23:00:00,Lead,Lead,0.0
4249,Facebook,2025-06-27 00:00:00,Lead,MQL,0.0
4250,Referral,2025-06-27 01:00:00,Lead,SQL,0.0
4251,Google Ads,2025-06-27 02:00:00,Lead,Lead,0.0
4252,Google Ads,2025-06-27 03:00:00,Lead,MQL,0.0
4253,Google Ads,2025-06-27 04:00:00,Lead,Lead,0.0
4254,Facebook,2025-06-27 05:00:00,Lead,Lead,0.0
4255,Google Ads,2025-06-27 06:00:00,Lead,Lead,0.0
4256,Email,2025-06-27 07:00:00,Lead,MQL,0.0
4257,Referral,2025-06-27 08:00:00,Lead,MQL,0.0
4258,Facebook,2025-06-27 09:00:00,Lead,SQL,0.0
4259,Google Ads,2025-06-27 10:00:00,Lead,MQL,0.0
4260,Facebook,2025-06-27 11:00:00,Lead,Lead,0.0
4261,Google Ads,2025-06-27 12:00:00,Lead,Lead,0.0
4262,Organic,2025-06-27 13:00:00,Lead,Lead,0.0
4263,Facebook,2025-06-27 14:00:00,Lead,SQL,0.0
4264,Google Ads,2025-06-27 15:00:00,Lead,Lead,0.0
4265,Email,2025-06-27 16:00:00,Lead,Lead,0.0
4266,Facebook,2025-06-27 17:00:00,Lead,SQL,0.0
4267,Facebook,2025-06-27 18:00:00,Lead,MQL,0.0
4268,Google Ads,2025-06-27 19:00:00,Lead,Lead,0.0
4269,Organic,2025-06-27 20:00:00,Lead,MQL,0.0
4270,Organic,2025-06-27 21:00:00,Lead,Lead,0.0
4271,Facebook,2025-06-27 22:00:00,Lead,MQL,0.0
4272,Referral,2025-06-27 23:00:00,Lead,Lead,0.0
4273,Google Ads,2025-06-28 00:00:00,Lead,MQL,0.0
4274,Facebook,2025-06-28 01:00:00,Lead,MQL,0.0
4275,Facebook,2025-06-28 02:00:00,Lead,Lead,0.0
4276,Facebook,2025-06-28 03:00:00,Lead,Lead,0.0
4277,Facebook,2025-06-28 04:00:00,Lead,Lead,0.0
4278,Google Ads,2025-06-28 05:00:00,Lead,Lead,0.0
4279,Google Ads,2025-06-28 06:00:00,Lead,Lead,0.0
4280,Google Ads,2025-06-28 07:00:00,Lead,Lead,0.0
4281,Google Ads,2025-06-28 08:00:00,Lead,MQL,0.0
4282,Email,2025-06-28 09:00:00,Lead,SQL,0.0
4283,Google Ads,2025-06-28 10:00:00,Lead,SQL,0.0
4284,Google Ads,2025-06-28 11:00:00,Lead,SQL,0.0
4285,Facebook,2025-06-28 12:00:00,Lead,Lead,0.0
4286,Facebook,2025-06-28 13:00:00,Lead,Lead,0.0
4287,Organic,2025-06-28 14:00:00,Lead,Lead,0.0
4288,Facebook,2025-06-28 15:00:00,Lead,Lead,0.0
4289,Google Ads,2025-06-28 16:00:00,Lead,Lead,0.0
4290,Organic,2025-06-28 17:00:00,Lead,Lead,0.0
4291,Facebook,2025-06-28 18:00:00,Lead,Lead,0.0
4292,Google Ads,2025-06-28 19:00:00,Lead,Lead,0.0
4293,Facebook,2025-06-28 20:00:00,Lead,MQL,0.0
4294,Organic,2025-06-28 21:00:00,Lead,MQL,0.0
4295,Google Ads,2025-06-28 22:00:00,Lead,MQL,0.0
4296,Google Ads,2025-06-28 23:00:00,Lead,Lead,0.0
4297,Google Ads,2025-06-29 00:00:00,Lead,Lead,0.0
4298,Google Ads,2025-06-29 01:00:00,Lead,MQL,0.0
4299,Facebook,2025-06-29 02:00:00,Lead,MQL,0.0
4300,Facebook,2025-06-29 03:00:00,Lead,Lead,0.0
4301,Google Ads,2025-06-29 04:00:00,Lead,MQL,0.0
4302,Organic,2025-06-29 05:00:00,Lead,MQL,0.0
4303,Email,2025-06-29 06:00:00,Lead,Closed Won,6361.298451189045
4304,Facebook,2025-06-29 07:00:00,Lead,Lead,0.0
4305,Organic,2025-06-29 08:00:00,Lead,MQL,0.0
4306,Google Ads,2025-06-29 09:00:00,Lead,Lead,0.0
4307,Facebook,2025-06-29 10:00:00,Lead,MQL,0.0
4308,Facebook,2025-06-29 11:00:00,Lead,Lead,0.0
4309,Organic,2025-06-29 12:00:00,Lead,MQL,0.0
4310,Email,2025-06-29 13:00:00,Lead,Lead,0.0
4311,Google Ads,2025-06-29 14:00:00,Lead,Lead,0.0
4312,Organic,2025-06-29 15:00:00,Lead,SQL,0.0
4313,Google Ads,2025-06-29 16:00:00,Lead,SQL,0.0
4314,Organic,2025-06-29 17:00:00,Lead,Lead,0.0
4315,Referral,2025-06-29 18:00:00,Lead,Lead,0.0
4316,Google Ads,2025-06-29 19:00:00,Lead,MQL,0.0
4317,Email,2025-06-29 20:00:00,Lead,MQL,0.0
4318,Google Ads,2025-06-29 21:00:00,Lead,Lead,0.0
4319,Facebook,2025-06-29 22:00:00,Lead,Lead,0.0
4320,Facebook,2025-06-29 23:00:00,Lead,Lead,0.0
4321,Facebook,2025-06-30 00:00:00,Lead,Lead,0.0
4322,Organic,2025-06-30 01:00:00,Lead,SQL,0.0
4323,Email,2025-06-30 02:00:00,Lead,MQL,0.0
4324,Facebook,2025-06-30 03:00:00,Lead,MQL,0.0
4325,Organic,2025-06-30 04:00:00,Lead,MQL,0.0
4326,Referral,2025-06-30 05:00:00,Lead,Lead,0.0
4327,Google Ads,2025-06-30 06:00:00,Lead,MQL,0.0
4328,Referral,2025-06-30 07:00:00,Lead,Lead,0.0
4329,Google Ads,2025-06-30 08:00:00,Lead,MQL,0.0
4330,Organic,2025-06-30 09:00:00,Lead,MQL,0.0
4331,Google Ads,2025-06-30 10:00:00,Lead,Lead,0.0
4332,Google Ads,2025-06-30 11:00:00,Lead,Lead,0.0
4333,Facebook,2025-06-30 12:00:00,Lead,Lead,0.0
4334,Facebook,2025-06-30 13:00:00,Lead,MQL,0.0
4335,Google Ads,2025-06-30 14:00:00,Lead,Lead,0.0
4336,Google Ads,2025-06-30 15:00:00,Lead,Lead,0.0
4337,Facebook,2025-06-30 16:00:00,Lead,Lead,0.0
4338,Organic,2025-06-30 17:00:00,Lead,MQL,0.0
4339,Google Ads,2025-06-30 18:00:00,Lead,MQL,0.0
4340,Google Ads,2025-06-30 19:00:00,Lead,MQL,0.0
4341,Facebook,2025-06-30 20:00:00,Lead,Lead,0.0
4342,Google Ads,2025-06-30 21:00:00,Lead,Lead,0.0
4343,Organic,2025-06-30 22:00:00,Lead,MQL,0.0
4344,Organic,2025-06-30 23:00:00,Lead,Lead,0.0
4345,Facebook,2025-07-01 00:00:00,Lead,Lead,0.0
4346,Google Ads,2025-07-01 01:00:00,Lead,MQL,0.0
4347,Email,2025-07-01 02:00:00,Lead,MQL,0.0
4348,Facebook,2025-07-01 03:00:00,Lead,Closed Won,6635.366425487097
4349,Organic,2025-07-01 04:00:00,Lead,Lead,0.0
4350,Facebook,2025-07-01 05:00:00,Lead,Lead,0.0
4351,Email,2025-07-01 06:00:00,Lead,MQL,0.0
4352,Facebook,2025-07-01 07:00:00,Lead,Lead,0.0
4353,Facebook,2025-07-01 08:00:00,Lead,Lead,0.0
4354,Referral,2025-07-01 09:00:00,Lead,SQL,0.0
4355,Facebook,2025-07-01 10:00:00,Lead,Closed Won,4368.521197980236
4356,Facebook,2025-07-01 11:00:00,Lead,MQL,0.0
4357,Google Ads,2025-07-01 12:00:00,Lead,MQL,0.0
4358,Facebook,2025-07-01 13:00:00,Lead,MQL,0.0
4359,Facebook,2025-07-01 14:00:00,Lead,Lead,0.0
4360,Google Ads,2025-07-01 15:00:00,Lead,Lead,0.0
4361,Google Ads,2025-07-01 16:00:00,Lead,Lead,0.0
4362,Facebook,2025-07-01 17:00:00,Lead,Closed Won,5135.062375800438
4363,Email,2025-07-01 18:00:00,Lead,Lead,0.0
4364,Facebook,2025-07-01 19:00:00,Lead,MQL,0.0
4365,Google Ads,2025-07-01 20:00:00,Lead,Lead,0.0
4366,Email,2025-07-01 21:00:00,Lead,MQL,0.0
4367,Google Ads,2025-07-01 22:00:00,Lead,SQL,0.0
4368,Facebook,2025-07-01 23:00:00,Lead,Lead,0.0
4369,Google Ads,2025-07-02 00:00:00,Lead,SQL,0.0
4370,Google Ads,2025-07-02 01:00:00,Lead,SQL,0.0
4371,Google Ads,2025-07-02 02:00:00,Lead,MQL,0.0
4372,Google Ads,2025-07-02 03:00:00,Lead,Lead,0.0
4373,Google Ads,2025-07-02 04:00:00,Lead,SQL,0.0
4374,Google Ads,2025-07-02 05:00:00,Lead,MQL,0.0
4375,Facebook,2025-07-02 06:00:00,Lead,MQL,0.0
4376,Facebook,2025-07-02 07:00:00,Lead,Closed Lost,0.0
4377,Google Ads,2025-07-02 08:00:00,Lead,Lead,0.0
4378,Organic,2025-07-02 09:00:00,Lead,MQL,0.0
4379,Google Ads,2025-07-02 10:00:00,Lead,Lead,0.0
4380,Facebook,2025-07-02 11:00:00,Lead,Lead,0.0
4381,Google Ads,2025-07-02 12:00:00,Lead,MQL,0.0
4382,Google Ads,2025-07-02 13:00:00,Lead,MQL,0.0
4383,Facebook,2025-07-02 14:00:00,Lead,Lead,0.0
4384,Facebook,2025-07-02 15:00:00,Lead,Lead,0.0
4385,Organic,2025-07-02 16:00:00,Lead,Lead,0.0
4386,Facebook,2025-07-02 17:00:00,Lead,Lead,0.0
4387,Referral,2025-07-02 18:00:00,Lead,MQL,0.0
4388,Google Ads,2025-07-02 19:00:00,Lead,SQL,0.0
4389,Google Ads,2025-07-02 20:00:00,Lead,Lead,0.0
4390,Google Ads,2025-07-02 21:00:00,Lead,Lead,0.0
4391,Google Ads,2025-07-02 22:00:00,Lead,Lead,0.0
4392,Facebook,2025-07-02 23:00:00,Lead,Lead,0.0
4393,Facebook,2025-07-03 00:00:00,Lead,SQL,0.0
4394,Google Ads,2025-07-03 01:00:00,Lead,MQL,0.0
4395,Organic,2025-07-03 02:00:00,Lead,Lead,0.0
4396,Organic,2025-07-03 03:00:00,Lead,Lead,0.0
4397,Google Ads,2025-07-03 04:00:00,Lead,Lead,0.0
4398,Google Ads,2025-07-03 05:00:00,Lead,MQL,0.0
4399,Google Ads,2025-07-03 06:00:00,Lead,MQL,0.0
4400,Google Ads,2025-07-03 07:00:00,Lead,MQL,0.0
4401,Google Ads,2025-07-03 08:00:00,Lead,Lead,0.0
4402,Facebook,2025-07-03 09:00:00,Lead,Lead,0.0
4403,Google Ads,2025-07-03 10:00:00,Lead,Lead,0.0
4404,Google Ads,2025-07-03 11:00:00,Lead,Lead,0.0
4405,Referral,2025-07-03 12:00:00,Lead,Lead,0.0
4406,Email,2025-07-03 13:00:00,Lead,Lead,0.0
4407,Organic,2025-07-03 14:00:00,Lead,Lead,0.0
4408,Google Ads,2025-07-03 15:00:00,Lead,Lead,0.0
4409,Google Ads,2025-07-03 16:00:00,Lead,MQL,0.0
4410,Facebook,2025-07-03 17:00:00,Lead,MQL,0.0
4411,Google Ads,2025-07-03 18:00:00,Lead,Lead,0.0
4412,Google Ads,2025-07-03 19:00:00,Lead,Lead,0.0
4413,Email,2025-07-03 20:00:00,Lead,Lead,0.0
4414,Facebook,2025-07-03 21:00:00,Lead,Lead,0.0
4415,Facebook,2025-07-03 22:00:00,Lead,Lead,0.0
4416,Facebook,2025-07-03 23:00:00,Lead,MQL,0.0
4417,Facebook,2025-07-04 00:00:00,Lead,Lead,0.0
4418,Google Ads,2025-07-04 01:00:00,Lead,Lead,0.0
4419,Google Ads,2025-07-04 02:00:00,Lead,Lead,0.0
4420,Google Ads,2025-07-04 03:00:00,Lead,MQL,0.0
4421,Google Ads,2025-07-04 04:00:00,Lead,Lead,0.0
4422,Referral,2025-07-04 05:00:00,Lead,MQL,0.0
4423,Facebook,2025-07-04 06:00:00,Lead,Lead,0.0
4424,Email,2025-07-04 07:00:00,Lead,Lead,0.0
4425,Google Ads,2025-07-04 08:00:00,Lead,Lead,0.0
4426,Google Ads,2025-07-04 09:00:00,Lead,Lead,0.0
4427,Google Ads,2025-07-04 10:00:00,Lead,Lead,0.0
4428,Google Ads,2025-07-04 11:00:00,Lead,Lead,0.0
4429,Google Ads,2025-07-04 12:00:00,Lead,Lead,0.0
4430,Email,2025-07-04 13:00:00,Lead,Lead,0.0
4431,Email,2025-07-04 14:00:00,Lead,Lead,0.0
4432,Facebook,2025-07-04 15:00:00,Lead,SQL,0.0
4433,Facebook,2025-07-04 16:00:00,Lead,Lead,0.0
4434,Organic,2025-07-04 17:00:00,Lead,Lead,0.0
4435,Google Ads,2025-07-04 18:00:00,Lead,MQL,0.0
4436,Google Ads,2025-07-04 19:00:00,Lead,MQL,0.0
4437,Google Ads,2025-07-04 20:00:00,Lead,Lead,0.0
4438,Email,2025-07-04 21:00:00,Lead,Lead,0.0
4439,Referral,2025-07-04 22:00:00,Lead,Lead,0.0
4440,Google Ads,2025-07-04 23:00:00,Lead,Lead,0.0
4441,Organic,2025-07-05 00:00:00,Lead,MQL,0.0
4442,Organic,2025-07-05 01:00:00,Lead,Lead,0.0
4443,Google Ads,2025-07-05 02:00:00,Lead,Lead,0.0
4444,Google Ads,2025-07-05 03:00:00,Lead,Lead,0.0
4445,Facebook,2025-07-05 04:00:00,Lead,Lead,0.0
4446,Referral,2025-07-05 05:00:00,Lead,Lead,0.0
4447,Google Ads,2025-07-05 06:00:00,Lead,Lead,0.0
4448,Email,2025-07-05 07:00:00,Lead,Lead,0.0
4449,Google Ads,2025-07-05 08:00:00,Lead,Lead,0.0
4450,Email,2025-07-05 09:00:00,Lead,MQL,0.0
4451,Facebook,2025-07-05 10:00:00,Lead,Lead,0.0
4452,Facebook,2025-07-05 11:00:00,Lead,Closed Lost,0.0
4453,Organic,2025-07-05 12:00:00,Lead,SQL,0.0
4454,Organic,2025-07-05 13:00:00,Lead,SQL,0.0
4455,Organic,2025-07-05 14:00:00,Lead,Lead,0.0
4456,Google Ads,2025-07-05 15:00:00,Lead,MQL,0.0
4457,Email,2025-07-05 16:00:00,Lead,MQL,0.0
4458,Google Ads,2025-07-05 17:00:00,Lead,SQL,0.0
4459,Facebook,2025-07-05 18:00:00,Lead,Lead,0.0
4460,Facebook,2025-07-05 19:00:00,Lead,SQL,0.0
4461,Facebook,2025-07-05 20:00:00,Lead,Lead,0.0
4462,Facebook,2025-07-05 21:00:00,Lead,MQL,0.0
4463,Referral,2025-07-05 22:00:00,Lead,MQL,0.0
4464,Google Ads,2025-07-05 23:00:00,Lead,MQL,0.0
4465,Email,2025-07-06 00:00:00,Lead,MQL,0.0
4466,Google Ads,2025-07-06 01:00:00,Lead,MQL,0.0
4467,Google Ads,2025-07-06 02:00:00,Lead,MQL,0.0
4468,Google Ads,2025-07-06 03:00:00,Lead,Lead,0.0
4469,Organic,2025-07-06 04:00:00,Lead,MQL,0.0
4470,Organic,2025-07-06 05:00:00,Lead,MQL,0.0
4471,Organic,2025-07-06 06:00:00,Lead,Lead,0.0
4472,Referral,2025-07-06 07:00:00,Lead,Lead,0.0
4473,Google Ads,2025-07-06 08:00:00,Lead,SQL,0.0
4474,Google Ads,2025-07-06 09:00:00,Lead,Lead,0.0
4475,Email,2025-07-06 10:00:00,Lead,Lead,0.0
4476,Facebook,2025-07-06 11:00:00,Lead,Lead,0.0
4477,Facebook,2025-07-06 12:00:00,Lead,Lead,0.0
4478,Google Ads,2025-07-06 13:00:00,Lead,Lead,0.0
4479,Facebook,2025-07-06 14:00:00,Lead,Lead,0.0
4480,Facebook,2025-07-06 15:00:00,Lead,Lead,0.0
4481,Google Ads,2025-07-06 16:00:00,Lead,Lead,0.0
4482,Facebook,2025-07-06 17:00:00,Lead,Lead,0.0
4483,Facebook,2025-07-06 18:00:00,Lead,Lead,0.0
4484,Facebook,2025-07-06 19:00:00,Lead,Lead,0.0
4485,Google Ads,2025-07-06 20:00:00,Lead,Lead,0.0
4486,Email,2025-07-06 21:00:00,Lead,Lead,0.0
4487,Google Ads,2025-07-06 22:00:00,Lead,Lead,0.0
4488,Google Ads,2025-07-06 23:00:00,Lead,SQL,0.0
4489,Email,2025-07-07 00:00:00,Lead,Lead,0.0
4490,Facebook,2025-07-07 01:00:00,Lead,MQL,0.0
4491,Google Ads,2025-07-07 02:00:00,Lead,SQL,0.0
4492,Email,2025-07-07 03:00:00,Lead,Lead,0.0
4493,Facebook,2025-07-07 04:00:00,Lead,MQL,0.0
4494,Email,2025-07-07 05:00:00,Lead,MQL,0.0
4495,Email,2025-07-07 06:00:00,Lead,SQL,0.0
4496,Facebook,2025-07-07 07:00:00,Lead,Lead,0.0
4497,Facebook,2025-07-07 08:00:00,Lead,MQL,0.0
4498,Google Ads,2025-07-07 09:00:00,Lead,MQL,0.0
4499,Google Ads,2025-07-07 10:00:00,Lead,MQL,0.0
4500,Facebook,2025-07-07 11:00:00,Lead,Lead,0.0
4501,Facebook,2025-07-07 12:00:00,Lead,MQL,0.0
4502,Facebook,2025-07-07 13:00:00,Lead,Lead,0.0
4503,Google Ads,2025-07-07 14:00:00,Lead,Lead,0.0
4504,Google Ads,2025-07-07 15:00:00,Lead,MQL,0.0
4505,Facebook,2025-07-07 16:00:00,Lead,Lead,0.0
4506,Google Ads,2025-07-07 17:00:00,Lead,Lead,0.0
4507,Email,2025-07-07 18:00:00,Lead,Lead,0.0
4508,Google Ads,2025-07-07 19:00:00,Lead,MQL,0.0
4509,Facebook,2025-07-07 20:00:00,Lead,Lead,0.0
4510,Organic,2025-07-07 21:00:00,Lead,MQL,0.0
4511,Google Ads,2025-07-07 22:00:00,Lead,Lead,0.0
4512,Facebook,2025-07-07 23:00:00,Lead,Lead,0.0
4513,Google Ads,2025-07-08 00:00:00,Lead,MQL,0.0
4514,Facebook,2025-07-08 01:00:00,Lead,MQL,0.0
4515,Facebook,2025-07-08 02:00:00,Lead,Lead,0.0
4516,Facebook,2025-07-08 03:00:00,Lead,Lead,0.0
4517,Facebook,2025-07-08 04:00:00,Lead,MQL,0.0
4518,Organic,2025-07-08 05:00:00,Lead,Lead,0.0
4519,Google Ads,2025-07-08 06:00:00,Lead,MQL,0.0
4520,Google Ads,2025-07-08 07:00:00,Lead,Lead,0.0
4521,Organic,2025-07-08 08:00:00,Lead,Lead,0.0
4522,Facebook,2025-07-08 09:00:00,Lead,SQL,0.0
4523,Organic,2025-07-08 10:00:00,Lead,SQL,0.0
4524,Facebook,2025-07-08 11:00:00,Lead,MQL,0.0
4525,Organic,2025-07-08 12:00:00,Lead,Lead,0.0
4526,Facebook,2025-07-08 13:00:00,Lead,Lead,0.0
4527,Email,2025-07-08 14:00:00,Lead,Lead,0.0
4528,Organic,2025-07-08 15:00:00,Lead,MQL,0.0
4529,Facebook,2025-07-08 16:00:00,Lead,Lead,0.0
4530,Google Ads,2025-07-08 17:00:00,Lead,MQL,0.0
4531,Google Ads,2025-07-08 18:00:00,Lead,Lead,0.0
4532,Google Ads,2025-07-08 19:00:00,Lead,MQL,0.0
4533,Google Ads,2025-07-08 20:00:00,Lead,SQL,0.0
4534,Google Ads,2025-07-08 21:00:00,Lead,Lead,0.0
4535,Facebook,2025-07-08 22:00:00,Lead,Lead,0.0
4536,Facebook,2025-07-08 23:00:00,Lead,MQL,0.0
4537,Facebook,2025-07-09 00:00:00,Lead,Closed Lost,0.0
4538,Facebook,2025-07-09 01:00:00,Lead,SQL,0.0
4539,Google Ads,2025-07-09 02:00:00,Lead,Lead,0.0
4540,Google Ads,2025-07-09 03:00:00,Lead,Lead,0.0
4541,Google Ads,2025-07-09 04:00:00,Lead,SQL,0.0
4542,Facebook,2025-07-09 05:00:00,Lead,Lead,0.0
4543,Google Ads,2025-07-09 06:00:00,Lead,Lead,0.0
4544,Google Ads,2025-07-09 07:00:00,Lead,Lead,0.0
4545,Facebook,2025-07-09 08:00:00,Lead,MQL,0.0
4546,Organic,2025-07-09 09:00:00,Lead,Lead,0.0
4547,Google Ads,2025-07-09 10:00:00,Lead,MQL,0.0
4548,Facebook,2025-07-09 11:00:00,Lead,Lead,0.0
4549,Email,2025-07-09 12:00:00,Lead,SQL,0.0
4550,Email,2025-07-09 13:00:00,Lead,MQL,0.0
4551,Organic,2025-07-09 14:00:00,Lead,Lead,0.0
4552,Google Ads,2025-07-09 15:00:00,Lead,SQL,0.0
4553,Google Ads,2025-07-09 16:00:00,Lead,SQL,0.0
4554,Organic,2025-07-09 17:00:00,Lead,Lead,0.0
4555,Facebook,2025-07-09 18:00:00,Lead,MQL,0.0
4556,Facebook,2025-07-09 19:00:00,Lead,SQL,0.0
4557,Email,2025-07-09 20:00:00,Lead,Lead,0.0
4558,Email,2025-07-09 21:00:00,Lead,Lead,0.0
4559,Organic,2025-07-09 22:00:00,Lead,SQL,0.0
4560,Referral,2025-07-09 23:00:00,Lead,Lead,0.0
4561,Email,2025-07-10 00:00:00,Lead,MQL,0.0
4562,Google Ads,2025-07-10 01:00:00,Lead,Closed Lost,0.0
4563,Organic,2025-07-10 02:00:00,Lead,Lead,0.0
4564,Google Ads,2025-07-10 03:00:00,Lead,Lead,0.0
4565,Google Ads,2025-07-10 04:00:00,Lead,Lead,0.0
4566,Organic,2025-07-10 05:00:00,Lead,SQL,0.0
4567,Google Ads,2025-07-10 06:00:00,Lead,Lead,0.0
4568,Google Ads,2025-07-10 07:00:00,Lead,Lead,0.0
4569,Google Ads,2025-07-10 08:00:00,Lead,MQL,0.0
4570,Organic,2025-07-10 09:00:00,Lead,Lead,0.0
4571,Facebook,2025-07-10 10:00:00,Lead,MQL,0.0
4572,Email,2025-07-10 11:00:00,Lead,Closed Won,3023.302201370899
4573,Google Ads,2025-07-10 12:00:00,Lead,MQL,0.0
4574,Email,2025-07-10 13:00:00,Lead,Lead,0.0
4575,Email,2025-07-10 14:00:00,Lead,MQL,0.0
4576,Google Ads,2025-07-10 15:00:00,Lead,Lead,0.0
4577,Facebook,2025-07-10 16:00:00,Lead,MQL,0.0
4578,Google Ads,2025-07-10 17:00:00,Lead,Lead,0.0
4579,Referral,2025-07-10 18:00:00,Lead,MQL,0.0
4580,Facebook,2025-07-10 19:00:00,Lead,Lead,0.0
4581,Organic,2025-07-10 20:00:00,Lead,Lead,0.0
4582,Google Ads,2025-07-10 21:00:00,Lead,SQL,0.0
4583,Email,2025-07-10 22:00:00,Lead,Lead,0.0
4584,Email,2025-07-10 23:00:00,Lead,MQL,0.0
4585,Email,2025-07-11 00:00:00,Lead,SQL,0.0
4586,Referral,2025-07-11 01:00:00,Lead,SQL,0.0
4587,Google Ads,2025-07-11 02:00:00,Lead,Lead,0.0
4588,Google Ads,2025-07-11 03:00:00,Lead,MQL,0.0
4589,Email,2025-07-11 04:00:00,Lead,Lead,0.0
4590,Email,2025-07-11 05:00:00,Lead,Lead,0.0
4591,Facebook,2025-07-11 06:00:00,Lead,MQL,0.0
4592,Google Ads,2025-07-11 07:00:00,Lead,MQL,0.0
4593,Facebook,2025-07-11 08:00:00,Lead,SQL,0.0
4594,Google Ads,2025-07-11 09:00:00,Lead,SQL,0.0
4595,Facebook,2025-07-11 10:00:00,Lead,Lead,0.0
4596,Facebook,2025-07-11 11:00:00,Lead,Closed Lost,0.0
4597,Email,2025-07-11 12:00:00,Lead,SQL,0.0
4598,Google Ads,2025-07-11 13:00:00,Lead,Lead,0.0
4599,Facebook,2025-07-11 14:00:00,Lead,Lead,0.0
4600,Google Ads,2025-07-11 15:00:00,Lead,Lead,0.0
4601,Google Ads,2025-07-11 16:00:00,Lead,MQL,0.0
4602,Email,2025-07-11 17:00:00,Lead,MQL,0.0
4603,Organic,2025-07-11 18:00:00,Lead,MQL,0.0
4604,Google Ads,2025-07-11 19:00:00,Lead,MQL,0.0
4605,Email,2025-07-11 20:00:00,Lead,Lead,0.0
4606,Organic,2025-07-11 21:00:00,Lead,Lead,0.0
4607,Organic,2025-07-11 22:00:00,Lead,Lead,0.0
4608,Google Ads,2025-07-11 23:00:00,Lead,Lead,0.0
4609,Referral,2025-07-12 00:00:00,Lead,Lead,0.0
4610,Google Ads,2025-07-12 01:00:00,Lead,MQL,0.0
4611,Google Ads,2025-07-12 02:00:00,Lead,Lead,0.0
4612,Google Ads,2025-07-12 03:00:00,Lead,Lead,0.0
4613,Facebook,2025-07-12 04:00:00,Lead,MQL,0.0
4614,Google Ads,2025-07-12 05:00:00,Lead,Lead,0.0
4615,Google Ads,2025-07-12 06:00:00,Lead,Closed Won,6009.342299448718
4616,Google Ads,2025-07-12 07:00:00,Lead,SQL,0.0
4617,Organic,2025-07-12 08:00:00,Lead,SQL,0.0
4618,Organic,2025-07-12 09:00:00,Lead,Lead,0.0
4619,Google Ads,2025-07-12 10:00:00,Lead,MQL,0.0
4620,Organic,2025-07-12 11:00:00,Lead,Lead,0.0
4621,Organic,2025-07-12 12:00:00,Lead,SQL,0.0
4622,Email,2025-07-12 13:00:00,Lead,SQL,0.0
4623,Google Ads,2025-07-12 14:00:00,Lead,Lead,0.0
4624,Email,2025-07-12 15:00:00,Lead,Lead,0.0
4625,Organic,2025-07-12 16:00:00,Lead,MQL,0.0
4626,Email,2025-07-12 17:00:00,Lead,MQL,0.0
4627,Google Ads,2025-07-12 18:00:00,Lead,Lead,0.0
4628,Facebook,2025-07-12 19:00:00,Lead,Lead,0.0
4629,Facebook,2025-07-12 20:00:00,Lead,MQL,0.0
4630,Facebook,2025-07-12 21:00:00,Lead,Lead,0.0
4631,Google Ads,2025-07-12 22:00:00,Lead,Lead,0.0
4632,Google Ads,2025-07-12 23:00:00,Lead,MQL,0.0
4633,Organic,2025-07-13 00:00:00,Lead,MQL,0.0
4634,Organic,2025-07-13 01:00:00,Lead,Lead,0.0
4635,Google Ads,2025-07-13 02:00:00,Lead,SQL,0.0
4636,Referral,2025-07-13 03:00:00,Lead,Lead,0.0
4637,Google Ads,2025-07-13 04:00:00,Lead,MQL,0.0
4638,Email,2025-07-13 05:00:00,Lead,Lead,0.0
4639,Email,2025-07-13 06:00:00,Lead,MQL,0.0
4640,Organic,2025-07-13 07:00:00,Lead,Lead,0.0
4641,Organic,2025-07-13 08:00:00,Lead,Lead,0.0
4642,Google Ads,2025-07-13 09:00:00,Lead,SQL,0.0
4643,Organic,2025-07-13 10:00:00,Lead,Lead,0.0
4644,Google Ads,2025-07-13 11:00:00,Lead,SQL,0.0
4645,Email,2025-07-13 12:00:00,Lead,Lead,0.0
4646,Email,2025-07-13 13:00:00,Lead,MQL,0.0
4647,Email,2025-07-13 14:00:00,Lead,MQL,0.0
4648,Google Ads,2025-07-13 15:00:00,Lead,Lead,0.0
4649,Organic,2025-07-13 16:00:00,Lead,Lead,0.0
4650,Google Ads,2025-07-13 17:00:00,Lead,MQL,0.0
4651,Google Ads,2025-07-13 18:00:00,Lead,SQL,0.0
4652,Email,2025-07-13 19:00:00,Lead,Lead,0.0
4653,Facebook,2025-07-13 20:00:00,Lead,Lead,0.0
4654,Organic,2025-07-13 21:00:00,Lead,Lead,0.0
4655,Google Ads,2025-07-13 22:00:00,Lead,Lead,0.0
4656,Google Ads,2025-07-13 23:00:00,Lead,MQL,0.0
4657,Organic,2025-07-14 00:00:00,Lead,Lead,0.0
4658,Facebook,2025-07-14 01:00:00,Lead,Lead,0.0
4659,Google Ads,2025-07-14 02:00:00,Lead,Lead,0.0
4660,Email,2025-07-14 03:00:00,Lead,Lead,0.0
4661,Facebook,2025-07-14 04:00:00,Lead,Lead,0.0
4662,Facebook,2025-07-14 05:00:00,Lead,Lead,0.0
4663,Facebook,2025-07-14 06:00:00,Lead,MQL,0.0
4664,Organic,2025-07-14 07:00:00,Lead,Lead,0.0
4665,Organic,2025-07-14 08:00:00,Lead,SQL,0.0
4666,Email,2025-07-14 09:00:00,Lead,Lead,0.0
4667,Google Ads,2025-07-14 10:00:00,Lead,SQL,0.0
4668,Organic,2025-07-14 11:00:00,Lead,Lead,0.0
4669,Email,2025-07-14 12:00:00,Lead,MQL,0.0
4670,Email,2025-07-14 13:00:00,Lead,Lead,0.0
4671,Google Ads,2025-07-14 14:00:00,Lead,Lead,0.0
4672,Organic,2025-07-14 15:00:00,Lead,MQL,0.0
4673,Email,2025-07-14 16:00:00,Lead,MQL,0.0
4674,Google Ads,2025-07-14 17:00:00,Lead,SQL,0.0
4675,Facebook,2025-07-14 18:00:00,Lead,MQL,0.0
4676,Organic,2025-07-14 19:00:00,Lead,Lead,0.0
4677,Google Ads,2025-07-14 20:00:00,Lead,Lead,0.0
4678,Referral,2025-07-14 21:00:00,Lead,MQL,0.0
4679,Email,2025-07-14 22:00:00,Lead,SQL,0.0
4680,Facebook,2025-07-14 23:00:00,Lead,MQL,0.0
4681,Google Ads,2025-07-15 00:00:00,Lead,Lead,0.0
4682,Google Ads,2025-07-15 01:00:00,Lead,MQL,0.0
4683,Organic,2025-07-15 02:00:00,Lead,MQL,0.0
4684,Google Ads,2025-07-15 03:00:00,Lead,Lead,0.0
4685,Email,2025-07-15 04:00:00,Lead,Lead,0.0
4686,Google Ads,2025-07-15 05:00:00,Lead,MQL,0.0
4687,Google Ads,2025-07-15 06:00:00,Lead,MQL,0.0
4688,Google Ads,2025-07-15 07:00:00,Lead,Lead,0.0
4689,Facebook,2025-07-15 08:00:00,Lead,Lead,0.0
4690,Referral,2025-07-15 09:00:00,Lead,Lead,0.0
4691,Google Ads,2025-07-15 10:00:00,Lead,Lead,0.0
4692,Google Ads,2025-07-15 11:00:00,Lead,SQL,0.0
4693,Google Ads,2025-07-15 12:00:00,Lead,MQL,0.0
4694,Facebook,2025-07-15 13:00:00,Lead,Lead,0.0
4695,Facebook,2025-07-15 14:00:00,Lead,Lead,0.0
4696,Organic,2025-07-15 15:00:00,Lead,Lead,0.0
4697,Facebook,2025-07-15 16:00:00,Lead,Lead,0.0
4698,Facebook,2025-07-15 17:00:00,Lead,Lead,0.0
4699,Google Ads,2025-07-15 18:00:00,Lead,Lead,0.0
4700,Referral,2025-07-15 19:00:00,Lead,Lead,0.0
4701,Google Ads,2025-07-15 20:00:00,Lead,MQL,0.0
4702,Google Ads,2025-07-15 21:00:00,Lead,Lead,0.0
4703,Email,2025-07-15 22:00:00,Lead,Lead,0.0
4704,Facebook,2025-07-15 23:00:00,Lead,SQL,0.0
4705,Facebook,2025-07-16 00:00:00,Lead,Lead,0.0
4706,Facebook,2025-07-16 01:00:00,Lead,MQL,0.0
4707,Email,2025-07-16 02:00:00,Lead,Lead,0.0
4708,Google Ads,2025-07-16 03:00:00,Lead,Lead,0.0
4709,Organic,2025-07-16 04:00:00,Lead,Lead,0.0
4710,Facebook,2025-07-16 05:00:00,Lead,MQL,0.0
4711,Facebook,2025-07-16 06:00:00,Lead,Lead,0.0
4712,Facebook,2025-07-16 07:00:00,Lead,Lead,0.0
4713,Google Ads,2025-07-16 08:00:00,Lead,SQL,0.0
4714,Email,2025-07-16 09:00:00,Lead,MQL,0.0
4715,Facebook,2025-07-16 10:00:00,Lead,Lead,0.0
4716,Google Ads,2025-07-16 11:00:00,Lead,Lead,0.0
4717,Facebook,2025-07-16 12:00:00,Lead,Lead,0.0
4718,Referral,2025-07-16 13:00:00,Lead,Lead,0.0
4719,Facebook,2025-07-16 14:00:00,Lead,Lead,0.0
4720,Organic,2025-07-16 15:00:00,Lead,Lead,0.0
4721,Google Ads,2025-07-16 16:00:00,Lead,Lead,0.0
4722,Google Ads,2025-07-16 17:00:00,Lead,Lead,0.0
4723,Google Ads,2025-07-16 18:00:00,Lead,Lead,0.0
4724,Facebook,2025-07-16 19:00:00,Lead,Lead,0.0
4725,Google Ads,2025-07-16 20:00:00,Lead,MQL,0.0
4726,Google Ads,2025-07-16 21:00:00,Lead,Lead,0.0
4727,Organic,2025-07-16 22:00:00,Lead,Lead,0.0
4728,Organic,2025-07-16 23:00:00,Lead,Lead,0.0
4729,Email,2025-07-17 00:00:00,Lead,Lead,0.0
4730,Google Ads,2025-07-17 01:00:00,Lead,Lead,0.0
4731,Google Ads,2025-07-17 02:00:00,Lead,Lead,0.0
4732,Google Ads,2025-07-17 03:00:00,Lead,Lead,0.0
4733,Email,2025-07-17 04:00:00,Lead,SQL,0.0
4734,Organic,2025-07-17 05:00:00,Lead,Lead,0.0
4735,Facebook,2025-07-17 06:00:00,Lead,Lead,0.0
4736,Google Ads,2025-07-17 07:00:00,Lead,SQL,0.0
4737,Facebook,2025-07-17 08:00:00,Lead,MQL,0.0
4738,Google Ads,2025-07-17 09:00:00,Lead,Lead,0.0
4739,Google Ads,2025-07-17 10:00:00,Lead,Lead,0.0
4740,Facebook,2025-07-17 11:00:00,Lead,MQL,0.0
4741,Email,2025-07-17 12:00:00,Lead,Lead,0.0
4742,Google Ads,2025-07-17 13:00:00,Lead,MQL,0.0
4743,Google Ads,2025-07-17 14:00:00,Lead,SQL,0.0
4744,Referral,2025-07-17 15:00:00,Lead,Lead,0.0
4745,Google Ads,2025-07-17 16:00:00,Lead,Lead,0.0
4746,Google Ads,2025-07-17 17:00:00,Lead,Lead,0.0
4747,Google Ads,2025-07-17 18:00:00,Lead,Lead,0.0
4748,Google Ads,2025-07-17 19:00:00,Lead,MQL,0.0
4749,Google Ads,2025-07-17 20:00:00,Lead,Lead,0.0
4750,Organic,2025-07-17 21:00:00,Lead,Lead,0.0
4751,Google Ads,2025-07-17 22:00:00,Lead,Lead,0.0
4752,Facebook,2025-07-17 23:00:00,Lead,Lead,0.0
4753,Email,2025-07-18 00:00:00,Lead,Lead,0.0
4754,Facebook,2025-07-18 01:00:00,Lead,Lead,0.0
4755,Organic,2025-07-18 02:00:00,Lead,MQL,0.0
4756,Organic,2025-07-18 03:00:00,Lead,Lead,0.0
4757,Google Ads,2025-07-18 04:00:00,Lead,SQL,0.0
4758,Email,2025-07-18 05:00:00,Lead,MQL,0.0
4759,Facebook,2025-07-18 06:00:00,Lead,Lead,0.0
4760,Referral,2025-07-18 07:00:00,Lead,Lead,0.0
4761,Facebook,2025-07-18 08:00:00,Lead,Lead,0.0
4762,Referral,2025-07-18 09:00:00,Lead,Lead,0.0
4763,Email,2025-07-18 10:00:00,Lead,SQL,0.0
4764,Google Ads,2025-07-18 11:00:00,Lead,MQL,0.0
4765,Facebook,2025-07-18 12:00:00,Lead,Lead,0.0
4766,Referral,2025-07-18 13:00:00,Lead,MQL,0.0
4767,Organic,2025-07-18 14:00:00,Lead,Lead,0.0
4768,Google Ads,2025-07-18 15:00:00,Lead,Lead,0.0
4769,Email,2025-07-18 16:00:00,Lead,MQL,0.0
4770,Google Ads,2025-07-18 17:00:00,Lead,Closed Won,4823.255423610119
4771,Google Ads,2025-07-18 18:00:00,Lead,Lead,0.0
4772,Facebook,2025-07-18 19:00:00,Lead,SQL,0.0
4773,Google Ads,2025-07-18 20:00:00,Lead,MQL,0.0
4774,Organic,2025-07-18 21:00:00,Lead,SQL,0.0
4775,Google Ads,2025-07-18 22:00:00,Lead,SQL,0.0
4776,Organic,2025-07-18 23:00:00,Lead,Lead,0.0
4777,Google Ads,2025-07-19 00:00:00,Lead,Lead,0.0
4778,Google Ads,2025-07-19 01:00:00,Lead,Lead,0.0
4779,Google Ads,2025-07-19 02:00:00,Lead,Lead,0.0
4780,Google Ads,2025-07-19 03:00:00,Lead,Lead,0.0
4781,Google Ads,2025-07-19 04:00:00,Lead,Lead,0.0
4782,Google Ads,2025-07-19 05:00:00,Lead,Lead,0.0
4783,Facebook,2025-07-19 06:00:00,Lead,SQL,0.0
4784,Google Ads,2025-07-19 07:00:00,Lead,Lead,0.0
4785,Facebook,2025-07-19 08:00:00,Lead,Lead,0.0
4786,Google Ads,2025-07-19 09:00:00,Lead,Lead,0.0
4787,Organic,2025-07-19 10:00:00,Lead,Lead,0.0
4788,Organic,2025-07-19 11:00:00,Lead,MQL,0.0
4789,Facebook,2025-07-19 12:00:00,Lead,Lead,0.0
4790,Google Ads,2025-07-19 13:00:00,Lead,MQL,0.0
4791,Google Ads,2025-07-19 14:00:00,Lead,Lead,0.0
4792,Referral,2025-07-19 15:00:00,Lead,Lead,0.0
4793,Google Ads,2025-07-19 16:00:00,Lead,MQL,0.0
4794,Google Ads,2025-07-19 17:00:00,Lead,SQL,0.0
4795,Google Ads,2025-07-19 18:00:00,Lead,SQL,0.0
4796,Google Ads,2025-07-19 19:00:00,Lead,Lead,0.0
4797,Google Ads,2025-07-19 20:00:00,Lead,MQL,0.0
4798,Email,2025-07-19 21:00:00,Lead,Lead,0.0
4799,Google Ads,2025-07-19 22:00:00,Lead,Lead,0.0
4800,Facebook,2025-07-19 23:00:00,Lead,Lead,0.0
4801,Google Ads,2025-07-20 00:00:00,Lead,SQL,0.0
4802,Google Ads,2025-07-20 01:00:00,Lead,MQL,0.0
4803,Organic,2025-07-20 02:00:00,Lead,SQL,0.0
4804,Google Ads,2025-07-20 03:00:00,Lead,Lead,0.0
4805,Organic,2025-07-20 04:00:00,Lead,Lead,0.0
4806,Facebook,2025-07-20 05:00:00,Lead,Lead,0.0
4807,Google Ads,2025-07-20 06:00:00,Lead,Lead,0.0
4808,Referral,2025-07-20 07:00:00,Lead,Lead,0.0
4809,Google Ads,2025-07-20 08:00:00,Lead,MQL,0.0
4810,Organic,2025-07-20 09:00:00,Lead,Lead,0.0
4811,Google Ads,2025-07-20 10:00:00,Lead,SQL,0.0
4812,Organic,2025-07-20 11:00:00,Lead,Lead,0.0
4813,Google Ads,2025-07-20 12:00:00,Lead,SQL,0.0
4814,Facebook,2025-07-20 13:00:00,Lead,Lead,0.0
4815,Email,2025-07-20 14:00:00,Lead,MQL,0.0
4816,Organic,2025-07-20 15:00:00,Lead,Lead,0.0
4817,Organic,2025-07-20 16:00:00,Lead,MQL,0.0
4818,Organic,2025-07-20 17:00:00,Lead,Closed Won,4327.114067824907
4819,Organic,2025-07-20 18:00:00,Lead,MQL,0.0
4820,Google Ads,2025-07-20 19:00:00,Lead,MQL,0.0
4821,Google Ads,2025-07-20 20:00:00,Lead,MQL,0.0
4822,Google Ads,2025-07-20 21:00:00,Lead,SQL,0.0
4823,Google Ads,2025-07-20 22:00:00,Lead,Lead,0.0
4824,Google Ads,2025-07-20 23:00:00,Lead,Lead,0.0
4825,Facebook,2025-07-21 00:00:00,Lead,Lead,0.0
4826,Google Ads,2025-07-21 01:00:00,Lead,Lead,0.0
4827,Email,2025-07-21 02:00:00,Lead,MQL,0.0
4828,Google Ads,2025-07-21 03:00:00,Lead,Lead,0.0
4829,Google Ads,2025-07-21 04:00:00,Lead,Lead,0.0
4830,Facebook,2025-07-21 05:00:00,Lead,Lead,0.0
4831,Email,2025-07-21 06:00:00,Lead,SQL,0.0
4832,Email,2025-07-21 07:00:00,Lead,Lead,0.0
4833,Facebook,2025-07-21 08:00:00,Lead,Lead,0.0
4834,Google Ads,2025-07-21 09:00:00,Lead,Lead,0.0
4835,Facebook,2025-07-21 10:00:00,Lead,Closed Lost,0.0
4836,Google Ads,2025-07-21 11:00:00,Lead,MQL,0.0
4837,Google Ads,2025-07-21 12:00:00,Lead,SQL,0.0
4838,Facebook,2025-07-21 13:00:00,Lead,MQL,0.0
4839,Google Ads,2025-07-21 14:00:00,Lead,Lead,0.0
4840,Google Ads,2025-07-21 15:00:00,Lead,Lead,0.0
4841,Referral,2025-07-21 16:00:00,Lead,MQL,0.0
4842,Referral,2025-07-21 17:00:00,Lead,Lead,0.0
4843,Google Ads,2025-07-21 18:00:00,Lead,Lead,0.0
4844,Google Ads,2025-07-21 19:00:00,Lead,Lead,0.0
4845,Google Ads,2025-07-21 20:00:00,Lead,SQL,0.0
4846,Google Ads,2025-07-21 21:00:00,Lead,Lead,0.0
4847,Organic,2025-07-21 22:00:00,Lead,SQL,0.0
4848,Google Ads,2025-07-21 23:00:00,Lead,Closed Lost,0.0
4849,Email,2025-07-22 00:00:00,Lead,Closed Lost,0.0
4850,Google Ads,2025-07-22 01:00:00,Lead,MQL,0.0
4851,Referral,2025-07-22 02:00:00,Lead,Closed Won,4358.248676423191
4852,Google Ads,2025-07-22 03:00:00,Lead,Lead,0.0
4853,Email,2025-07-22 04:00:00,Lead,SQL,0.0
4854,Google Ads,2025-07-22 05:00:00,Lead,Lead,0.0
4855,Facebook,2025-07-22 06:00:00,Lead,MQL,0.0
4856,Google Ads,2025-07-22 07:00:00,Lead,SQL,0.0
4857,Google Ads,2025-07-22 08:00:00,Lead,Lead,0.0
4858,Organic,2025-07-22 09:00:00,Lead,Lead,0.0
4859,Organic,2025-07-22 10:00:00,Lead,Lead,0.0
4860,Organic,2025-07-22 11:00:00,Lead,Lead,0.0
4861,Facebook,2025-07-22 12:00:00,Lead,MQL,0.0
4862,Organic,2025-07-22 13:00:00,Lead,MQL,0.0
4863,Google Ads,2025-07-22 14:00:00,Lead,Lead,0.0
4864,Google Ads,2025-07-22 15:00:00,Lead,Lead,0.0
4865,Google Ads,2025-07-22 16:00:00,Lead,Lead,0.0
4866,Facebook,2025-07-22 17:00:00,Lead,Lead,0.0
4867,Google Ads,2025-07-22 18:00:00,Lead,Closed Lost,0.0
4868,Google Ads,2025-07-22 19:00:00,Lead,SQL,0.0
4869,Facebook,2025-07-22 20:00:00,Lead,Lead,0.0
4870,Organic,2025-07-22 21:00:00,Lead,Lead,0.0
4871,Google Ads,2025-07-22 22:00:00,Lead,MQL,0.0
4872,Google Ads,2025-07-22 23:00:00,Lead,Lead,0.0
4873,Google Ads,2025-07-23 00:00:00,Lead,MQL,0.0
4874,Google Ads,2025-07-23 01:00:00,Lead,Lead,0.0
4875,Google Ads,2025-07-23 02:00:00,Lead,MQL,0.0
4876,Facebook,2025-07-23 03:00:00,Lead,Lead,0.0
4877,Facebook,2025-07-23 04:00:00,Lead,Lead,0.0
4878,Email,2025-07-23 05:00:00,Lead,MQL,0.0
4879,Google Ads,2025-07-23 06:00:00,Lead,MQL,0.0
4880,Organic,2025-07-23 07:00:00,Lead,Lead,0.0
4881,Google Ads,2025-07-23 08:00:00,Lead,SQL,0.0
4882,Facebook,2025-07-23 09:00:00,Lead,MQL,0.0
4883,Organic,2025-07-23 10:00:00,Lead,Lead,0.0
4884,Google Ads,2025-07-23 11:00:00,Lead,Lead,0.0
4885,Google Ads,2025-07-23 12:00:00,Lead,Lead,0.0
4886,Organic,2025-07-23 13:00:00,Lead,MQL,0.0
4887,Google Ads,2025-07-23 14:00:00,Lead,Lead,0.0
4888,Email,2025-07-23 15:00:00,Lead,Lead,0.0
4889,Google Ads,2025-07-23 16:00:00,Lead,MQL,0.0
4890,Email,2025-07-23 17:00:00,Lead,Lead,0.0
4891,Google Ads,2025-07-23 18:00:00,Lead,MQL,0.0
4892,Google Ads,2025-07-23 19:00:00,Lead,Lead,0.0
4893,Facebook,2025-07-23 20:00:00,Lead,SQL,0.0
4894,Google Ads,2025-07-23 21:00:00,Lead,Lead,0.0
4895,Google Ads,2025-07-23 22:00:00,Lead,SQL,0.0
4896,Google Ads,2025-07-23 23:00:00,Lead,Lead,0.0
4897,Google Ads,2025-07-24 00:00:00,Lead,SQL,0.0
4898,Google Ads,2025-07-24 01:00:00,Lead,Lead,0.0
4899,Google Ads,2025-07-24 02:00:00,Lead,Lead,0.0
4900,Organic,2025-07-24 03:00:00,Lead,MQL,0.0
4901,Google Ads,2025-07-24 04:00:00,Lead,MQL,0.0
4902,Facebook,2025-07-24 05:00:00,Lead,Lead,0.0
4903,Google Ads,2025-07-24 06:00:00,Lead,MQL,0.0
4904,Google Ads,2025-07-24 07:00:00,Lead,Lead,0.0
4905,Organic,2025-07-24 08:00:00,Lead,Lead,0.0
4906,Google Ads,2025-07-24 09:00:00,Lead,Lead,0.0
4907,Referral,2025-07-24 10:00:00,Lead,Lead,0.0
4908,Google Ads,2025-07-24 11:00:00,Lead,Lead,0.0
4909,Email,2025-07-24 12:00:00,Lead,Lead,0.0
4910,Facebook,2025-07-24 13:00:00,Lead,Lead,0.0
4911,Organic,2025-07-24 14:00:00,Lead,Lead,0.0
4912,Facebook,2025-07-24 15:00:00,Lead,Lead,0.0
4913,Facebook,2025-07-24 16:00:00,Lead,Lead,0.0
4914,Google Ads,2025-07-24 17:00:00,Lead,SQL,0.0
4915,Google Ads,2025-07-24 18:00:00,Lead,Lead,0.0
4916,Organic,2025-07-24 19:00:00,Lead,Lead,0.0
4917,Google Ads,2025-07-24 20:00:00,Lead,MQL,0.0
4918,Google Ads,2025-07-24 21:00:00,Lead,MQL,0.0
4919,Email,2025-07-24 22:00:00,Lead,Closed Lost,0.0
4920,Google Ads,2025-07-24 23:00:00,Lead,Closed Lost,0.0
4921,Referral,2025-07-25 00:00:00,Lead,MQL,0.0
4922,Email,2025-07-25 01:00:00,Lead,Lead,0.0
4923,Facebook,2025-07-25 02:00:00,Lead,Lead,0.0
4924,Organic,2025-07-25 03:00:00,Lead,Lead,0.0
4925,Google Ads,2025-07-25 04:00:00,Lead,Lead,0.0
4926,Google Ads,2025-07-25 05:00:00,Lead,MQL,0.0
4927,Facebook,2025-07-25 06:00:00,Lead,Lead,0.0
4928,Google Ads,2025-07-25 07:00:00,Lead,Lead,0.0
4929,Email,2025-07-25 08:00:00,Lead,Lead,0.0
4930,Organic,2025-07-25 09:00:00,Lead,Lead,0.0
4931,Facebook,2025-07-25 10:00:00,Lead,SQL,0.0
4932,Google Ads,2025-07-25 11:00:00,Lead,Lead,0.0
4933,Referral,2025-07-25 12:00:00,Lead,MQL,0.0
4934,Facebook,2025-07-25 13:00:00,Lead,Lead,0.0
4935,Facebook,2025-07-25 14:00:00,Lead,MQL,0.0
4936,Google Ads,2025-07-25 15:00:00,Lead,Lead,0.0
4937,Organic,2025-07-25 16:00:00,Lead,MQL,0.0
4938,Facebook,2025-07-25 17:00:00,Lead,MQL,0.0
4939,Email,2025-07-25 18:00:00,Lead,MQL,0.0
4940,Organic,2025-07-25 19:00:00,Lead,MQL,0.0
4941,Google Ads,2025-07-25 20:00:00,Lead,Lead,0.0
4942,Facebook,2025-07-25 21:00:00,Lead,MQL,0.0
4943,Organic,2025-07-25 22:00:00,Lead,Lead,0.0
4944,Google Ads,2025-07-25 23:00:00,Lead,Lead,0.0
4945,Email,2025-07-26 00:00:00,Lead,Lead,0.0
4946,Organic,2025-07-26 01:00:00,Lead,SQL,0.0
4947,Facebook,2025-07-26 02:00:00,Lead,Lead,0.0
4948,Email,2025-07-26 03:00:00,Lead,MQL,0.0
4949,Organic,2025-07-26 04:00:00,Lead,Lead,0.0
4950,Organic,2025-07-26 05:00:00,Lead,Lead,0.0
4951,Google Ads,2025-07-26 06:00:00,Lead,Lead,0.0
4952,Google Ads,2025-07-26 07:00:00,Lead,Lead,0.0
4953,Facebook,2025-07-26 08:00:00,Lead,Lead,0.0
4954,Email,2025-07-26 09:00:00,Lead,Lead,0.0
4955,Facebook,2025-07-26 10:00:00,Lead,MQL,0.0
4956,Email,2025-07-26 11:00:00,Lead,Lead,0.0
4957,Google Ads,2025-07-26 12:00:00,Lead,Lead,0.0
4958,Facebook,2025-07-26 13:00:00,Lead,Lead,0.0
4959,Google Ads,2025-07-26 14:00:00,Lead,MQL,0.0
4960,Email,2025-07-26 15:00:00,Lead,Lead,0.0
4961,Facebook,2025-07-26 16:00:00,Lead,MQL,0.0
4962,Google Ads,2025-07-26 17:00:00,Lead,Lead,0.0
4963,Google Ads,2025-07-26 18:00:00,Lead,MQL,0.0
4964,Email,2025-07-26 19:00:00,Lead,MQL,0.0
4965,Facebook,2025-07-26 20:00:00,Lead,Lead,0.0
4966,Google Ads,2025-07-26 21:00:00,Lead,MQL,0.0
4967,Referral,2025-07-26 22:00:00,Lead,Lead,0.0
4968,Email,2025-07-26 23:00:00,Lead,MQL,0.0
4969,Referral,2025-07-27 00:00:00,Lead,Lead,0.0
4970,Facebook,2025-07-27 01:00:00,Lead,Lead,0.0
4971,Facebook,2025-07-27 02:00:00,Lead,Lead,0.0
4972,Organic,2025-07-27 03:00:00,Lead,SQL,0.0
4973,Facebook,2025-07-27 04:00:00,Lead,MQL,0.0
4974,Email,2025-07-27 05:00:00,Lead,SQL,0.0
4975,Google Ads,2025-07-27 06:00:00,Lead,MQL,0.0
4976,Facebook,2025-07-27 07:00:00,Lead,MQL,0.0
4977,Google Ads,2025-07-27 08:00:00,Lead,Lead,0.0
4978,Google Ads,2025-07-27 09:00:00,Lead,MQL,0.0
4979,Google Ads,2025-07-27 10:00:00,Lead,SQL,0.0
4980,Google Ads,2025-07-27 11:00:00,Lead,Lead,0.0
4981,Referral,2025-07-27 12:00:00,Lead,Lead,0.0
4982,Google Ads,2025-07-27 13:00:00,Lead,MQL,0.0
4983,Email,2025-07-27 14:00:00,Lead,Lead,0.0
4984,Organic,2025-07-27 15:00:00,Lead,MQL,0.0
4985,Facebook,2025-07-27 16:00:00,Lead,Lead,0.0
4986,Google Ads,2025-07-27 17:00:00,Lead,Lead,0.0
4987,Email,2025-07-27 18:00:00,Lead,MQL,0.0
4988,Facebook,2025-07-27 19:00:00,Lead,MQL,0.0
4989,Email,2025-07-27 20:00:00,Lead,Lead,0.0
4990,Email,2025-07-27 21:00:00,Lead,MQL,0.0
4991,Referral,2025-07-27 22:00:00,Lead,Lead,0.0
4992,Facebook,2025-07-27 23:00:00,Lead,Lead,0.0
4993,Google Ads,2025-07-28 00:00:00,Lead,Lead,0.0
4994,Facebook,2025-07-28 01:00:00,Lead,MQL,0.0
4995,Google Ads,2025-07-28 02:00:00,Lead,Lead,0.0
4996,Organic,2025-07-28 03:00:00,Lead,MQL,0.0
4997,Google Ads,2025-07-28 04:00:00,Lead,Lead,0.0
4998,Google Ads,2025-07-28 05:00:00,Lead,Lead,0.0
4999,Organic,2025-07-28 06:00:00,Lead,Lead,0.0
5000,Facebook,2025-07-28 07:00:00,Lead,Lead,0.0
5001,Google Ads,2025-07-28 08:00:00,Lead,SQL,0.0
5002,Facebook,2025-07-28 09:00:00,Lead,Lead,0.0
5003,Organic,2025-07-28 10:00:00,Lead,Lead,0.0
5004,Google Ads,2025-07-28 11:00:00,Lead,MQL,0.0
5005,Organic,2025-07-28 12:00:00,Lead,Lead,0.0
5006,Google Ads,2025-07-28 13:00:00,Lead,Lead,0.0
5007,Email,2025-07-28 14:00:00,Lead,Lead,0.0
5008,Organic,2025-07-28 15:00:00,Lead,Lead,0.0
5009,Google Ads,2025-07-28 16:00:00,Lead,Closed Lost,0.0
5010,Facebook,2025-07-28 17:00:00,Lead,Lead,0.0
5011,Google Ads,2025-07-28 18:00:00,Lead,MQL,0.0
5012,Email,2025-07-28 19:00:00,Lead,Lead,0.0
5013,Facebook,2025-07-28 20:00:00,Lead,Lead,0.0
5014,Facebook,2025-07-28 21:00:00,Lead,Lead,0.0
5015,Google Ads,2025-07-28 22:00:00,Lead,MQL,0.0
5016,Google Ads,2025-07-28 23:00:00,Lead,Lead,0.0
5017,Google Ads,2025-07-29 00:00:00,Lead,Lead,0.0
5018,Google Ads,2025-07-29 01:00:00,Lead,Lead,0.0
5019,Facebook,2025-07-29 02:00:00,Lead,Lead,0.0
5020,Organic,2025-07-29 03:00:00,Lead,Lead,0.0
5021,Email,2025-07-29 04:00:00,Lead,MQL,0.0
5022,Facebook,2025-07-29 05:00:00,Lead,SQL,0.0
5023,Referral,2025-07-29 06:00:00,Lead,SQL,0.0
5024,Email,2025-07-29 07:00:00,Lead,Lead,0.0
5025,Organic,2025-07-29 08:00:00,Lead,MQL,0.0
5026,Facebook,2025-07-29 09:00:00,Lead,SQL,0.0
5027,Google Ads,2025-07-29 10:00:00,Lead,Lead,0.0
5028,Google Ads,2025-07-29 11:00:00,Lead,SQL,0.0
5029,Email,2025-07-29 12:00:00,Lead,MQL,0.0
5030,Google Ads,2025-07-29 13:00:00,Lead,Lead,0.0
5031,Google Ads,2025-07-29 14:00:00,Lead,MQL,0.0
5032,Facebook,2025-07-29 15:00:00,Lead,MQL,0.0
5033,Facebook,2025-07-29 16:00:00,Lead,Lead,0.0
5034,Facebook,2025-07-29 17:00:00,Lead,Lead,0.0
5035,Google Ads,2025-07-29 18:00:00,Lead,Lead,0.0
5036,Google Ads,2025-07-29 19:00:00,Lead,Lead,0.0
5037,Facebook,2025-07-29 20:00:00,Lead,MQL,0.0
5038,Referral,2025-07-29 21:00:00,Lead,Lead,0.0
5039,Email,2025-07-29 22:00:00,Lead,MQL,0.0
5040,Organic,2025-07-29 23:00:00,Lead,MQL,0.0
5041,Email,2025-07-30 00:00:00,Lead,Lead,0.0
5042,Facebook,2025-07-30 01:00:00,Lead,Lead,0.0
5043,Google Ads,2025-07-30 02:00:00,Lead,Lead,0.0
5044,Email,2025-07-30 03:00:00,Lead,MQL,0.0
5045,Facebook,2025-07-30 04:00:00,Lead,MQL,0.0
5046,Facebook,2025-07-30 05:00:00,Lead,Lead,0.0
5047,Facebook,2025-07-30 06:00:00,Lead,Lead,0.0
5048,Facebook,2025-07-30 07:00:00,Lead,Lead,0.0
5049,Google Ads,2025-07-30 08:00:00,Lead,Lead,0.0
5050,Facebook,2025-07-30 09:00:00,Lead,MQL,0.0
5051,Google Ads,2025-07-30 10:00:00,Lead,MQL,0.0
5052,Organic,2025-07-30 11:00:00,Lead,Lead,0.0
5053,Google Ads,2025-07-30 12:00:00,Lead,Lead,0.0
5054,Google Ads,2025-07-30 13:00:00,Lead,Lead,0.0
5055,Facebook,2025-07-30 14:00:00,Lead,Lead,0.0
5056,Email,2025-07-30 15:00:00,Lead,Closed Won,8004.420626114429
5057,Facebook,2025-07-30 16:00:00,Lead,Lead,0.0
5058,Google Ads,2025-07-30 17:00:00,Lead,Lead,0.0
5059,Facebook,2025-07-30 18:00:00,Lead,Lead,0.0
5060,Google Ads,2025-07-30 19:00:00,Lead,SQL,0.0
5061,Organic,2025-07-30 20:00:00,Lead,Lead,0.0
5062,Organic,2025-07-30 21:00:00,Lead,MQL,0.0
5063,Facebook,2025-07-30 22:00:00,Lead,Lead,0.0
5064,Google Ads,2025-07-30 23:00:00,Lead,MQL,0.0
5065,Email,2025-07-31 00:00:00,Lead,Lead,0.0
5066,Google Ads,2025-07-31 01:00:00,Lead,Lead,0.0
5067,Facebook,2025-07-31 02:00:00,Lead,Closed Lost,0.0
5068,Google Ads,2025-07-31 03:00:00,Lead,Lead,0.0
5069,Organic,2025-07-31 04:00:00,Lead,Lead,0.0
5070,Google Ads,2025-07-31 05:00:00,Lead,SQL,0.0
5071,Facebook,2025-07-31 06:00:00,Lead,SQL,0.0
5072,Email,2025-07-31 07:00:00,Lead,MQL,0.0
5073,Facebook,2025-07-31 08:00:00,Lead,MQL,0.0
5074,Google Ads,2025-07-31 09:00:00,Lead,Lead,0.0
5075,Referral,2025-07-31 10:00:00,Lead,MQL,0.0
5076,Facebook,2025-07-31 11:00:00,Lead,Lead,0.0
5077,Facebook,2025-07-31 12:00:00,Lead,Lead,0.0
5078,Google Ads,2025-07-31 13:00:00,Lead,MQL,0.0
5079,Facebook,2025-07-31 14:00:00,Lead,MQL,0.0
5080,Facebook,2025-07-31 15:00:00,Lead,Lead,0.0
5081,Google Ads,2025-07-31 16:00:00,Lead,Lead,0.0
5082,Google Ads,2025-07-31 17:00:00,Lead,Lead,0.0
5083,Organic,2025-07-31 18:00:00,Lead,SQL,0.0
5084,Google Ads,2025-07-31 19:00:00,Lead,Lead,0.0
5085,Google Ads,2025-07-31 20:00:00,Lead,MQL,0.0
5086,Facebook,2025-07-31 21:00:00,Lead,Lead,0.0
5087,Email,2025-07-31 22:00:00,Lead,Lead,0.0
5088,Google Ads,2025-07-31 23:00:00,Lead,SQL,0.0
5089,Facebook,2025-08-01 00:00:00,Lead,Lead,0.0
5090,Google Ads,2025-08-01 01:00:00,Lead,Lead,0.0
5091,Google Ads,2025-08-01 02:00:00,Lead,MQL,0.0
5092,Google Ads,2025-08-01 03:00:00,Lead,Lead,0.0
5093,Organic,2025-08-01 04:00:00,Lead,MQL,0.0
5094,Google Ads,2025-08-01 05:00:00,Lead,Lead,0.0
5095,Google Ads,2025-08-01 06:00:00,Lead,Lead,0.0
5096,Facebook,2025-08-01 07:00:00,Lead,Lead,0.0
5097,Organic,2025-08-01 08:00:00,Lead,Lead,0.0
5098,Google Ads,2025-08-01 09:00:00,Lead,Lead,0.0
5099,Facebook,2025-08-01 10:00:00,Lead,Lead,0.0
5100,Google Ads,2025-08-01 11:00:00,Lead,Lead,0.0
5101,Facebook,2025-08-01 12:00:00,Lead,MQL,0.0
5102,Facebook,2025-08-01 13:00:00,Lead,Lead,0.0
5103,Facebook,2025-08-01 14:00:00,Lead,MQL,0.0
5104,Google Ads,2025-08-01 15:00:00,Lead,MQL,0.0
5105,Google Ads,2025-08-01 16:00:00,Lead,SQL,0.0
5106,Google Ads,2025-08-01 17:00:00,Lead,Lead,0.0
5107,Google Ads,2025-08-01 18:00:00,Lead,Lead,0.0
5108,Google Ads,2025-08-01 19:00:00,Lead,Lead,0.0
5109,Email,2025-08-01 20:00:00,Lead,Lead,0.0
5110,Referral,2025-08-01 21:00:00,Lead,Lead,0.0
5111,Referral,2025-08-01 22:00:00,Lead,Lead,0.0
5112,Organic,2025-08-01 23:00:00,Lead,Lead,0.0
5113,Facebook,2025-08-02 00:00:00,Lead,MQL,0.0
5114,Email,2025-08-02 01:00:00,Lead,MQL,0.0
5115,Google Ads,2025-08-02 02:00:00,Lead,MQL,0.0
5116,Facebook,2025-08-02 03:00:00,Lead,Lead,0.0
5117,Facebook,2025-08-02 04:00:00,Lead,Lead,0.0
5118,Facebook,2025-08-02 05:00:00,Lead,Lead,0.0
5119,Email,2025-08-02 06:00:00,Lead,Lead,0.0
5120,Google Ads,2025-08-02 07:00:00,Lead,MQL,0.0
5121,Google Ads,2025-08-02 08:00:00,Lead,Lead,0.0
5122,Organic,2025-08-02 09:00:00,Lead,Lead,0.0
5123,Google Ads,2025-08-02 10:00:00,Lead,MQL,0.0
5124,Facebook,2025-08-02 11:00:00,Lead,Lead,0.0
5125,Organic,2025-08-02 12:00:00,Lead,Lead,0.0
5126,Facebook,2025-08-02 13:00:00,Lead,Lead,0.0
5127,Facebook,2025-08-02 14:00:00,Lead,Lead,0.0
5128,Google Ads,2025-08-02 15:00:00,Lead,MQL,0.0
5129,Google Ads,2025-08-02 16:00:00,Lead,Lead,0.0
5130,Organic,2025-08-02 17:00:00,Lead,Closed Won,1758.631095849917
5131,Facebook,2025-08-02 18:00:00,Lead,Lead,0.0
5132,Facebook,2025-08-02 19:00:00,Lead,Lead,0.0
5133,Google Ads,2025-08-02 20:00:00,Lead,Lead,0.0
5134,Google Ads,2025-08-02 21:00:00,Lead,Lead,0.0
5135,Referral,2025-08-02 22:00:00,Lead,Lead,0.0
5136,Google Ads,2025-08-02 23:00:00,Lead,MQL,0.0
5137,Facebook,2025-08-03 00:00:00,Lead,SQL,0.0
5138,Google Ads,2025-08-03 01:00:00,Lead,MQL,0.0
5139,Email,2025-08-03 02:00:00,Lead,MQL,0.0
5140,Organic,2025-08-03 03:00:00,Lead,MQL,0.0
5141,Facebook,2025-08-03 04:00:00,Lead,MQL,0.0
5142,Google Ads,2025-08-03 05:00:00,Lead,Lead,0.0
5143,Facebook,2025-08-03 06:00:00,Lead,Lead,0.0
5144,Email,2025-08-03 07:00:00,Lead,Lead,0.0
5145,Facebook,2025-08-03 08:00:00,Lead,Lead,0.0
5146,Organic,2025-08-03 09:00:00,Lead,Lead,0.0
5147,Facebook,2025-08-03 10:00:00,Lead,Lead,0.0
5148,Organic,2025-08-03 11:00:00,Lead,MQL,0.0
5149,Facebook,2025-08-03 12:00:00,Lead,Lead,0.0
5150,Google Ads,2025-08-03 13:00:00,Lead,SQL,0.0
5151,Google Ads,2025-08-03 14:00:00,Lead,Lead,0.0
5152,Google Ads,2025-08-03 15:00:00,Lead,Lead,0.0
5153,Organic,2025-08-03 16:00:00,Lead,Lead,0.0
5154,Email,2025-08-03 17:00:00,Lead,Lead,0.0
5155,Email,2025-08-03 18:00:00,Lead,Closed Won,4268.683165390111
5156,Google Ads,2025-08-03 19:00:00,Lead,MQL,0.0
5157,Google Ads,2025-08-03 20:00:00,Lead,Lead,0.0
5158,Email,2025-08-03 21:00:00,Lead,Lead,0.0
5159,Facebook,2025-08-03 22:00:00,Lead,Lead,0.0
5160,Google Ads,2025-08-03 23:00:00,Lead,Lead,0.0
5161,Facebook,2025-08-04 00:00:00,Lead,Lead,0.0
5162,Google Ads,2025-08-04 01:00:00,Lead,Lead,0.0
5163,Google Ads,2025-08-04 02:00:00,Lead,Lead,0.0
5164,Facebook,2025-08-04 03:00:00,Lead,MQL,0.0
5165,Google Ads,2025-08-04 04:00:00,Lead,MQL,0.0
5166,Referral,2025-08-04 05:00:00,Lead,MQL,0.0
5167,Google Ads,2025-08-04 06:00:00,Lead,Lead,0.0
5168,Google Ads,2025-08-04 07:00:00,Lead,MQL,0.0
5169,Google Ads,2025-08-04 08:00:00,Lead,MQL,0.0
5170,Email,2025-08-04 09:00:00,Lead,MQL,0.0
5171,Facebook,2025-08-04 10:00:00,Lead,MQL,0.0
5172,Facebook,2025-08-04 11:00:00,Lead,SQL,0.0
5173,Google Ads,2025-08-04 12:00:00,Lead,SQL,0.0
5174,Google Ads,2025-08-04 13:00:00,Lead,Lead,0.0
5175,Facebook,2025-08-04 14:00:00,Lead,Lead,0.0
5176,Organic,2025-08-04 15:00:00,Lead,SQL,0.0
5177,Organic,2025-08-04 16:00:00,Lead,MQL,0.0
5178,Google Ads,2025-08-04 17:00:00,Lead,Lead,0.0
5179,Facebook,2025-08-04 18:00:00,Lead,Lead,0.0
5180,Organic,2025-08-04 19:00:00,Lead,MQL,0.0
5181,Google Ads,2025-08-04 20:00:00,Lead,Lead,0.0
5182,Organic,2025-08-04 21:00:00,Lead,Lead,0.0
5183,Google Ads,2025-08-04 22:00:00,Lead,Lead,0.0
5184,Organic,2025-08-04 23:00:00,Lead,Lead,0.0
5185,Email,2025-08-05 00:00:00,Lead,Lead,0.0
5186,Organic,2025-08-05 01:00:00,Lead,MQL,0.0
5187,Email,2025-08-05 02:00:00,Lead,MQL,0.0
5188,Google Ads,2025-08-05 03:00:00,Lead,Lead,0.0
5189,Organic,2025-08-05 04:00:00,Lead,Lead,0.0
5190,Google Ads,2025-08-05 05:00:00,Lead,Lead,0.0
5191,Google Ads,2025-08-05 06:00:00,Lead,SQL,0.0
5192,Email,2025-08-05 07:00:00,Lead,Lead,0.0
5193,Email,2025-08-05 08:00:00,Lead,Lead,0.0
5194,Organic,2025-08-05 09:00:00,Lead,MQL,0.0
5195,Google Ads,2025-08-05 10:00:00,Lead,Lead,0.0
5196,Email,2025-08-05 11:00:00,Lead,MQL,0.0
5197,Email,2025-08-05 12:00:00,Lead,Lead,0.0
5198,Google Ads,2025-08-05 13:00:00,Lead,Lead,0.0
5199,Google Ads,2025-08-05 14:00:00,Lead,Lead,0.0
5200,Google Ads,2025-08-05 15:00:00,Lead,MQL,0.0
5201,Google Ads,2025-08-05 16:00:00,Lead,Lead,0.0
5202,Referral,2025-08-05 17:00:00,Lead,Lead,0.0
5203,Facebook,2025-08-05 18:00:00,Lead,Lead,0.0
5204,Email,2025-08-05 19:00:00,Lead,Lead,0.0
5205,Referral,2025-08-05 20:00:00,Lead,Lead,0.0
5206,Google Ads,2025-08-05 21:00:00,Lead,Lead,0.0
5207,Organic,2025-08-05 22:00:00,Lead,MQL,0.0
5208,Facebook,2025-08-05 23:00:00,Lead,MQL,0.0
5209,Organic,2025-08-06 00:00:00,Lead,Lead,0.0
5210,Google Ads,2025-08-06 01:00:00,Lead,SQL,0.0
5211,Organic,2025-08-06 02:00:00,Lead,Lead,0.0
5212,Google Ads,2025-08-06 03:00:00,Lead,Lead,0.0
5213,Google Ads,2025-08-06 04:00:00,Lead,SQL,0.0
5214,Email,2025-08-06 05:00:00,Lead,Closed Won,6383.260184760629
5215,Google Ads,2025-08-06 06:00:00,Lead,Lead,0.0
5216,Facebook,2025-08-06 07:00:00,Lead,Lead,0.0
5217,Facebook,2025-08-06 08:00:00,Lead,Lead,0.0
5218,Email,2025-08-06 09:00:00,Lead,Lead,0.0
5219,Google Ads,2025-08-06 10:00:00,Lead,Lead,0.0
5220,Google Ads,2025-08-06 11:00:00,Lead,Lead,0.0
5221,Google Ads,2025-08-06 12:00:00,Lead,Lead,0.0
5222,Facebook,2025-08-06 13:00:00,Lead,Lead,0.0
5223,Google Ads,2025-08-06 14:00:00,Lead,MQL,0.0
5224,Google Ads,2025-08-06 15:00:00,Lead,Lead,0.0
5225,Google Ads,2025-08-06 16:00:00,Lead,Lead,0.0
5226,Google Ads,2025-08-06 17:00:00,Lead,MQL,0.0
5227,Facebook,2025-08-06 18:00:00,Lead,Lead,0.0
5228,Organic,2025-08-06 19:00:00,Lead,MQL,0.0
5229,Google Ads,2025-08-06 20:00:00,Lead,Lead,0.0
5230,Facebook,2025-08-06 21:00:00,Lead,Lead,0.0
5231,Email,2025-08-06 22:00:00,Lead,Lead,0.0
5232,Facebook,2025-08-06 23:00:00,Lead,Lead,0.0
5233,Email,2025-08-07 00:00:00,Lead,Lead,0.0
5234,Facebook,2025-08-07 01:00:00,Lead,Lead,0.0
5235,Facebook,2025-08-07 02:00:00,Lead,Lead,0.0
5236,Google Ads,2025-08-07 03:00:00,Lead,Lead,0.0
5237,Email,2025-08-07 04:00:00,Lead,Lead,0.0
5238,Email,2025-08-07 05:00:00,Lead,Lead,0.0
5239,Google Ads,2025-08-07 06:00:00,Lead,SQL,0.0
5240,Google Ads,2025-08-07 07:00:00,Lead,MQL,0.0
5241,Referral,2025-08-07 08:00:00,Lead,MQL,0.0
5242,Facebook,2025-08-07 09:00:00,Lead,MQL,0.0
5243,Facebook,2025-08-07 10:00:00,Lead,MQL,0.0
5244,Organic,2025-08-07 11:00:00,Lead,SQL,0.0
5245,Email,2025-08-07 12:00:00,Lead,SQL,0.0
5246,Facebook,2025-08-07 13:00:00,Lead,MQL,0.0
5247,Email,2025-08-07 14:00:00,Lead,SQL,0.0
5248,Organic,2025-08-07 15:00:00,Lead,MQL,0.0
5249,Facebook,2025-08-07 16:00:00,Lead,Lead,0.0
5250,Facebook,2025-08-07 17:00:00,Lead,MQL,0.0
5251,Google Ads,2025-08-07 18:00:00,Lead,Closed Lost,0.0
5252,Referral,2025-08-07 19:00:00,Lead,MQL,0.0
5253,Email,2025-08-07 20:00:00,Lead,Lead,0.0
5254,Google Ads,2025-08-07 21:00:00,Lead,MQL,0.0
5255,Organic,2025-08-07 22:00:00,Lead,Lead,0.0
5256,Facebook,2025-08-07 23:00:00,Lead,SQL,0.0
5257,Google Ads,2025-08-08 00:00:00,Lead,Lead,0.0
5258,Facebook,2025-08-08 01:00:00,Lead,Lead,0.0
5259,Facebook,2025-08-08 02:00:00,Lead,MQL,0.0
5260,Organic,2025-08-08 03:00:00,Lead,Lead,0.0
5261,Google Ads,2025-08-08 04:00:00,Lead,Lead,0.0
5262,Organic,2025-08-08 05:00:00,Lead,MQL,0.0
5263,Facebook,2025-08-08 06:00:00,Lead,MQL,0.0
5264,Google Ads,2025-08-08 07:00:00,Lead,Lead,0.0
5265,Referral,2025-08-08 08:00:00,Lead,Lead,0.0
5266,Facebook,2025-08-08 09:00:00,Lead,MQL,0.0
5267,Google Ads,2025-08-08 10:00:00,Lead,Lead,0.0
5268,Facebook,2025-08-08 11:00:00,Lead,Lead,0.0
5269,Organic,2025-08-08 12:00:00,Lead,Lead,0.0
5270,Google Ads,2025-08-08 13:00:00,Lead,MQL,0.0
5271,Google Ads,2025-08-08 14:00:00,Lead,Lead,0.0
5272,Google Ads,2025-08-08 15:00:00,Lead,Lead,0.0
5273,Google Ads,2025-08-08 16:00:00,Lead,Lead,0.0
5274,Email,2025-08-08 17:00:00,Lead,Lead,0.0
5275,Facebook,2025-08-08 18:00:00,Lead,Lead,0.0
5276,Google Ads,2025-08-08 19:00:00,Lead,MQL,0.0
5277,Google Ads,2025-08-08 20:00:00,Lead,Lead,0.0
5278,Google Ads,2025-08-08 21:00:00,Lead,Lead,0.0
5279,Organic,2025-08-08 22:00:00,Lead,Lead,0.0
5280,Google Ads,2025-08-08 23:00:00,Lead,MQL,0.0
5281,Referral,2025-08-09 00:00:00,Lead,SQL,0.0
5282,Facebook,2025-08-09 01:00:00,Lead,Lead,0.0
5283,Google Ads,2025-08-09 02:00:00,Lead,Lead,0.0
5284,Organic,2025-08-09 03:00:00,Lead,MQL,0.0
5285,Facebook,2025-08-09 04:00:00,Lead,MQL,0.0
5286,Email,2025-08-09 05:00:00,Lead,Lead,0.0
5287,Referral,2025-08-09 06:00:00,Lead,Lead,0.0
5288,Google Ads,2025-08-09 07:00:00,Lead,MQL,0.0
5289,Google Ads,2025-08-09 08:00:00,Lead,Lead,0.0
5290,Email,2025-08-09 09:00:00,Lead,Lead,0.0
5291,Google Ads,2025-08-09 10:00:00,Lead,MQL,0.0
5292,Google Ads,2025-08-09 11:00:00,Lead,Lead,0.0
5293,Google Ads,2025-08-09 12:00:00,Lead,MQL,0.0
5294,Google Ads,2025-08-09 13:00:00,Lead,Lead,0.0
5295,Email,2025-08-09 14:00:00,Lead,MQL,0.0
5296,Google Ads,2025-08-09 15:00:00,Lead,MQL,0.0
5297,Facebook,2025-08-09 16:00:00,Lead,Lead,0.0
5298,Facebook,2025-08-09 17:00:00,Lead,Lead,0.0
5299,Facebook,2025-08-09 18:00:00,Lead,Lead,0.0
5300,Google Ads,2025-08-09 19:00:00,Lead,MQL,0.0
5301,Email,2025-08-09 20:00:00,Lead,Lead,0.0
5302,Google Ads,2025-08-09 21:00:00,Lead,MQL,0.0
5303,Email,2025-08-09 22:00:00,Lead,MQL,0.0
5304,Organic,2025-08-09 23:00:00,Lead,MQL,0.0
5305,Facebook,2025-08-10 00:00:00,Lead,Lead,0.0
5306,Facebook,2025-08-10 01:00:00,Lead,MQL,0.0
5307,Facebook,2025-08-10 02:00:00,Lead,MQL,0.0
5308,Google Ads,2025-08-10 03:00:00,Lead,Closed Lost,0.0
5309,Organic,2025-08-10 04:00:00,Lead,Lead,0.0
5310,Organic,2025-08-10 05:00:00,Lead,MQL,0.0
5311,Google Ads,2025-08-10 06:00:00,Lead,Lead,0.0
5312,Facebook,2025-08-10 07:00:00,Lead,MQL,0.0
5313,Organic,2025-08-10 08:00:00,Lead,Lead,0.0
5314,Referral,2025-08-10 09:00:00,Lead,Lead,0.0
5315,Facebook,2025-08-10 10:00:00,Lead,SQL,0.0
5316,Facebook,2025-08-10 11:00:00,Lead,Lead,0.0
5317,Google Ads,2025-08-10 12:00:00,Lead,MQL,0.0
5318,Referral,2025-08-10 13:00:00,Lead,Lead,0.0
5319,Google Ads,2025-08-10 14:00:00,Lead,Lead,0.0
5320,Facebook,2025-08-10 15:00:00,Lead,Lead,0.0
5321,Google Ads,2025-08-10 16:00:00,Lead,MQL,0.0
5322,Google Ads,2025-08-10 17:00:00,Lead,MQL,0.0
5323,Facebook,2025-08-10 18:00:00,Lead,MQL,0.0
5324,Referral,2025-08-10 19:00:00,Lead,Lead,0.0
5325,Google Ads,2025-08-10 20:00:00,Lead,Lead,0.0
5326,Facebook,2025-08-10 21:00:00,Lead,SQL,0.0
5327,Google Ads,2025-08-10 22:00:00,Lead,MQL,0.0
5328,Google Ads,2025-08-10 23:00:00,Lead,Closed Won,4805.31375619296
5329,Facebook,2025-08-11 00:00:00,Lead,Lead,0.0
5330,Facebook,2025-08-11 01:00:00,Lead,MQL,0.0
5331,Google Ads,2025-08-11 02:00:00,Lead,Lead,0.0
5332,Google Ads,2025-08-11 03:00:00,Lead,SQL,0.0
5333,Google Ads,2025-08-11 04:00:00,Lead,Lead,0.0
5334,Google Ads,2025-08-11 05:00:00,Lead,Closed Won,4350.521136780207
5335,Referral,2025-08-11 06:00:00,Lead,SQL,0.0
5336,Organic,2025-08-11 07:00:00,Lead,Lead,0.0
5337,Google Ads,2025-08-11 08:00:00,Lead,Lead,0.0
5338,Facebook,2025-08-11 09:00:00,Lead,MQL,0.0
5339,Organic,2025-08-11 10:00:00,Lead,MQL,0.0
5340,Google Ads,2025-08-11 11:00:00,Lead,SQL,0.0
5341,Organic,2025-08-11 12:00:00,Lead,Lead,0.0
5342,Organic,2025-08-11 13:00:00,Lead,Lead,0.0
5343,Google Ads,2025-08-11 14:00:00,Lead,SQL,0.0
5344,Google Ads,2025-08-11 15:00:00,Lead,Lead,0.0
5345,Referral,2025-08-11 16:00:00,Lead,Lead,0.0
5346,Facebook,2025-08-11 17:00:00,Lead,Lead,0.0
5347,Google Ads,2025-08-11 18:00:00,Lead,MQL,0.0
5348,Google Ads,2025-08-11 19:00:00,Lead,SQL,0.0
5349,Facebook,2025-08-11 20:00:00,Lead,Lead,0.0
5350,Email,2025-08-11 21:00:00,Lead,SQL,0.0
5351,Email,2025-08-11 22:00:00,Lead,Closed Won,2822.189574690246
5352,Referral,2025-08-11 23:00:00,Lead,Lead,0.0
5353,Google Ads,2025-08-12 00:00:00,Lead,Lead,0.0
5354,Facebook,2025-08-12 01:00:00,Lead,Lead,0.0
5355,Facebook,2025-08-12 02:00:00,Lead,Lead,0.0
5356,Facebook,2025-08-12 03:00:00,Lead,Lead,0.0
5357,Google Ads,2025-08-12 04:00:00,Lead,SQL,0.0
5358,Referral,2025-08-12 05:00:00,Lead,Lead,0.0
5359,Organic,2025-08-12 06:00:00,Lead,Lead,0.0
5360,Facebook,2025-08-12 07:00:00,Lead,Lead,0.0
5361,Facebook,2025-08-12 08:00:00,Lead,Closed Won,4453.850134760445
5362,Google Ads,2025-08-12 09:00:00,Lead,SQL,0.0
5363,Facebook,2025-08-12 10:00:00,Lead,MQL,0.0
5364,Email,2025-08-12 11:00:00,Lead,MQL,0.0
5365,Facebook,2025-08-12 12:00:00,Lead,Lead,0.0
5366,Referral,2025-08-12 13:00:00,Lead,SQL,0.0
5367,Facebook,2025-08-12 14:00:00,Lead,Lead,0.0
5368,Google Ads,2025-08-12 15:00:00,Lead,Lead,0.0
5369,Email,2025-08-12 16:00:00,Lead,MQL,0.0
5370,Google Ads,2025-08-12 17:00:00,Lead,Lead,0.0
5371,Google Ads,2025-08-12 18:00:00,Lead,Lead,0.0
5372,Google Ads,2025-08-12 19:00:00,Lead,MQL,0.0
5373,Facebook,2025-08-12 20:00:00,Lead,Lead,0.0
5374,Email,2025-08-12 21:00:00,Lead,Lead,0.0
5375,Facebook,2025-08-12 22:00:00,Lead,MQL,0.0
5376,Email,2025-08-12 23:00:00,Lead,SQL,0.0
5377,Facebook,2025-08-13 00:00:00,Lead,MQL,0.0
5378,Google Ads,2025-08-13 01:00:00,Lead,Lead,0.0
5379,Organic,2025-08-13 02:00:00,Lead,MQL,0.0
5380,Google Ads,2025-08-13 03:00:00,Lead,Lead,0.0
5381,Google Ads,2025-08-13 04:00:00,Lead,MQL,0.0
5382,Facebook,2025-08-13 05:00:00,Lead,MQL,0.0
5383,Google Ads,2025-08-13 06:00:00,Lead,MQL,0.0
5384,Google Ads,2025-08-13 07:00:00,Lead,MQL,0.0
5385,Facebook,2025-08-13 08:00:00,Lead,Lead,0.0
5386,Facebook,2025-08-13 09:00:00,Lead,Lead,0.0
5387,Facebook,2025-08-13 10:00:00,Lead,MQL,0.0
5388,Referral,2025-08-13 11:00:00,Lead,MQL,0.0
5389,Facebook,2025-08-13 12:00:00,Lead,Lead,0.0
5390,Organic,2025-08-13 13:00:00,Lead,SQL,0.0
5391,Google Ads,2025-08-13 14:00:00,Lead,Lead,0.0
5392,Facebook,2025-08-13 15:00:00,Lead,Closed Lost,0.0
5393,Organic,2025-08-13 16:00:00,Lead,Lead,0.0
5394,Facebook,2025-08-13 17:00:00,Lead,Lead,0.0
5395,Email,2025-08-13 18:00:00,Lead,MQL,0.0
5396,Google Ads,2025-08-13 19:00:00,Lead,SQL,0.0
5397,Google Ads,2025-08-13 20:00:00,Lead,MQL,0.0
5398,Facebook,2025-08-13 21:00:00,Lead,MQL,0.0
5399,Google Ads,2025-08-13 22:00:00,Lead,SQL,0.0
5400,Organic,2025-08-13 23:00:00,Lead,Lead,0.0
5401,Google Ads,2025-08-14 00:00:00,Lead,Lead,0.0
5402,Referral,2025-08-14 01:00:00,Lead,Lead,0.0
5403,Referral,2025-08-14 02:00:00,Lead,Lead,0.0
5404,Google Ads,2025-08-14 03:00:00,Lead,Lead,0.0
5405,Google Ads,2025-08-14 04:00:00,Lead,SQL,0.0
5406,Organic,2025-08-14 05:00:00,Lead,Lead,0.0
5407,Referral,2025-08-14 06:00:00,Lead,MQL,0.0
5408,Facebook,2025-08-14 07:00:00,Lead,Lead,0.0
5409,Google Ads,2025-08-14 08:00:00,Lead,Lead,0.0
5410,Facebook,2025-08-14 09:00:00,Lead,SQL,0.0
5411,Email,2025-08-14 10:00:00,Lead,Closed Won,3099.918946802638
5412,Google Ads,2025-08-14 11:00:00,Lead,MQL,0.0
5413,Email,2025-08-14 12:00:00,Lead,Lead,0.0
5414,Google Ads,2025-08-14 13:00:00,Lead,Lead,0.0
5415,Google Ads,2025-08-14 14:00:00,Lead,MQL,0.0
5416,Google Ads,2025-08-14 15:00:00,Lead,Lead,0.0
5417,Google Ads,2025-08-14 16:00:00,Lead,MQL,0.0
5418,Google Ads,2025-08-14 17:00:00,Lead,MQL,0.0
5419,Facebook,2025-08-14 18:00:00,Lead,Lead,0.0
5420,Google Ads,2025-08-14 19:00:00,Lead,Lead,0.0
5421,Google Ads,2025-08-14 20:00:00,Lead,MQL,0.0
5422,Google Ads,2025-08-14 21:00:00,Lead,MQL,0.0
5423,Referral,2025-08-14 22:00:00,Lead,Lead,0.0
5424,Facebook,2025-08-14 23:00:00,Lead,MQL,0.0
5425,Facebook,2025-08-15 00:00:00,Lead,Lead,0.0
5426,Facebook,2025-08-15 01:00:00,Lead,Lead,0.0
5427,Referral,2025-08-15 02:00:00,Lead,MQL,0.0
5428,Google Ads,2025-08-15 03:00:00,Lead,Lead,0.0
5429,Email,2025-08-15 04:00:00,Lead,Lead,0.0
5430,Email,2025-08-15 05:00:00,Lead,Lead,0.0
5431,Facebook,2025-08-15 06:00:00,Lead,Lead,0.0
5432,Google Ads,2025-08-15 07:00:00,Lead,Lead,0.0
5433,Email,2025-08-15 08:00:00,Lead,MQL,0.0
5434,Google Ads,2025-08-15 09:00:00,Lead,Lead,0.0
5435,Facebook,2025-08-15 10:00:00,Lead,Lead,0.0
5436,Email,2025-08-15 11:00:00,Lead,Lead,0.0
5437,Google Ads,2025-08-15 12:00:00,Lead,MQL,0.0
5438,Organic,2025-08-15 13:00:00,Lead,Lead,0.0
5439,Google Ads,2025-08-15 14:00:00,Lead,SQL,0.0
5440,Organic,2025-08-15 15:00:00,Lead,SQL,0.0
5441,Facebook,2025-08-15 16:00:00,Lead,Lead,0.0
5442,Google Ads,2025-08-15 17:00:00,Lead,MQL,0.0
5443,Google Ads,2025-08-15 18:00:00,Lead,Lead,0.0
5444,Referral,2025-08-15 19:00:00,Lead,Lead,0.0
5445,Google Ads,2025-08-15 20:00:00,Lead,Lead,0.0
5446,Google Ads,2025-08-15 21:00:00,Lead,MQL,0.0
5447,Google Ads,2025-08-15 22:00:00,Lead,MQL,0.0
5448,Facebook,2025-08-15 23:00:00,Lead,Lead,0.0
5449,Facebook,2025-08-16 00:00:00,Lead,MQL,0.0
5450,Google Ads,2025-08-16 01:00:00,Lead,MQL,0.0
5451,Google Ads,2025-08-16 02:00:00,Lead,MQL,0.0
5452,Google Ads,2025-08-16 03:00:00,Lead,SQL,0.0
5453,Google Ads,2025-08-16 04:00:00,Lead,Lead,0.0
5454,Facebook,2025-08-16 05:00:00,Lead,Lead,0.0
5455,Email,2025-08-16 06:00:00,Lead,SQL,0.0
5456,Google Ads,2025-08-16 07:00:00,Lead,Lead,0.0
5457,Google Ads,2025-08-16 08:00:00,Lead,MQL,0.0
5458,Google Ads,2025-08-16 09:00:00,Lead,SQL,0.0
5459,Referral,2025-08-16 10:00:00,Lead,Lead,0.0
5460,Referral,2025-08-16 11:00:00,Lead,Lead,0.0
5461,Organic,2025-08-16 12:00:00,Lead,Lead,0.0
5462,Google Ads,2025-08-16 13:00:00,Lead,Lead,0.0
5463,Google Ads,2025-08-16 14:00:00,Lead,MQL,0.0
5464,Google Ads,2025-08-16 15:00:00,Lead,Lead,0.0
5465,Google Ads,2025-08-16 16:00:00,Lead,Lead,0.0
5466,Facebook,2025-08-16 17:00:00,Lead,MQL,0.0
5467,Email,2025-08-16 18:00:00,Lead,Lead,0.0
5468,Organic,2025-08-16 19:00:00,Lead,Lead,0.0
5469,Organic,2025-08-16 20:00:00,Lead,Lead,0.0
5470,Google Ads,2025-08-16 21:00:00,Lead,Lead,0.0
5471,Email,2025-08-16 22:00:00,Lead,MQL,0.0
5472,Google Ads,2025-08-16 23:00:00,Lead,Lead,0.0
5473,Google Ads,2025-08-17 00:00:00,Lead,Lead,0.0
5474,Email,2025-08-17 01:00:00,Lead,SQL,0.0
5475,Google Ads,2025-08-17 02:00:00,Lead,MQL,0.0
5476,Facebook,2025-08-17 03:00:00,Lead,Lead,0.0
5477,Google Ads,2025-08-17 04:00:00,Lead,Closed Lost,0.0
5478,Email,2025-08-17 05:00:00,Lead,SQL,0.0
5479,Email,2025-08-17 06:00:00,Lead,Lead,0.0
5480,Google Ads,2025-08-17 07:00:00,Lead,MQL,0.0
5481,Organic,2025-08-17 08:00:00,Lead,Lead,0.0
5482,Google Ads,2025-08-17 09:00:00,Lead,Lead,0.0
5483,Facebook,2025-08-17 10:00:00,Lead,Lead,0.0
5484,Email,2025-08-17 11:00:00,Lead,Lead,0.0
5485,Email,2025-08-17 12:00:00,Lead,SQL,0.0
5486,Referral,2025-08-17 13:00:00,Lead,MQL,0.0
5487,Google Ads,2025-08-17 14:00:00,Lead,Lead,0.0
5488,Email,2025-08-17 15:00:00,Lead,MQL,0.0
5489,Facebook,2025-08-17 16:00:00,Lead,MQL,0.0
5490,Organic,2025-08-17 17:00:00,Lead,Lead,0.0
5491,Google Ads,2025-08-17 18:00:00,Lead,Lead,0.0
5492,Email,2025-08-17 19:00:00,Lead,Lead,0.0
5493,Facebook,2025-08-17 20:00:00,Lead,Lead,0.0
5494,Google Ads,2025-08-17 21:00:00,Lead,Lead,0.0
5495,Facebook,2025-08-17 22:00:00,Lead,MQL,0.0
5496,Google Ads,2025-08-17 23:00:00,Lead,Lead,0.0
5497,Facebook,2025-08-18 00:00:00,Lead,Lead,0.0
5498,Organic,2025-08-18 01:00:00,Lead,Lead,0.0
5499,Facebook,2025-08-18 02:00:00,Lead,Lead,0.0
5500,Facebook,2025-08-18 03:00:00,Lead,Lead,0.0
5501,Facebook,2025-08-18 04:00:00,Lead,Lead,0.0
5502,Google Ads,2025-08-18 05:00:00,Lead,MQL,0.0
5503,Google Ads,2025-08-18 06:00:00,Lead,Lead,0.0
5504,Facebook,2025-08-18 07:00:00,Lead,MQL,0.0
5505,Google Ads,2025-08-18 08:00:00,Lead,Lead,0.0
5506,Google Ads,2025-08-18 09:00:00,Lead,Lead,0.0
5507,Facebook,2025-08-18 10:00:00,Lead,Lead,0.0
5508,Google Ads,2025-08-18 11:00:00,Lead,MQL,0.0
5509,Google Ads,2025-08-18 12:00:00,Lead,Lead,0.0
5510,Facebook,2025-08-18 13:00:00,Lead,SQL,0.0
5511,Google Ads,2025-08-18 14:00:00,Lead,Lead,0.0
5512,Organic,2025-08-18 15:00:00,Lead,Lead,0.0
5513,Organic,2025-08-18 16:00:00,Lead,Lead,0.0
5514,Email,2025-08-18 17:00:00,Lead,SQL,0.0
5515,Google Ads,2025-08-18 18:00:00,Lead,Lead,0.0
5516,Email,2025-08-18 19:00:00,Lead,MQL,0.0
5517,Organic,2025-08-18 20:00:00,Lead,Lead,0.0
5518,Email,2025-08-18 21:00:00,Lead,Lead,0.0
5519,Google Ads,2025-08-18 22:00:00,Lead,Lead,0.0
5520,Facebook,2025-08-18 23:00:00,Lead,Lead,0.0
5521,Organic,2025-08-19 00:00:00,Lead,Closed Won,3814.1011683030956
5522,Facebook,2025-08-19 01:00:00,Lead,SQL,0.0
5523,Facebook,2025-08-19 02:00:00,Lead,Lead,0.0
5524,Facebook,2025-08-19 03:00:00,Lead,Lead,0.0
5525,Facebook,2025-08-19 04:00:00,Lead,Lead,0.0
5526,Google Ads,2025-08-19 05:00:00,Lead,Lead,0.0
5527,Facebook,2025-08-19 06:00:00,Lead,Lead,0.0
5528,Google Ads,2025-08-19 07:00:00,Lead,Lead,0.0
5529,Facebook,2025-08-19 08:00:00,Lead,Lead,0.0
5530,Google Ads,2025-08-19 09:00:00,Lead,Lead,0.0
5531,Facebook,2025-08-19 10:00:00,Lead,Lead,0.0
5532,Google Ads,2025-08-19 11:00:00,Lead,Lead,0.0
5533,Email,2025-08-19 12:00:00,Lead,Lead,0.0
5534,Email,2025-08-19 13:00:00,Lead,Lead,0.0
5535,Google Ads,2025-08-19 14:00:00,Lead,MQL,0.0
5536,Google Ads,2025-08-19 15:00:00,Lead,MQL,0.0
5537,Google Ads,2025-08-19 16:00:00,Lead,Lead,0.0
5538,Organic,2025-08-19 17:00:00,Lead,Lead,0.0
5539,Facebook,2025-08-19 18:00:00,Lead,Closed Lost,0.0
5540,Facebook,2025-08-19 19:00:00,Lead,Lead,0.0
5541,Google Ads,2025-08-19 20:00:00,Lead,Lead,0.0
5542,Facebook,2025-08-19 21:00:00,Lead,Lead,0.0
5543,Organic,2025-08-19 22:00:00,Lead,Closed Lost,0.0
5544,Organic,2025-08-19 23:00:00,Lead,Lead,0.0
5545,Facebook,2025-08-20 00:00:00,Lead,MQL,0.0
5546,Google Ads,2025-08-20 01:00:00,Lead,Lead,0.0
5547,Google Ads,2025-08-20 02:00:00,Lead,MQL,0.0
5548,Google Ads,2025-08-20 03:00:00,Lead,SQL,0.0
5549,Google Ads,2025-08-20 04:00:00,Lead,MQL,0.0
5550,Google Ads,2025-08-20 05:00:00,Lead,Lead,0.0
5551,Google Ads,2025-08-20 06:00:00,Lead,Lead,0.0
5552,Google Ads,2025-08-20 07:00:00,Lead,Lead,0.0
5553,Organic,2025-08-20 08:00:00,Lead,Lead,0.0
5554,Facebook,2025-08-20 09:00:00,Lead,MQL,0.0
5555,Organic,2025-08-20 10:00:00,Lead,Lead,0.0
5556,Email,2025-08-20 11:00:00,Lead,MQL,0.0
5557,Google Ads,2025-08-20 12:00:00,Lead,Lead,0.0
5558,Email,2025-08-20 13:00:00,Lead,Lead,0.0
5559,Google Ads,2025-08-20 14:00:00,Lead,Lead,0.0
5560,Facebook,2025-08-20 15:00:00,Lead,MQL,0.0
5561,Google Ads,2025-08-20 16:00:00,Lead,MQL,0.0
5562,Referral,2025-08-20 17:00:00,Lead,Lead,0.0
5563,Google Ads,2025-08-20 18:00:00,Lead,Lead,0.0
5564,Google Ads,2025-08-20 19:00:00,Lead,MQL,0.0
5565,Organic,2025-08-20 20:00:00,Lead,Lead,0.0
5566,Google Ads,2025-08-20 21:00:00,Lead,Lead,0.0
5567,Email,2025-08-20 22:00:00,Lead,Lead,0.0
5568,Email,2025-08-20 23:00:00,Lead,Lead,0.0
5569,Organic,2025-08-21 00:00:00,Lead,MQL,0.0
5570,Referral,2025-08-21 01:00:00,Lead,Lead,0.0
5571,Referral,2025-08-21 02:00:00,Lead,Lead,0.0
5572,Google Ads,2025-08-21 03:00:00,Lead,Lead,0.0
5573,Organic,2025-08-21 04:00:00,Lead,Lead,0.0
5574,Facebook,2025-08-21 05:00:00,Lead,Lead,0.0
5575,Facebook,2025-08-21 06:00:00,Lead,SQL,0.0
5576,Google Ads,2025-08-21 07:00:00,Lead,Lead,0.0
5577,Email,2025-08-21 08:00:00,Lead,MQL,0.0
5578,Referral,2025-08-21 09:00:00,Lead,MQL,0.0
5579,Organic,2025-08-21 10:00:00,Lead,MQL,0.0
5580,Facebook,2025-08-21 11:00:00,Lead,SQL,0.0
5581,Google Ads,2025-08-21 12:00:00,Lead,MQL,0.0
5582,Google Ads,2025-08-21 13:00:00,Lead,Lead,0.0
5583,Organic,2025-08-21 14:00:00,Lead,Lead,0.0
5584,Email,2025-08-21 15:00:00,Lead,Lead,0.0
5585,Facebook,2025-08-21 16:00:00,Lead,MQL,0.0
5586,Google Ads,2025-08-21 17:00:00,Lead,Lead,0.0
5587,Facebook,2025-08-21 18:00:00,Lead,MQL,0.0
5588,Facebook,2025-08-21 19:00:00,Lead,MQL,0.0
5589,Organic,2025-08-21 20:00:00,Lead,Lead,0.0
5590,Facebook,2025-08-21 21:00:00,Lead,SQL,0.0
5591,Google Ads,2025-08-21 22:00:00,Lead,Lead,0.0
5592,Facebook,2025-08-21 23:00:00,Lead,Lead,0.0
5593,Google Ads,2025-08-22 00:00:00,Lead,SQL,0.0
5594,Referral,2025-08-22 01:00:00,Lead,Lead,0.0
5595,Google Ads,2025-08-22 02:00:00,Lead,Lead,0.0
5596,Facebook,2025-08-22 03:00:00,Lead,Lead,0.0
5597,Google Ads,2025-08-22 04:00:00,Lead,Closed Lost,0.0
5598,Email,2025-08-22 05:00:00,Lead,Lead,0.0
5599,Email,2025-08-22 06:00:00,Lead,SQL,0.0
5600,Email,2025-08-22 07:00:00,Lead,Lead,0.0
5601,Google Ads,2025-08-22 08:00:00,Lead,MQL,0.0
5602,Google Ads,2025-08-22 09:00:00,Lead,Lead,0.0
5603,Google Ads,2025-08-22 10:00:00,Lead,Closed Won,5128.521667460906
5604,Email,2025-08-22 11:00:00,Lead,MQL,0.0
5605,Google Ads,2025-08-22 12:00:00,Lead,Lead,0.0
5606,Facebook,2025-08-22 13:00:00,Lead,Lead,0.0
5607,Organic,2025-08-22 14:00:00,Lead,Lead,0.0
5608,Organic,2025-08-22 15:00:00,Lead,MQL,0.0
5609,Facebook,2025-08-22 16:00:00,Lead,MQL,0.0
5610,Facebook,2025-08-22 17:00:00,Lead,SQL,0.0
5611,Google Ads,2025-08-22 18:00:00,Lead,SQL,0.0
5612,Email,2025-08-22 19:00:00,Lead,Closed Lost,0.0
5613,Organic,2025-08-22 20:00:00,Lead,SQL,0.0
5614,Google Ads,2025-08-22 21:00:00,Lead,Lead,0.0
5615,Facebook,2025-08-22 22:00:00,Lead,SQL,0.0
5616,Organic,2025-08-22 23:00:00,Lead,MQL,0.0
5617,Organic,2025-08-23 00:00:00,Lead,MQL,0.0
5618,Google Ads,2025-08-23 01:00:00,Lead,Lead,0.0
5619,Facebook,2025-08-23 02:00:00,Lead,Lead,0.0
5620,Google Ads,2025-08-23 03:00:00,Lead,MQL,0.0
5621,Google Ads,2025-08-23 04:00:00,Lead,MQL,0.0
5622,Organic,2025-08-23 05:00:00,Lead,Lead,0.0
5623,Organic,2025-08-23 06:00:00,Lead,MQL,0.0
5624,Email,2025-08-23 07:00:00,Lead,MQL,0.0
5625,Google Ads,2025-08-23 08:00:00,Lead,Lead,0.0
5626,Organic,2025-08-23 09:00:00,Lead,MQL,0.0
5627,Facebook,2025-08-23 10:00:00,Lead,MQL,0.0
5628,Google Ads,2025-08-23 11:00:00,Lead,Lead,0.0
5629,Facebook,2025-08-23 12:00:00,Lead,Lead,0.0
5630,Google Ads,2025-08-23 13:00:00,Lead,Lead,0.0
5631,Email,2025-08-23 14:00:00,Lead,Lead,0.0
5632,Facebook,2025-08-23 15:00:00,Lead,MQL,0.0
5633,Google Ads,2025-08-23 16:00:00,Lead,Lead,0.0
5634,Google Ads,2025-08-23 17:00:00,Lead,Lead,0.0
5635,Google Ads,2025-08-23 18:00:00,Lead,Lead,0.0
5636,Google Ads,2025-08-23 19:00:00,Lead,Lead,0.0
5637,Facebook,2025-08-23 20:00:00,Lead,SQL,0.0
5638,Organic,2025-08-23 21:00:00,Lead,Lead,0.0
5639,Google Ads,2025-08-23 22:00:00,Lead,Lead,0.0
5640,Google Ads,2025-08-23 23:00:00,Lead,MQL,0.0
5641,Facebook,2025-08-24 00:00:00,Lead,Lead,0.0
5642,Organic,2025-08-24 01:00:00,Lead,Lead,0.0
5643,Google Ads,2025-08-24 02:00:00,Lead,Lead,0.0
5644,Google Ads,2025-08-24 03:00:00,Lead,MQL,0.0
5645,Facebook,2025-08-24 04:00:00,Lead,Lead,0.0
5646,Google Ads,2025-08-24 05:00:00,Lead,Lead,0.0
5647,Google Ads,2025-08-24 06:00:00,Lead,SQL,0.0
5648,Email,2025-08-24 07:00:00,Lead,MQL,0.0
5649,Facebook,2025-08-24 08:00:00,Lead,Lead,0.0
5650,Facebook,2025-08-24 09:00:00,Lead,Lead,0.0
5651,Email,2025-08-24 10:00:00,Lead,SQL,0.0
5652,Email,2025-08-24 11:00:00,Lead,Lead,0.0
5653,Google Ads,2025-08-24 12:00:00,Lead,SQL,0.0
5654,Google Ads,2025-08-24 13:00:00,Lead,MQL,0.0
5655,Google Ads,2025-08-24 14:00:00,Lead,MQL,0.0
5656,Google Ads,2025-08-24 15:00:00,Lead,Lead,0.0
5657,Email,2025-08-24 16:00:00,Lead,Lead,0.0
5658,Organic,2025-08-24 17:00:00,Lead,MQL,0.0
5659,Referral,2025-08-24 18:00:00,Lead,MQL,0.0
5660,Facebook,2025-08-24 19:00:00,Lead,Lead,0.0
5661,Google Ads,2025-08-24 20:00:00,Lead,Lead,0.0
5662,Google Ads,2025-08-24 21:00:00,Lead,MQL,0.0
5663,Organic,2025-08-24 22:00:00,Lead,MQL,0.0
5664,Facebook,2025-08-24 23:00:00,Lead,Closed Lost,0.0
5665,Facebook,2025-08-25 00:00:00,Lead,MQL,0.0
5666,Email,2025-08-25 01:00:00,Lead,MQL,0.0
5667,Email,2025-08-25 02:00:00,Lead,Lead,0.0
5668,Organic,2025-08-25 03:00:00,Lead,Lead,0.0
5669,Google Ads,2025-08-25 04:00:00,Lead,Lead,0.0
5670,Email,2025-08-25 05:00:00,Lead,Lead,0.0
5671,Organic,2025-08-25 06:00:00,Lead,Lead,0.0
5672,Google Ads,2025-08-25 07:00:00,Lead,MQL,0.0
5673,Facebook,2025-08-25 08:00:00,Lead,Closed Lost,0.0
5674,Google Ads,2025-08-25 09:00:00,Lead,Lead,0.0
5675,Referral,2025-08-25 10:00:00,Lead,Lead,0.0
5676,Google Ads,2025-08-25 11:00:00,Lead,MQL,0.0
5677,Facebook,2025-08-25 12:00:00,Lead,Lead,0.0
5678,Google Ads,2025-08-25 13:00:00,Lead,Lead,0.0
5679,Email,2025-08-25 14:00:00,Lead,Lead,0.0
5680,Google Ads,2025-08-25 15:00:00,Lead,Lead,0.0
5681,Google Ads,2025-08-25 16:00:00,Lead,Lead,0.0
5682,Facebook,2025-08-25 17:00:00,Lead,Closed Lost,0.0
5683,Organic,2025-08-25 18:00:00,Lead,Lead,0.0
5684,Google Ads,2025-08-25 19:00:00,Lead,MQL,0.0
5685,Google Ads,2025-08-25 20:00:00,Lead,Lead,0.0
5686,Email,2025-08-25 21:00:00,Lead,SQL,0.0
5687,Facebook,2025-08-25 22:00:00,Lead,Lead,0.0
5688,Organic,2025-08-25 23:00:00,Lead,Lead,0.0
5689,Google Ads,2025-08-26 00:00:00,Lead,MQL,0.0
5690,Facebook,2025-08-26 01:00:00,Lead,MQL,0.0
5691,Google Ads,2025-08-26 02:00:00,Lead,Lead,0.0
5692,Google Ads,2025-08-26 03:00:00,Lead,Closed Lost,0.0
5693,Email,2025-08-26 04:00:00,Lead,MQL,0.0
5694,Facebook,2025-08-26 05:00:00,Lead,MQL,0.0
5695,Email,2025-08-26 06:00:00,Lead,Lead,0.0
5696,Google Ads,2025-08-26 07:00:00,Lead,Lead,0.0
5697,Facebook,2025-08-26 08:00:00,Lead,Lead,0.0
5698,Facebook,2025-08-26 09:00:00,Lead,MQL,0.0
5699,Referral,2025-08-26 10:00:00,Lead,Closed Lost,0.0
5700,Google Ads,2025-08-26 11:00:00,Lead,Lead,0.0
5701,Google Ads,2025-08-26 12:00:00,Lead,SQL,0.0
5702,Google Ads,2025-08-26 13:00:00,Lead,Lead,0.0
5703,Facebook,2025-08-26 14:00:00,Lead,MQL,0.0
5704,Google Ads,2025-08-26 15:00:00,Lead,SQL,0.0
5705,Organic,2025-08-26 16:00:00,Lead,SQL,0.0
5706,Google Ads,2025-08-26 17:00:00,Lead,Lead,0.0
5707,Organic,2025-08-26 18:00:00,Lead,Lead,0.0
5708,Google Ads,2025-08-26 19:00:00,Lead,Lead,0.0
5709,Email,2025-08-26 20:00:00,Lead,Lead,0.0
5710,Organic,2025-08-26 21:00:00,Lead,MQL,0.0
5711,Google Ads,2025-08-26 22:00:00,Lead,Lead,0.0
5712,Referral,2025-08-26 23:00:00,Lead,SQL,0.0
5713,Facebook,2025-08-27 00:00:00,Lead,Lead,0.0
5714,Organic,2025-08-27 01:00:00,Lead,MQL,0.0
5715,Email,2025-08-27 02:00:00,Lead,Lead,0.0
5716,Google Ads,2025-08-27 03:00:00,Lead,MQL,0.0
5717,Google Ads,2025-08-27 04:00:00,Lead,Lead,0.0
5718,Google Ads,2025-08-27 05:00:00,Lead,Lead,0.0
5719,Google Ads,2025-08-27 06:00:00,Lead,Lead,0.0
5720,Google Ads,2025-08-27 07:00:00,Lead,SQL,0.0
5721,Google Ads,2025-08-27 08:00:00,Lead,Lead,0.0
5722,Facebook,2025-08-27 09:00:00,Lead,Lead,0.0
5723,Email,2025-08-27 10:00:00,Lead,Lead,0.0
5724,Google Ads,2025-08-27 11:00:00,Lead,SQL,0.0
5725,Google Ads,2025-08-27 12:00:00,Lead,Lead,0.0
5726,Facebook,2025-08-27 13:00:00,Lead,Lead,0.0
5727,Google Ads,2025-08-27 14:00:00,Lead,Lead,0.0
5728,Google Ads,2025-08-27 15:00:00,Lead,Lead,0.0
5729,Google Ads,2025-08-27 16:00:00,Lead,MQL,0.0
5730,Organic,2025-08-27 17:00:00,Lead,Lead,0.0
5731,Organic,2025-08-27 18:00:00,Lead,Lead,0.0
5732,Google Ads,2025-08-27 19:00:00,Lead,MQL,0.0
5733,Email,2025-08-27 20:00:00,Lead,Lead,0.0
5734,Facebook,2025-08-27 21:00:00,Lead,MQL,0.0
5735,Email,2025-08-27 22:00:00,Lead,Lead,0.0
5736,Email,2025-08-27 23:00:00,Lead,MQL,0.0
5737,Facebook,2025-08-28 00:00:00,Lead,Lead,0.0
5738,Google Ads,2025-08-28 01:00:00,Lead,MQL,0.0
5739,Google Ads,2025-08-28 02:00:00,Lead,Closed Won,7396.319254905429
5740,Facebook,2025-08-28 03:00:00,Lead,MQL,0.0
5741,Organic,2025-08-28 04:00:00,Lead,Lead,0.0
5742,Facebook,2025-08-28 05:00:00,Lead,MQL,0.0
5743,Organic,2025-08-28 06:00:00,Lead,Lead,0.0
5744,Referral,2025-08-28 07:00:00,Lead,Lead,0.0
5745,Google Ads,2025-08-28 08:00:00,Lead,MQL,0.0
5746,Email,2025-08-28 09:00:00,Lead,Lead,0.0
5747,Email,2025-08-28 10:00:00,Lead,MQL,0.0
5748,Referral,2025-08-28 11:00:00,Lead,Lead,0.0
5749,Referral,2025-08-28 12:00:00,Lead,MQL,0.0
5750,Email,2025-08-28 13:00:00,Lead,SQL,0.0
5751,Google Ads,2025-08-28 14:00:00,Lead,MQL,0.0
5752,Email,2025-08-28 15:00:00,Lead,SQL,0.0
5753,Google Ads,2025-08-28 16:00:00,Lead,Lead,0.0
5754,Email,2025-08-28 17:00:00,Lead,MQL,0.0
5755,Organic,2025-08-28 18:00:00,Lead,MQL,0.0
5756,Google Ads,2025-08-28 19:00:00,Lead,SQL,0.0
5757,Facebook,2025-08-28 20:00:00,Lead,SQL,0.0
5758,Facebook,2025-08-28 21:00:00,Lead,Lead,0.0
5759,Facebook,2025-08-28 22:00:00,Lead,Lead,0.0
5760,Google Ads,2025-08-28 23:00:00,Lead,Lead,0.0
5761,Email,2025-08-29 00:00:00,Lead,Lead,0.0
5762,Organic,2025-08-29 01:00:00,Lead,MQL,0.0
5763,Organic,2025-08-29 02:00:00,Lead,Lead,0.0
5764,Google Ads,2025-08-29 03:00:00,Lead,Lead,0.0
5765,Organic,2025-08-29 04:00:00,Lead,Lead,0.0
5766,Email,2025-08-29 05:00:00,Lead,Lead,0.0
5767,Google Ads,2025-08-29 06:00:00,Lead,MQL,0.0
5768,Google Ads,2025-08-29 07:00:00,Lead,MQL,0.0
5769,Google Ads,2025-08-29 08:00:00,Lead,Lead,0.0
5770,Organic,2025-08-29 09:00:00,Lead,Lead,0.0
5771,Facebook,2025-08-29 10:00:00,Lead,Lead,0.0
5772,Email,2025-08-29 11:00:00,Lead,Lead,0.0
5773,Google Ads,2025-08-29 12:00:00,Lead,Lead,0.0
5774,Email,2025-08-29 13:00:00,Lead,Lead,0.0
5775,Google Ads,2025-08-29 14:00:00,Lead,Lead,0.0
5776,Google Ads,2025-08-29 15:00:00,Lead,Lead,0.0
5777,Facebook,2025-08-29 16:00:00,Lead,SQL,0.0
5778,Google Ads,2025-08-29 17:00:00,Lead,Lead,0.0
5779,Organic,2025-08-29 18:00:00,Lead,SQL,0.0
5780,Google Ads,2025-08-29 19:00:00,Lead,Lead,0.0
5781,Email,2025-08-29 20:00:00,Lead,MQL,0.0
5782,Facebook,2025-08-29 21:00:00,Lead,Lead,0.0
5783,Facebook,2025-08-29 22:00:00,Lead,Lead,0.0
5784,Google Ads,2025-08-29 23:00:00,Lead,SQL,0.0
5785,Google Ads,2025-08-30 00:00:00,Lead,SQL,0.0
5786,Organic,2025-08-30 01:00:00,Lead,MQL,0.0
5787,Google Ads,2025-08-30 02:00:00,Lead,Lead,0.0
5788,Organic,2025-08-30 03:00:00,Lead,MQL,0.0
5789,Referral,2025-08-30 04:00:00,Lead,Lead,0.0
5790,Google Ads,2025-08-30 05:00:00,Lead,Lead,0.0
5791,Google Ads,2025-08-30 06:00:00,Lead,MQL,0.0
5792,Email,2025-08-30 07:00:00,Lead,MQL,0.0
5793,Referral,2025-08-30 08:00:00,Lead,MQL,0.0
5794,Organic,2025-08-30 09:00:00,Lead,SQL,0.0
5795,Facebook,2025-08-30 10:00:00,Lead,Lead,0.0
5796,Email,2025-08-30 11:00:00,Lead,SQL,0.0
5797,Google Ads,2025-08-30 12:00:00,Lead,Lead,0.0
5798,Referral,2025-08-30 13:00:00,Lead,MQL,0.0
5799,Referral,2025-08-30 14:00:00,Lead,Lead,0.0
5800,Google Ads,2025-08-30 15:00:00,Lead,MQL,0.0
5801,Google Ads,2025-08-30 16:00:00,Lead,Lead,0.0
5802,Google Ads,2025-08-30 17:00:00,Lead,Lead,0.0
5803,Google Ads,2025-08-30 18:00:00,Lead,MQL,0.0
5804,Organic,2025-08-30 19:00:00,Lead,MQL,0.0
5805,Google Ads,2025-08-30 20:00:00,Lead,MQL,0.0
5806,Google Ads,2025-08-30 21:00:00,Lead,Lead,0.0
5807,Google Ads,2025-08-30 22:00:00,Lead,MQL,0.0
5808,Referral,2025-08-30 23:00:00,Lead,Lead,0.0
5809,Facebook,2025-08-31 00:00:00,Lead,MQL,0.0
5810,Facebook,2025-08-31 01:00:00,Lead,Lead,0.0
5811,Google Ads,2025-08-31 02:00:00,Lead,MQL,0.0
5812,Referral,2025-08-31 03:00:00,Lead,Lead,0.0
5813,Organic,2025-08-31 04:00:00,Lead,MQL,0.0
5814,Google Ads,2025-08-31 05:00:00,Lead,MQL,0.0
5815,Google Ads,2025-08-31 06:00:00,Lead,Lead,0.0
5816,Google Ads,2025-08-31 07:00:00,Lead,MQL,0.0
5817,Google Ads,2025-08-31 08:00:00,Lead,Lead,0.0
5818,Facebook,2025-08-31 09:00:00,Lead,MQL,0.0
5819,Organic,2025-08-31 10:00:00,Lead,Lead,0.0
5820,Facebook,2025-08-31 11:00:00,Lead,Lead,0.0
5821,Organic,2025-08-31 12:00:00,Lead,Lead,0.0
5822,Facebook,2025-08-31 13:00:00,Lead,SQL,0.0
5823,Email,2025-08-31 14:00:00,Lead,Lead,0.0
5824,Email,2025-08-31 15:00:00,Lead,Lead,0.0
5825,Google Ads,2025-08-31 16:00:00,Lead,MQL,0.0
5826,Google Ads,2025-08-31 17:00:00,Lead,Lead,0.0
5827,Facebook,2025-08-31 18:00:00,Lead,SQL,0.0
5828,Google Ads,2025-08-31 19:00:00,Lead,SQL,0.0
5829,Google Ads,2025-08-31 20:00:00,Lead,Lead,0.0
5830,Facebook,2025-08-31 21:00:00,Lead,Lead,0.0
5831,Referral,2025-08-31 22:00:00,Lead,Lead,0.0
5832,Facebook,2025-08-31 23:00:00,Lead,Lead,0.0
5833,Organic,2025-09-01 00:00:00,Lead,Lead,0.0
5834,Facebook,2025-09-01 01:00:00,Lead,Closed Won,4003.157888802804
5835,Email,2025-09-01 02:00:00,Lead,MQL,0.0
5836,Facebook,2025-09-01 03:00:00,Lead,SQL,0.0
5837,Organic,2025-09-01 04:00:00,Lead,MQL,0.0
5838,Facebook,2025-09-01 05:00:00,Lead,MQL,0.0
5839,Facebook,2025-09-01 06:00:00,Lead,Lead,0.0
5840,Facebook,2025-09-01 07:00:00,Lead,Lead,0.0
5841,Facebook,2025-09-01 08:00:00,Lead,Lead,0.0
5842,Google Ads,2025-09-01 09:00:00,Lead,Lead,0.0
5843,Google Ads,2025-09-01 10:00:00,Lead,MQL,0.0
5844,Google Ads,2025-09-01 11:00:00,Lead,Lead,0.0
5845,Organic,2025-09-01 12:00:00,Lead,Lead,0.0
5846,Google Ads,2025-09-01 13:00:00,Lead,MQL,0.0
5847,Google Ads,2025-09-01 14:00:00,Lead,Lead,0.0
5848,Email,2025-09-01 15:00:00,Lead,Lead,0.0
5849,Google Ads,2025-09-01 16:00:00,Lead,Lead,0.0
5850,Facebook,2025-09-01 17:00:00,Lead,MQL,0.0
5851,Google Ads,2025-09-01 18:00:00,Lead,Closed Won,4831.127803199079
5852,Referral,2025-09-01 19:00:00,Lead,MQL,0.0
5853,Organic,2025-09-01 20:00:00,Lead,Lead,0.0
5854,Organic,2025-09-01 21:00:00,Lead,Lead,0.0
5855,Facebook,2025-09-01 22:00:00,Lead,MQL,0.0
5856,Email,2025-09-01 23:00:00,Lead,Lead,0.0
5857,Google Ads,2025-09-02 00:00:00,Lead,Lead,0.0
5858,Google Ads,2025-09-02 01:00:00,Lead,Lead,0.0
5859,Google Ads,2025-09-02 02:00:00,Lead,Lead,0.0
5860,Facebook,2025-09-02 03:00:00,Lead,Lead,0.0
5861,Facebook,2025-09-02 04:00:00,Lead,SQL,0.0
5862,Facebook,2025-09-02 05:00:00,Lead,SQL,0.0
5863,Google Ads,2025-09-02 06:00:00,Lead,MQL,0.0
5864,Facebook,2025-09-02 07:00:00,Lead,Lead,0.0
5865,Email,2025-09-02 08:00:00,Lead,Closed Won,1559.4541246586655
5866,Facebook,2025-09-02 09:00:00,Lead,SQL,0.0
5867,Email,2025-09-02 10:00:00,Lead,MQL,0.0
5868,Google Ads,2025-09-02 11:00:00,Lead,Lead,0.0
5869,Organic,2025-09-02 12:00:00,Lead,Lead,0.0
5870,Facebook,2025-09-02 13:00:00,Lead,Lead,0.0
5871,Google Ads,2025-09-02 14:00:00,Lead,MQL,0.0
5872,Google Ads,2025-09-02 15:00:00,Lead,SQL,0.0
5873,Facebook,2025-09-02 16:00:00,Lead,SQL,0.0
5874,Organic,2025-09-02 17:00:00,Lead,Lead,0.0
5875,Facebook,2025-09-02 18:00:00,Lead,MQL,0.0
5876,Google Ads,2025-09-02 19:00:00,Lead,Lead,0.0
5877,Organic,2025-09-02 20:00:00,Lead,Lead,0.0
5878,Email,2025-09-02 21:00:00,Lead,MQL,0.0
5879,Facebook,2025-09-02 22:00:00,Lead,Lead,0.0
5880,Facebook,2025-09-02 23:00:00,Lead,MQL,0.0
5881,Google Ads,2025-09-03 00:00:00,Lead,Lead,0.0
5882,Facebook,2025-09-03 01:00:00,Lead,MQL,0.0
5883,Google Ads,2025-09-03 02:00:00,Lead,MQL,0.0
5884,Referral,2025-09-03 03:00:00,Lead,Lead,0.0
5885,Facebook,2025-09-03 04:00:00,Lead,MQL,0.0
5886,Facebook,2025-09-03 05:00:00,Lead,Lead,0.0
5887,Facebook,2025-09-03 06:00:00,Lead,Closed Lost,0.0
5888,Organic,2025-09-03 07:00:00,Lead,Lead,0.0
5889,Organic,2025-09-03 08:00:00,Lead,MQL,0.0
5890,Facebook,2025-09-03 09:00:00,Lead,SQL,0.0
5891,Email,2025-09-03 10:00:00,Lead,Lead,0.0
5892,Facebook,2025-09-03 11:00:00,Lead,Lead,0.0
5893,Facebook,2025-09-03 12:00:00,Lead,Lead,0.0
5894,Google Ads,2025-09-03 13:00:00,Lead,Lead,0.0
5895,Facebook,2025-09-03 14:00:00,Lead,Lead,0.0
5896,Google Ads,2025-09-03 15:00:00,Lead,MQL,0.0
5897,Organic,2025-09-03 16:00:00,Lead,Lead,0.0
5898,Google Ads,2025-09-03 17:00:00,Lead,Lead,0.0
5899,Referral,2025-09-03 18:00:00,Lead,MQL,0.0
5900,Facebook,2025-09-03 19:00:00,Lead,Lead,0.0
5901,Facebook,2025-09-03 20:00:00,Lead,MQL,0.0
5902,Facebook,2025-09-03 21:00:00,Lead,Lead,0.0
5903,Google Ads,2025-09-03 22:00:00,Lead,SQL,0.0
5904,Google Ads,2025-09-03 23:00:00,Lead,MQL,0.0
5905,Google Ads,2025-09-04 00:00:00,Lead,Lead,0.0
5906,Facebook,2025-09-04 01:00:00,Lead,MQL,0.0
5907,Facebook,2025-09-04 02:00:00,Lead,Lead,0.0
5908,Email,2025-09-04 03:00:00,Lead,Lead,0.0
5909,Google Ads,2025-09-04 04:00:00,Lead,Lead,0.0
5910,Google Ads,2025-09-04 05:00:00,Lead,Lead,0.0
5911,Facebook,2025-09-04 06:00:00,Lead,Closed Lost,0.0
5912,Organic,2025-09-04 07:00:00,Lead,Lead,0.0
5913,Email,2025-09-04 08:00:00,Lead,Lead,0.0
5914,Facebook,2025-09-04 09:00:00,Lead,SQL,0.0
5915,Facebook,2025-09-04 10:00:00,Lead,MQL,0.0
5916,Google Ads,2025-09-04 11:00:00,Lead,MQL,0.0
5917,Referral,2025-09-04 12:00:00,Lead,Lead,0.0
5918,Email,2025-09-04 13:00:00,Lead,Lead,0.0
5919,Google Ads,2025-09-04 14:00:00,Lead,MQL,0.0
5920,Facebook,2025-09-04 15:00:00,Lead,Lead,0.0
5921,Google Ads,2025-09-04 16:00:00,Lead,Lead,0.0
5922,Referral,2025-09-04 17:00:00,Lead,SQL,0.0
5923,Google Ads,2025-09-04 18:00:00,Lead,MQL,0.0
5924,Facebook,2025-09-04 19:00:00,Lead,SQL,0.0
5925,Google Ads,2025-09-04 20:00:00,Lead,Lead,0.0
5926,Email,2025-09-04 21:00:00,Lead,Lead,0.0
5927,Email,2025-09-04 22:00:00,Lead,Lead,0.0
5928,Email,2025-09-04 23:00:00,Lead,MQL,0.0
5929,Facebook,2025-09-05 00:00:00,Lead,MQL,0.0
5930,Organic,2025-09-05 01:00:00,Lead,SQL,0.0
5931,Google Ads,2025-09-05 02:00:00,Lead,MQL,0.0
5932,Google Ads,2025-09-05 03:00:00,Lead,Lead,0.0
5933,Google Ads,2025-09-05 04:00:00,Lead,Lead,0.0
5934,Referral,2025-09-05 05:00:00,Lead,Lead,0.0
5935,Google Ads,2025-09-05 06:00:00,Lead,SQL,0.0
5936,Email,2025-09-05 07:00:00,Lead,MQL,0.0
5937,Email,2025-09-05 08:00:00,Lead,Lead,0.0
5938,Google Ads,2025-09-05 09:00:00,Lead,Closed Won,4528.2494099747
5939,Google Ads,2025-09-05 10:00:00,Lead,Lead,0.0
5940,Google Ads,2025-09-05 11:00:00,Lead,SQL,0.0
5941,Facebook,2025-09-05 12:00:00,Lead,Lead,0.0
5942,Google Ads,2025-09-05 13:00:00,Lead,MQL,0.0
5943,Google Ads,2025-09-05 14:00:00,Lead,SQL,0.0
5944,Organic,2025-09-05 15:00:00,Lead,Lead,0.0
5945,Referral,2025-09-05 16:00:00,Lead,SQL,0.0
5946,Google Ads,2025-09-05 17:00:00,Lead,SQL,0.0
5947,Google Ads,2025-09-05 18:00:00,Lead,Lead,0.0
5948,Google Ads,2025-09-05 19:00:00,Lead,MQL,0.0
5949,Email,2025-09-05 20:00:00,Lead,Lead,0.0
5950,Organic,2025-09-05 21:00:00,Lead,MQL,0.0
5951,Google Ads,2025-09-05 22:00:00,Lead,Lead,0.0
5952,Google Ads,2025-09-05 23:00:00,Lead,SQL,0.0
5953,Email,2025-09-06 00:00:00,Lead,Lead,0.0
5954,Facebook,2025-09-06 01:00:00,Lead,MQL,0.0
5955,Google Ads,2025-09-06 02:00:00,Lead,Lead,0.0
5956,Facebook,2025-09-06 03:00:00,Lead,Lead,0.0
5957,Google Ads,2025-09-06 04:00:00,Lead,Lead,0.0
5958,Google Ads,2025-09-06 05:00:00,Lead,SQL,0.0
5959,Email,2025-09-06 06:00:00,Lead,MQL,0.0
5960,Organic,2025-09-06 07:00:00,Lead,SQL,0.0
5961,Facebook,2025-09-06 08:00:00,Lead,Lead,0.0
5962,Organic,2025-09-06 09:00:00,Lead,Lead,0.0
5963,Facebook,2025-09-06 10:00:00,Lead,Lead,0.0
5964,Email,2025-09-06 11:00:00,Lead,MQL,0.0
5965,Facebook,2025-09-06 12:00:00,Lead,Lead,0.0
5966,Organic,2025-09-06 13:00:00,Lead,MQL,0.0
5967,Organic,2025-09-06 14:00:00,Lead,Lead,0.0
5968,Google Ads,2025-09-06 15:00:00,Lead,MQL,0.0
5969,Organic,2025-09-06 16:00:00,Lead,MQL,0.0
5970,Organic,2025-09-06 17:00:00,Lead,SQL,0.0
5971,Email,2025-09-06 18:00:00,Lead,Lead,0.0
5972,Google Ads,2025-09-06 19:00:00,Lead,Lead,0.0
5973,Organic,2025-09-06 20:00:00,Lead,Lead,0.0
5974,Organic,2025-09-06 21:00:00,Lead,Lead,0.0
5975,Google Ads,2025-09-06 22:00:00,Lead,MQL,0.0
5976,Referral,2025-09-06 23:00:00,Lead,Lead,0.0
5977,Google Ads,2025-09-07 00:00:00,Lead,MQL,0.0
5978,Google Ads,2025-09-07 01:00:00,Lead,Lead,0.0
5979,Facebook,2025-09-07 02:00:00,Lead,MQL,0.0
5980,Facebook,2025-09-07 03:00:00,Lead,SQL,0.0
5981,Facebook,2025-09-07 04:00:00,Lead,Lead,0.0
5982,Google Ads,2025-09-07 05:00:00,Lead,MQL,0.0
5983,Referral,2025-09-07 06:00:00,Lead,Lead,0.0
5984,Google Ads,2025-09-07 07:00:00,Lead,Lead,0.0
5985,Google Ads,2025-09-07 08:00:00,Lead,Lead,0.0
5986,Google Ads,2025-09-07 09:00:00,Lead,Lead,0.0
5987,Facebook,2025-09-07 10:00:00,Lead,Lead,0.0
5988,Organic,2025-09-07 11:00:00,Lead,Lead,0.0
5989,Email,2025-09-07 12:00:00,Lead,Lead,0.0
5990,Organic,2025-09-07 13:00:00,Lead,Lead,0.0
5991,Google Ads,2025-09-07 14:00:00,Lead,Lead,0.0
5992,Facebook,2025-09-07 15:00:00,Lead,MQL,0.0
5993,Facebook,2025-09-07 16:00:00,Lead,MQL,0.0
5994,Facebook,2025-09-07 17:00:00,Lead,Lead,0.0
5995,Google Ads,2025-09-07 18:00:00,Lead,Lead,0.0
5996,Email,2025-09-07 19:00:00,Lead,Lead,0.0
5997,Facebook,2025-09-07 20:00:00,Lead,Lead,0.0
5998,Email,2025-09-07 21:00:00,Lead,Lead,0.0
5999,Facebook,2025-09-07 22:00:00,Lead,MQL,0.0
6000,Google Ads,2025-09-07 23:00:00,Lead,SQL,0.0
6001,Facebook,2025-09-08 00:00:00,Lead,SQL,0.0
6002,Google Ads,2025-09-08 01:00:00,Lead,Closed Won,5347.50490852809
6003,Organic,2025-09-08 02:00:00,Lead,Lead,0.0
6004,Facebook,2025-09-08 03:00:00,Lead,MQL,0.0
6005,Google Ads,2025-09-08 04:00:00,Lead,MQL,0.0
6006,Referral,2025-09-08 05:00:00,Lead,Lead,0.0
6007,Facebook,2025-09-08 06:00:00,Lead,Lead,0.0
6008,Google Ads,2025-09-08 07:00:00,Lead,Lead,0.0
6009,Facebook,2025-09-08 08:00:00,Lead,Lead,0.0
6010,Google Ads,2025-09-08 09:00:00,Lead,MQL,0.0
6011,Organic,2025-09-08 10:00:00,Lead,Lead,0.0
6012,Organic,2025-09-08 11:00:00,Lead,Closed Lost,0.0
6013,Referral,2025-09-08 12:00:00,Lead,MQL,0.0
6014,Facebook,2025-09-08 13:00:00,Lead,Lead,0.0
6015,Facebook,2025-09-08 14:00:00,Lead,SQL,0.0
6016,Email,2025-09-08 15:00:00,Lead,Lead,0.0
6017,Google Ads,2025-09-08 16:00:00,Lead,Lead,0.0
6018,Facebook,2025-09-08 17:00:00,Lead,Lead,0.0
6019,Facebook,2025-09-08 18:00:00,Lead,SQL,0.0
6020,Google Ads,2025-09-08 19:00:00,Lead,Lead,0.0
6021,Facebook,2025-09-08 20:00:00,Lead,Lead,0.0
6022,Organic,2025-09-08 21:00:00,Lead,Lead,0.0
6023,Organic,2025-09-08 22:00:00,Lead,Lead,0.0
6024,Google Ads,2025-09-08 23:00:00,Lead,Closed Won,3547.925306675456
6025,Google Ads,2025-09-09 00:00:00,Lead,Lead,0.0
6026,Google Ads,2025-09-09 01:00:00,Lead,Lead,0.0
6027,Organic,2025-09-09 02:00:00,Lead,Lead,0.0
6028,Google Ads,2025-09-09 03:00:00,Lead,Lead,0.0
6029,Email,2025-09-09 04:00:00,Lead,Lead,0.0
6030,Google Ads,2025-09-09 05:00:00,Lead,Closed Won,4151.670856396364
6031,Facebook,2025-09-09 06:00:00,Lead,MQL,0.0
6032,Google Ads,2025-09-09 07:00:00,Lead,Lead,0.0
6033,Email,2025-09-09 08:00:00,Lead,Lead,0.0
6034,Google Ads,2025-09-09 09:00:00,Lead,MQL,0.0
6035,Facebook,2025-09-09 10:00:00,Lead,Lead,0.0
6036,Google Ads,2025-09-09 11:00:00,Lead,MQL,0.0
6037,Email,2025-09-09 12:00:00,Lead,Lead,0.0
6038,Organic,2025-09-09 13:00:00,Lead,MQL,0.0
6039,Google Ads,2025-09-09 14:00:00,Lead,Lead,0.0
6040,Organic,2025-09-09 15:00:00,Lead,MQL,0.0
6041,Facebook,2025-09-09 16:00:00,Lead,MQL,0.0
6042,Google Ads,2025-09-09 17:00:00,Lead,Lead,0.0
6043,Facebook,2025-09-09 18:00:00,Lead,Lead,0.0
6044,Google Ads,2025-09-09 19:00:00,Lead,Closed Lost,0.0
6045,Email,2025-09-09 20:00:00,Lead,Lead,0.0
6046,Email,2025-09-09 21:00:00,Lead,MQL,0.0
6047,Google Ads,2025-09-09 22:00:00,Lead,MQL,0.0
6048,Facebook,2025-09-09 23:00:00,Lead,Lead,0.0
6049,Organic,2025-09-10 00:00:00,Lead,MQL,0.0
6050,Organic,2025-09-10 01:00:00,Lead,Lead,0.0
6051,Facebook,2025-09-10 02:00:00,Lead,Lead,0.0
6052,Referral,2025-09-10 03:00:00,Lead,Lead,0.0
6053,Facebook,2025-09-10 04:00:00,Lead,Closed Lost,0.0
6054,Google Ads,2025-09-10 05:00:00,Lead,Lead,0.0
6055,Organic,2025-09-10 06:00:00,Lead,MQL,0.0
6056,Facebook,2025-09-10 07:00:00,Lead,Lead,0.0
6057,Facebook,2025-09-10 08:00:00,Lead,Closed Lost,0.0
6058,Facebook,2025-09-10 09:00:00,Lead,SQL,0.0
6059,Organic,2025-09-10 10:00:00,Lead,Lead,0.0
6060,Organic,2025-09-10 11:00:00,Lead,Lead,0.0
6061,Facebook,2025-09-10 12:00:00,Lead,Lead,0.0
6062,Google Ads,2025-09-10 13:00:00,Lead,MQL,0.0
6063,Facebook,2025-09-10 14:00:00,Lead,MQL,0.0
6064,Facebook,2025-09-10 15:00:00,Lead,MQL,0.0
6065,Google Ads,2025-09-10 16:00:00,Lead,MQL,0.0
6066,Email,2025-09-10 17:00:00,Lead,MQL,0.0
6067,Facebook,2025-09-10 18:00:00,Lead,Lead,0.0
6068,Google Ads,2025-09-10 19:00:00,Lead,MQL,0.0
6069,Google Ads,2025-09-10 20:00:00,Lead,Lead,0.0
6070,Google Ads,2025-09-10 21:00:00,Lead,Lead,0.0
6071,Organic,2025-09-10 22:00:00,Lead,Lead,0.0
6072,Google Ads,2025-09-10 23:00:00,Lead,Lead,0.0
6073,Google Ads,2025-09-11 00:00:00,Lead,Lead,0.0
6074,Facebook,2025-09-11 01:00:00,Lead,Lead,0.0
6075,Google Ads,2025-09-11 02:00:00,Lead,SQL,0.0
6076,Google Ads,2025-09-11 03:00:00,Lead,MQL,0.0
6077,Google Ads,2025-09-11 04:00:00,Lead,MQL,0.0
6078,Facebook,2025-09-11 05:00:00,Lead,Lead,0.0
6079,Facebook,2025-09-11 06:00:00,Lead,Lead,0.0
6080,Google Ads,2025-09-11 07:00:00,Lead,Lead,0.0
6081,Facebook,2025-09-11 08:00:00,Lead,Lead,0.0
6082,Referral,2025-09-11 09:00:00,Lead,SQL,0.0
6083,Google Ads,2025-09-11 10:00:00,Lead,Lead,0.0
6084,Google Ads,2025-09-11 11:00:00,Lead,SQL,0.0
6085,Google Ads,2025-09-11 12:00:00,Lead,Lead,0.0
6086,Facebook,2025-09-11 13:00:00,Lead,SQL,0.0
6087,Email,2025-09-11 14:00:00,Lead,Lead,0.0
6088,Google Ads,2025-09-11 15:00:00,Lead,MQL,0.0
6089,Email,2025-09-11 16:00:00,Lead,Lead,0.0
6090,Google Ads,2025-09-11 17:00:00,Lead,Lead,0.0
6091,Facebook,2025-09-11 18:00:00,Lead,Lead,0.0
6092,Email,2025-09-11 19:00:00,Lead,Lead,0.0
6093,Google Ads,2025-09-11 20:00:00,Lead,Lead,0.0
6094,Facebook,2025-09-11 21:00:00,Lead,SQL,0.0
6095,Google Ads,2025-09-11 22:00:00,Lead,Lead,0.0
6096,Email,2025-09-11 23:00:00,Lead,Lead,0.0
6097,Google Ads,2025-09-12 00:00:00,Lead,MQL,0.0
6098,Organic,2025-09-12 01:00:00,Lead,MQL,0.0
6099,Google Ads,2025-09-12 02:00:00,Lead,MQL,0.0
6100,Organic,2025-09-12 03:00:00,Lead,Lead,0.0
6101,Google Ads,2025-09-12 04:00:00,Lead,SQL,0.0
6102,Email,2025-09-12 05:00:00,Lead,Lead,0.0
6103,Google Ads,2025-09-12 06:00:00,Lead,SQL,0.0
6104,Organic,2025-09-12 07:00:00,Lead,Lead,0.0
6105,Google Ads,2025-09-12 08:00:00,Lead,SQL,0.0
6106,Google Ads,2025-09-12 09:00:00,Lead,Lead,0.0
6107,Facebook,2025-09-12 10:00:00,Lead,MQL,0.0
6108,Google Ads,2025-09-12 11:00:00,Lead,Lead,0.0
6109,Google Ads,2025-09-12 12:00:00,Lead,Lead,0.0
6110,Organic,2025-09-12 13:00:00,Lead,MQL,0.0
6111,Referral,2025-09-12 14:00:00,Lead,Closed Lost,0.0
6112,Google Ads,2025-09-12 15:00:00,Lead,Lead,0.0
6113,Organic,2025-09-12 16:00:00,Lead,MQL,0.0
6114,Facebook,2025-09-12 17:00:00,Lead,Lead,0.0
6115,Google Ads,2025-09-12 18:00:00,Lead,MQL,0.0
6116,Email,2025-09-12 19:00:00,Lead,MQL,0.0
6117,Email,2025-09-12 20:00:00,Lead,MQL,0.0
6118,Referral,2025-09-12 21:00:00,Lead,Lead,0.0
6119,Google Ads,2025-09-12 22:00:00,Lead,Lead,0.0
6120,Email,2025-09-12 23:00:00,Lead,MQL,0.0
6121,Google Ads,2025-09-13 00:00:00,Lead,MQL,0.0
6122,Google Ads,2025-09-13 01:00:00,Lead,Lead,0.0
6123,Google Ads,2025-09-13 02:00:00,Lead,SQL,0.0
6124,Referral,2025-09-13 03:00:00,Lead,Lead,0.0
6125,Organic,2025-09-13 04:00:00,Lead,MQL,0.0
6126,Email,2025-09-13 05:00:00,Lead,MQL,0.0
6127,Facebook,2025-09-13 06:00:00,Lead,Lead,0.0
6128,Google Ads,2025-09-13 07:00:00,Lead,Lead,0.0
6129,Google Ads,2025-09-13 08:00:00,Lead,Lead,0.0
6130,Google Ads,2025-09-13 09:00:00,Lead,Lead,0.0
6131,Google Ads,2025-09-13 10:00:00,Lead,SQL,0.0
6132,Email,2025-09-13 11:00:00,Lead,SQL,0.0
6133,Facebook,2025-09-13 12:00:00,Lead,MQL,0.0
6134,Google Ads,2025-09-13 13:00:00,Lead,Lead,0.0
6135,Google Ads,2025-09-13 14:00:00,Lead,Lead,0.0
6136,Google Ads,2025-09-13 15:00:00,Lead,MQL,0.0
6137,Facebook,2025-09-13 16:00:00,Lead,MQL,0.0
6138,Organic,2025-09-13 17:00:00,Lead,Lead,0.0
6139,Facebook,2025-09-13 18:00:00,Lead,MQL,0.0
6140,Organic,2025-09-13 19:00:00,Lead,Lead,0.0
6141,Facebook,2025-09-13 20:00:00,Lead,Lead,0.0
6142,Google Ads,2025-09-13 21:00:00,Lead,Lead,0.0
6143,Google Ads,2025-09-13 22:00:00,Lead,MQL,0.0
6144,Organic,2025-09-13 23:00:00,Lead,Lead,0.0
6145,Email,2025-09-14 00:00:00,Lead,SQL,0.0
6146,Google Ads,2025-09-14 01:00:00,Lead,Lead,0.0
6147,Facebook,2025-09-14 02:00:00,Lead,MQL,0.0
6148,Facebook,2025-09-14 03:00:00,Lead,Lead,0.0
6149,Facebook,2025-09-14 04:00:00,Lead,Lead,0.0
6150,Organic,2025-09-14 05:00:00,Lead,Closed Lost,0.0
6151,Facebook,2025-09-14 06:00:00,Lead,MQL,0.0
6152,Facebook,2025-09-14 07:00:00,Lead,MQL,0.0
6153,Google Ads,2025-09-14 08:00:00,Lead,Lead,0.0
6154,Google Ads,2025-09-14 09:00:00,Lead,Lead,0.0
6155,Google Ads,2025-09-14 10:00:00,Lead,Lead,0.0
6156,Google Ads,2025-09-14 11:00:00,Lead,MQL,0.0
6157,Email,2025-09-14 12:00:00,Lead,Lead,0.0
6158,Email,2025-09-14 13:00:00,Lead,MQL,0.0
6159,Google Ads,2025-09-14 14:00:00,Lead,Lead,0.0
6160,Organic,2025-09-14 15:00:00,Lead,Lead,0.0
6161,Google Ads,2025-09-14 16:00:00,Lead,Lead,0.0
6162,Google Ads,2025-09-14 17:00:00,Lead,SQL,0.0
6163,Google Ads,2025-09-14 18:00:00,Lead,Lead,0.0
6164,Google Ads,2025-09-14 19:00:00,Lead,Lead,0.0
6165,Google Ads,2025-09-14 20:00:00,Lead,Lead,0.0
6166,Facebook,2025-09-14 21:00:00,Lead,MQL,0.0
6167,Facebook,2025-09-14 22:00:00,Lead,Lead,0.0
6168,Referral,2025-09-14 23:00:00,Lead,Lead,0.0
6169,Google Ads,2025-09-15 00:00:00,Lead,MQL,0.0
6170,Google Ads,2025-09-15 01:00:00,Lead,Lead,0.0
6171,Google Ads,2025-09-15 02:00:00,Lead,Lead,0.0
6172,Facebook,2025-09-15 03:00:00,Lead,Lead,0.0
6173,Google Ads,2025-09-15 04:00:00,Lead,Lead,0.0
6174,Organic,2025-09-15 05:00:00,Lead,Lead,0.0
6175,Facebook,2025-09-15 06:00:00,Lead,Lead,0.0
6176,Facebook,2025-09-15 07:00:00,Lead,Closed Lost,0.0
6177,Facebook,2025-09-15 08:00:00,Lead,Lead,0.0
6178,Google Ads,2025-09-15 09:00:00,Lead,Lead,0.0
6179,Google Ads,2025-09-15 10:00:00,Lead,Lead,0.0
6180,Google Ads,2025-09-15 11:00:00,Lead,Lead,0.0
6181,Facebook,2025-09-15 12:00:00,Lead,MQL,0.0
6182,Google Ads,2025-09-15 13:00:00,Lead,Closed Lost,0.0
6183,Google Ads,2025-09-15 14:00:00,Lead,Lead,0.0
6184,Referral,2025-09-15 15:00:00,Lead,MQL,0.0
6185,Google Ads,2025-09-15 16:00:00,Lead,SQL,0.0
6186,Organic,2025-09-15 17:00:00,Lead,Lead,0.0
6187,Email,2025-09-15 18:00:00,Lead,Lead,0.0
6188,Google Ads,2025-09-15 19:00:00,Lead,Lead,0.0
6189,Google Ads,2025-09-15 20:00:00,Lead,Lead,0.0
6190,Google Ads,2025-09-15 21:00:00,Lead,Lead,0.0
6191,Email,2025-09-15 22:00:00,Lead,Lead,0.0
6192,Facebook,2025-09-15 23:00:00,Lead,Lead,0.0
6193,Email,2025-09-16 00:00:00,Lead,MQL,0.0
6194,Organic,2025-09-16 01:00:00,Lead,MQL,0.0
6195,Email,2025-09-16 02:00:00,Lead,Lead,0.0
6196,Google Ads,2025-09-16 03:00:00,Lead,MQL,0.0
6197,Google Ads,2025-09-16 04:00:00,Lead,MQL,0.0
6198,Organic,2025-09-16 05:00:00,Lead,SQL,0.0
6199,Google Ads,2025-09-16 06:00:00,Lead,Lead,0.0
6200,Google Ads,2025-09-16 07:00:00,Lead,MQL,0.0
6201,Email,2025-09-16 08:00:00,Lead,Closed Lost,0.0
6202,Facebook,2025-09-16 09:00:00,Lead,Lead,0.0
6203,Organic,2025-09-16 10:00:00,Lead,Lead,0.0
6204,Email,2025-09-16 11:00:00,Lead,SQL,0.0
6205,Google Ads,2025-09-16 12:00:00,Lead,MQL,0.0
6206,Organic,2025-09-16 13:00:00,Lead,Lead,0.0
6207,Google Ads,2025-09-16 14:00:00,Lead,Lead,0.0
6208,Google Ads,2025-09-16 15:00:00,Lead,SQL,0.0
6209,Facebook,2025-09-16 16:00:00,Lead,Lead,0.0
6210,Google Ads,2025-09-16 17:00:00,Lead,MQL,0.0
6211,Facebook,2025-09-16 18:00:00,Lead,SQL,0.0
6212,Google Ads,2025-09-16 19:00:00,Lead,Lead,0.0
6213,Facebook,2025-09-16 20:00:00,Lead,Lead,0.0
6214,Google Ads,2025-09-16 21:00:00,Lead,SQL,0.0
6215,Email,2025-09-16 22:00:00,Lead,MQL,0.0
6216,Organic,2025-09-16 23:00:00,Lead,Lead,0.0
6217,Google Ads,2025-09-17 00:00:00,Lead,MQL,0.0
6218,Google Ads,2025-09-17 01:00:00,Lead,MQL,0.0
6219,Google Ads,2025-09-17 02:00:00,Lead,Lead,0.0
6220,Google Ads,2025-09-17 03:00:00,Lead,SQL,0.0
6221,Email,2025-09-17 04:00:00,Lead,MQL,0.0
6222,Email,2025-09-17 05:00:00,Lead,Lead,0.0
6223,Google Ads,2025-09-17 06:00:00,Lead,Lead,0.0
6224,Google Ads,2025-09-17 07:00:00,Lead,Lead,0.0
6225,Google Ads,2025-09-17 08:00:00,Lead,SQL,0.0
6226,Facebook,2025-09-17 09:00:00,Lead,Lead,0.0
6227,Google Ads,2025-09-17 10:00:00,Lead,Lead,0.0
6228,Referral,2025-09-17 11:00:00,Lead,MQL,0.0
6229,Email,2025-09-17 12:00:00,Lead,MQL,0.0
6230,Google Ads,2025-09-17 13:00:00,Lead,Lead,0.0
6231,Facebook,2025-09-17 14:00:00,Lead,MQL,0.0
6232,Organic,2025-09-17 15:00:00,Lead,Lead,0.0
6233,Facebook,2025-09-17 16:00:00,Lead,Lead,0.0
6234,Google Ads,2025-09-17 17:00:00,Lead,Lead,0.0
6235,Google Ads,2025-09-17 18:00:00,Lead,MQL,0.0
6236,Organic,2025-09-17 19:00:00,Lead,SQL,0.0
6237,Facebook,2025-09-17 20:00:00,Lead,Lead,0.0
6238,Email,2025-09-17 21:00:00,Lead,Closed Lost,0.0
6239,Organic,2025-09-17 22:00:00,Lead,MQL,0.0
6240,Organic,2025-09-17 23:00:00,Lead,MQL,0.0
6241,Organic,2025-09-18 00:00:00,Lead,Lead,0.0
6242,Google Ads,2025-09-18 01:00:00,Lead,Lead,0.0
6243,Facebook,2025-09-18 02:00:00,Lead,MQL,0.0
6244,Email,2025-09-18 03:00:00,Lead,Lead,0.0
6245,Email,2025-09-18 04:00:00,Lead,Lead,0.0
6246,Facebook,2025-09-18 05:00:00,Lead,Lead,0.0
6247,Google Ads,2025-09-18 06:00:00,Lead,MQL,0.0
6248,Email,2025-09-18 07:00:00,Lead,MQL,0.0
6249,Email,2025-09-18 08:00:00,Lead,MQL,0.0
6250,Google Ads,2025-09-18 09:00:00,Lead,Closed Won,7145.045583382054
6251,Facebook,2025-09-18 10:00:00,Lead,Lead,0.0
6252,Google Ads,2025-09-18 11:00:00,Lead,Lead,0.0
6253,Google Ads,2025-09-18 12:00:00,Lead,Lead,0.0
6254,Google Ads,2025-09-18 13:00:00,Lead,MQL,0.0
6255,Facebook,2025-09-18 14:00:00,Lead,MQL,0.0
6256,Facebook,2025-09-18 15:00:00,Lead,SQL,0.0
6257,Facebook,2025-09-18 16:00:00,Lead,Lead,0.0
6258,Email,2025-09-18 17:00:00,Lead,Lead,0.0
6259,Organic,2025-09-18 18:00:00,Lead,Lead,0.0
6260,Google Ads,2025-09-18 19:00:00,Lead,Lead,0.0
6261,Google Ads,2025-09-18 20:00:00,Lead,Lead,0.0
6262,Organic,2025-09-18 21:00:00,Lead,Lead,0.0
6263,Google Ads,2025-09-18 22:00:00,Lead,Lead,0.0
6264,Referral,2025-09-18 23:00:00,Lead,Closed Lost,0.0
6265,Organic,2025-09-19 00:00:00,Lead,MQL,0.0
6266,Facebook,2025-09-19 01:00:00,Lead,Lead,0.0
6267,Referral,2025-09-19 02:00:00,Lead,Lead,0.0
6268,Google Ads,2025-09-19 03:00:00,Lead,Lead,0.0
6269,Google Ads,2025-09-19 04:00:00,Lead,Lead,0.0
6270,Facebook,2025-09-19 05:00:00,Lead,Lead,0.0
6271,Google Ads,2025-09-19 06:00:00,Lead,Lead,0.0
6272,Organic,2025-09-19 07:00:00,Lead,SQL,0.0
6273,Google Ads,2025-09-19 08:00:00,Lead,Lead,0.0
6274,Facebook,2025-09-19 09:00:00,Lead,Lead,0.0
6275,Facebook,2025-09-19 10:00:00,Lead,Lead,0.0
6276,Email,2025-09-19 11:00:00,Lead,Lead,0.0
6277,Google Ads,2025-09-19 12:00:00,Lead,MQL,0.0
6278,Google Ads,2025-09-19 13:00:00,Lead,Lead,0.0
6279,Organic,2025-09-19 14:00:00,Lead,MQL,0.0
6280,Google Ads,2025-09-19 15:00:00,Lead,SQL,0.0
6281,Organic,2025-09-19 16:00:00,Lead,Lead,0.0
6282,Facebook,2025-09-19 17:00:00,Lead,MQL,0.0
6283,Email,2025-09-19 18:00:00,Lead,Lead,0.0
6284,Email,2025-09-19 19:00:00,Lead,Lead,0.0
6285,Google Ads,2025-09-19 20:00:00,Lead,SQL,0.0
6286,Facebook,2025-09-19 21:00:00,Lead,Lead,0.0
6287,Organic,2025-09-19 22:00:00,Lead,MQL,0.0
6288,Facebook,2025-09-19 23:00:00,Lead,Lead,0.0
6289,Referral,2025-09-20 00:00:00,Lead,Lead,0.0
6290,Facebook,2025-09-20 01:00:00,Lead,Lead,0.0
6291,Google Ads,2025-09-20 02:00:00,Lead,Lead,0.0
6292,Google Ads,2025-09-20 03:00:00,Lead,SQL,0.0
6293,Referral,2025-09-20 04:00:00,Lead,Lead,0.0
6294,Google Ads,2025-09-20 05:00:00,Lead,Lead,0.0
6295,Organic,2025-09-20 06:00:00,Lead,Lead,0.0
6296,Organic,2025-09-20 07:00:00,Lead,Lead,0.0
6297,Google Ads,2025-09-20 08:00:00,Lead,Lead,0.0
6298,Google Ads,2025-09-20 09:00:00,Lead,Lead,0.0
6299,Email,2025-09-20 10:00:00,Lead,Lead,0.0
6300,Google Ads,2025-09-20 11:00:00,Lead,MQL,0.0
6301,Email,2025-09-20 12:00:00,Lead,Lead,0.0
6302,Facebook,2025-09-20 13:00:00,Lead,MQL,0.0
6303,Facebook,2025-09-20 14:00:00,Lead,SQL,0.0
6304,Email,2025-09-20 15:00:00,Lead,Closed Won,5301.571496422542
6305,Google Ads,2025-09-20 16:00:00,Lead,SQL,0.0
6306,Facebook,2025-09-20 17:00:00,Lead,Lead,0.0
6307,Google Ads,2025-09-20 18:00:00,Lead,Lead,0.0
6308,Google Ads,2025-09-20 19:00:00,Lead,SQL,0.0
6309,Facebook,2025-09-20 20:00:00,Lead,Lead,0.0
6310,Organic,2025-09-20 21:00:00,Lead,MQL,0.0
6311,Google Ads,2025-09-20 22:00:00,Lead,SQL,0.0
6312,Facebook,2025-09-20 23:00:00,Lead,Lead,0.0
6313,Email,2025-09-21 00:00:00,Lead,SQL,0.0
6314,Google Ads,2025-09-21 01:00:00,Lead,Lead,0.0
6315,Google Ads,2025-09-21 02:00:00,Lead,Lead,0.0
6316,Organic,2025-09-21 03:00:00,Lead,Lead,0.0
6317,Email,2025-09-21 04:00:00,Lead,Lead,0.0
6318,Facebook,2025-09-21 05:00:00,Lead,SQL,0.0
6319,Facebook,2025-09-21 06:00:00,Lead,Lead,0.0
6320,Google Ads,2025-09-21 07:00:00,Lead,MQL,0.0
6321,Facebook,2025-09-21 08:00:00,Lead,MQL,0.0
6322,Facebook,2025-09-21 09:00:00,Lead,MQL,0.0
6323,Facebook,2025-09-21 10:00:00,Lead,SQL,0.0
6324,Google Ads,2025-09-21 11:00:00,Lead,Lead,0.0
6325,Google Ads,2025-09-21 12:00:00,Lead,Lead,0.0
6326,Google Ads,2025-09-21 13:00:00,Lead,MQL,0.0
6327,Referral,2025-09-21 14:00:00,Lead,Lead,0.0
6328,Facebook,2025-09-21 15:00:00,Lead,MQL,0.0
6329,Facebook,2025-09-21 16:00:00,Lead,Lead,0.0
6330,Google Ads,2025-09-21 17:00:00,Lead,MQL,0.0
6331,Google Ads,2025-09-21 18:00:00,Lead,Lead,0.0
6332,Email,2025-09-21 19:00:00,Lead,Lead,0.0
6333,Facebook,2025-09-21 20:00:00,Lead,Lead,0.0
6334,Facebook,2025-09-21 21:00:00,Lead,SQL,0.0
6335,Google Ads,2025-09-21 22:00:00,Lead,Lead,0.0
6336,Email,2025-09-21 23:00:00,Lead,Lead,0.0
6337,Google Ads,2025-09-22 00:00:00,Lead,Lead,0.0
6338,Google Ads,2025-09-22 01:00:00,Lead,MQL,0.0
6339,Facebook,2025-09-22 02:00:00,Lead,Lead,0.0
6340,Google Ads,2025-09-22 03:00:00,Lead,Lead,0.0
6341,Google Ads,2025-09-22 04:00:00,Lead,Lead,0.0
6342,Facebook,2025-09-22 05:00:00,Lead,Lead,0.0
6343,Email,2025-09-22 06:00:00,Lead,MQL,0.0
6344,Organic,2025-09-22 07:00:00,Lead,Lead,0.0
6345,Facebook,2025-09-22 08:00:00,Lead,Lead,0.0
6346,Google Ads,2025-09-22 09:00:00,Lead,MQL,0.0
6347,Google Ads,2025-09-22 10:00:00,Lead,Lead,0.0
6348,Referral,2025-09-22 11:00:00,Lead,MQL,0.0
6349,Facebook,2025-09-22 12:00:00,Lead,MQL,0.0
6350,Email,2025-09-22 13:00:00,Lead,Lead,0.0
6351,Google Ads,2025-09-22 14:00:00,Lead,Lead,0.0
6352,Facebook,2025-09-22 15:00:00,Lead,Lead,0.0
6353,Google Ads,2025-09-22 16:00:00,Lead,MQL,0.0
6354,Facebook,2025-09-22 17:00:00,Lead,SQL,0.0
6355,Organic,2025-09-22 18:00:00,Lead,Lead,0.0
6356,Referral,2025-09-22 19:00:00,Lead,MQL,0.0
6357,Facebook,2025-09-22 20:00:00,Lead,Lead,0.0
6358,Facebook,2025-09-22 21:00:00,Lead,Lead,0.0
6359,Organic,2025-09-22 22:00:00,Lead,Lead,0.0
6360,Email,2025-09-22 23:00:00,Lead,Lead,0.0
6361,Google Ads,2025-09-23 00:00:00,Lead,SQL,0.0
6362,Facebook,2025-09-23 01:00:00,Lead,Lead,0.0
6363,Google Ads,2025-09-23 02:00:00,Lead,Closed Lost,0.0
6364,Facebook,2025-09-23 03:00:00,Lead,Lead,0.0
6365,Facebook,2025-09-23 04:00:00,Lead,Lead,0.0
6366,Facebook,2025-09-23 05:00:00,Lead,Lead,0.0
6367,Google Ads,2025-09-23 06:00:00,Lead,Lead,0.0
6368,Google Ads,2025-09-23 07:00:00,Lead,SQL,0.0
6369,Facebook,2025-09-23 08:00:00,Lead,Lead,0.0
6370,Organic,2025-09-23 09:00:00,Lead,Lead,0.0
6371,Email,2025-09-23 10:00:00,Lead,Lead,0.0
6372,Google Ads,2025-09-23 11:00:00,Lead,MQL,0.0
6373,Organic,2025-09-23 12:00:00,Lead,Lead,0.0
6374,Organic,2025-09-23 13:00:00,Lead,MQL,0.0
6375,Google Ads,2025-09-23 14:00:00,Lead,Lead,0.0
6376,Google Ads,2025-09-23 15:00:00,Lead,Lead,0.0
6377,Email,2025-09-23 16:00:00,Lead,Lead,0.0
6378,Organic,2025-09-23 17:00:00,Lead,SQL,0.0
6379,Referral,2025-09-23 18:00:00,Lead,Lead,0.0
6380,Organic,2025-09-23 19:00:00,Lead,SQL,0.0
6381,Facebook,2025-09-23 20:00:00,Lead,Lead,0.0
6382,Facebook,2025-09-23 21:00:00,Lead,Lead,0.0
6383,Google Ads,2025-09-23 22:00:00,Lead,Closed Won,3895.9021721890254
6384,Google Ads,2025-09-23 23:00:00,Lead,Lead,0.0
6385,Facebook,2025-09-24 00:00:00,Lead,Lead,0.0
6386,Facebook,2025-09-24 01:00:00,Lead,Lead,0.0
6387,Facebook,2025-09-24 02:00:00,Lead,SQL,0.0
6388,Email,2025-09-24 03:00:00,Lead,Lead,0.0
6389,Google Ads,2025-09-24 04:00:00,Lead,MQL,0.0
6390,Facebook,2025-09-24 05:00:00,Lead,Lead,0.0
6391,Google Ads,2025-09-24 06:00:00,Lead,MQL,0.0
6392,Facebook,2025-09-24 07:00:00,Lead,MQL,0.0
6393,Email,2025-09-24 08:00:00,Lead,Lead,0.0
6394,Email,2025-09-24 09:00:00,Lead,MQL,0.0
6395,Referral,2025-09-24 10:00:00,Lead,Lead,0.0
6396,Google Ads,2025-09-24 11:00:00,Lead,Lead,0.0
6397,Facebook,2025-09-24 12:00:00,Lead,MQL,0.0
6398,Google Ads,2025-09-24 13:00:00,Lead,Lead,0.0
6399,Facebook,2025-09-24 14:00:00,Lead,Lead,0.0
6400,Organic,2025-09-24 15:00:00,Lead,Lead,0.0
6401,Email,2025-09-24 16:00:00,Lead,SQL,0.0
6402,Organic,2025-09-24 17:00:00,Lead,MQL,0.0
6403,Google Ads,2025-09-24 18:00:00,Lead,Lead,0.0
6404,Organic,2025-09-24 19:00:00,Lead,Lead,0.0
6405,Google Ads,2025-09-24 20:00:00,Lead,Lead,0.0
6406,Organic,2025-09-24 21:00:00,Lead,Lead,0.0
6407,Google Ads,2025-09-24 22:00:00,Lead,Lead,0.0
6408,Google Ads,2025-09-24 23:00:00,Lead,MQL,0.0
6409,Facebook,2025-09-25 00:00:00,Lead,MQL,0.0
6410,Organic,2025-09-25 01:00:00,Lead,Lead,0.0
6411,Google Ads,2025-09-25 02:00:00,Lead,MQL,0.0
6412,Google Ads,2025-09-25 03:00:00,Lead,MQL,0.0
6413,Organic,2025-09-25 04:00:00,Lead,MQL,0.0
6414,Google Ads,2025-09-25 05:00:00,Lead,Lead,0.0
6415,Google Ads,2025-09-25 06:00:00,Lead,Lead,0.0
6416,Facebook,2025-09-25 07:00:00,Lead,MQL,0.0
6417,Google Ads,2025-09-25 08:00:00,Lead,MQL,0.0
6418,Organic,2025-09-25 09:00:00,Lead,Lead,0.0
6419,Email,2025-09-25 10:00:00,Lead,Lead,0.0
6420,Facebook,2025-09-25 11:00:00,Lead,Lead,0.0
6421,Referral,2025-09-25 12:00:00,Lead,Lead,0.0
6422,Facebook,2025-09-25 13:00:00,Lead,Lead,0.0
6423,Google Ads,2025-09-25 14:00:00,Lead,MQL,0.0
6424,Google Ads,2025-09-25 15:00:00,Lead,SQL,0.0
6425,Facebook,2025-09-25 16:00:00,Lead,Lead,0.0
6426,Google Ads,2025-09-25 17:00:00,Lead,MQL,0.0
6427,Organic,2025-09-25 18:00:00,Lead,MQL,0.0
6428,Email,2025-09-25 19:00:00,Lead,Lead,0.0
6429,Google Ads,2025-09-25 20:00:00,Lead,Lead,0.0
6430,Facebook,2025-09-25 21:00:00,Lead,Lead,0.0
6431,Email,2025-09-25 22:00:00,Lead,MQL,0.0
6432,Organic,2025-09-25 23:00:00,Lead,SQL,0.0
6433,Organic,2025-09-26 00:00:00,Lead,MQL,0.0
6434,Facebook,2025-09-26 01:00:00,Lead,Lead,0.0
6435,Email,2025-09-26 02:00:00,Lead,MQL,0.0
6436,Facebook,2025-09-26 03:00:00,Lead,Lead,0.0
6437,Facebook,2025-09-26 04:00:00,Lead,Lead,0.0
6438,Google Ads,2025-09-26 05:00:00,Lead,Lead,0.0
6439,Google Ads,2025-09-26 06:00:00,Lead,MQL,0.0
6440,Facebook,2025-09-26 07:00:00,Lead,MQL,0.0
6441,Google Ads,2025-09-26 08:00:00,Lead,SQL,0.0
6442,Google Ads,2025-09-26 09:00:00,Lead,Lead,0.0
6443,Email,2025-09-26 10:00:00,Lead,Lead,0.0
6444,Google Ads,2025-09-26 11:00:00,Lead,Lead,0.0
6445,Facebook,2025-09-26 12:00:00,Lead,Lead,0.0
6446,Facebook,2025-09-26 13:00:00,Lead,Lead,0.0
6447,Referral,2025-09-26 14:00:00,Lead,MQL,0.0
6448,Facebook,2025-09-26 15:00:00,Lead,SQL,0.0
6449,Google Ads,2025-09-26 16:00:00,Lead,MQL,0.0
6450,Facebook,2025-09-26 17:00:00,Lead,SQL,0.0
6451,Organic,2025-09-26 18:00:00,Lead,Lead,0.0
6452,Referral,2025-09-26 19:00:00,Lead,Lead,0.0
6453,Facebook,2025-09-26 20:00:00,Lead,Lead,0.0
6454,Google Ads,2025-09-26 21:00:00,Lead,MQL,0.0
6455,Organic,2025-09-26 22:00:00,Lead,MQL,0.0
6456,Google Ads,2025-09-26 23:00:00,Lead,MQL,0.0
6457,Facebook,2025-09-27 00:00:00,Lead,Lead,0.0
6458,Facebook,2025-09-27 01:00:00,Lead,MQL,0.0
6459,Google Ads,2025-09-27 02:00:00,Lead,SQL,0.0
6460,Google Ads,2025-09-27 03:00:00,Lead,SQL,0.0
6461,Google Ads,2025-09-27 04:00:00,Lead,Lead,0.0
6462,Email,2025-09-27 05:00:00,Lead,MQL,0.0
6463,Organic,2025-09-27 06:00:00,Lead,Lead,0.0
6464,Google Ads,2025-09-27 07:00:00,Lead,Lead,0.0
6465,Organic,2025-09-27 08:00:00,Lead,Lead,0.0
6466,Google Ads,2025-09-27 09:00:00,Lead,Lead,0.0
6467,Facebook,2025-09-27 10:00:00,Lead,Lead,0.0
6468,Google Ads,2025-09-27 11:00:00,Lead,SQL,0.0
6469,Organic,2025-09-27 12:00:00,Lead,Lead,0.0
6470,Email,2025-09-27 13:00:00,Lead,Lead,0.0
6471,Email,2025-09-27 14:00:00,Lead,MQL,0.0
6472,Organic,2025-09-27 15:00:00,Lead,Lead,0.0
6473,Facebook,2025-09-27 16:00:00,Lead,Lead,0.0
6474,Referral,2025-09-27 17:00:00,Lead,Lead,0.0
6475,Email,2025-09-27 18:00:00,Lead,Lead,0.0
6476,Organic,2025-09-27 19:00:00,Lead,MQL,0.0
6477,Facebook,2025-09-27 20:00:00,Lead,Lead,0.0
6478,Google Ads,2025-09-27 21:00:00,Lead,SQL,0.0
6479,Facebook,2025-09-27 22:00:00,Lead,Lead,0.0
6480,Google Ads,2025-09-27 23:00:00,Lead,Closed Lost,0.0
6481,Facebook,2025-09-28 00:00:00,Lead,Lead,0.0
6482,Facebook,2025-09-28 01:00:00,Lead,Lead,0.0
6483,Facebook,2025-09-28 02:00:00,Lead,Lead,0.0
6484,Google Ads,2025-09-28 03:00:00,Lead,SQL,0.0
6485,Google Ads,2025-09-28 04:00:00,Lead,SQL,0.0
6486,Facebook,2025-09-28 05:00:00,Lead,Lead,0.0
6487,Referral,2025-09-28 06:00:00,Lead,Lead,0.0
6488,Google Ads,2025-09-28 07:00:00,Lead,Lead,0.0
6489,Facebook,2025-09-28 08:00:00,Lead,Lead,0.0
6490,Email,2025-09-28 09:00:00,Lead,Lead,0.0
6491,Facebook,2025-09-28 10:00:00,Lead,MQL,0.0
6492,Google Ads,2025-09-28 11:00:00,Lead,SQL,0.0
6493,Facebook,2025-09-28 12:00:00,Lead,Lead,0.0
6494,Google Ads,2025-09-28 13:00:00,Lead,Lead,0.0
6495,Referral,2025-09-28 14:00:00,Lead,Lead,0.0
6496,Google Ads,2025-09-28 15:00:00,Lead,Lead,0.0
6497,Google Ads,2025-09-28 16:00:00,Lead,Lead,0.0
6498,Google Ads,2025-09-28 17:00:00,Lead,Lead,0.0
6499,Google Ads,2025-09-28 18:00:00,Lead,Lead,0.0
6500,Email,2025-09-28 19:00:00,Lead,Lead,0.0
6501,Google Ads,2025-09-28 20:00:00,Lead,SQL,0.0
6502,Google Ads,2025-09-28 21:00:00,Lead,MQL,0.0
6503,Facebook,2025-09-28 22:00:00,Lead,Lead,0.0
6504,Google Ads,2025-09-28 23:00:00,Lead,Lead,0.0
6505,Google Ads,2025-09-29 00:00:00,Lead,MQL,0.0
6506,Organic,2025-09-29 01:00:00,Lead,Lead,0.0
6507,Email,2025-09-29 02:00:00,Lead,Lead,0.0
6508,Organic,2025-09-29 03:00:00,Lead,Lead,0.0
6509,Organic,2025-09-29 04:00:00,Lead,Lead,0.0
6510,Email,2025-09-29 05:00:00,Lead,Lead,0.0
6511,Google Ads,2025-09-29 06:00:00,Lead,MQL,0.0
6512,Email,2025-09-29 07:00:00,Lead,MQL,0.0
6513,Organic,2025-09-29 08:00:00,Lead,MQL,0.0
6514,Email,2025-09-29 09:00:00,Lead,SQL,0.0
6515,Facebook,2025-09-29 10:00:00,Lead,Lead,0.0
6516,Google Ads,2025-09-29 11:00:00,Lead,MQL,0.0
6517,Organic,2025-09-29 12:00:00,Lead,Lead,0.0
6518,Email,2025-09-29 13:00:00,Lead,MQL,0.0
6519,Referral,2025-09-29 14:00:00,Lead,Lead,0.0
6520,Google Ads,2025-09-29 15:00:00,Lead,Lead,0.0
6521,Google Ads,2025-09-29 16:00:00,Lead,Lead,0.0
6522,Google Ads,2025-09-29 17:00:00,Lead,Lead,0.0
6523,Email,2025-09-29 18:00:00,Lead,MQL,0.0
6524,Google Ads,2025-09-29 19:00:00,Lead,MQL,0.0
6525,Google Ads,2025-09-29 20:00:00,Lead,MQL,0.0
6526,Referral,2025-09-29 21:00:00,Lead,MQL,0.0
6527,Google Ads,2025-09-29 22:00:00,Lead,MQL,0.0
6528,Organic,2025-09-29 23:00:00,Lead,Lead,0.0
6529,Google Ads,2025-09-30 00:00:00,Lead,Lead,0.0
6530,Organic,2025-09-30 01:00:00,Lead,SQL,0.0
6531,Facebook,2025-09-30 02:00:00,Lead,Lead,0.0
6532,Organic,2025-09-30 03:00:00,Lead,Closed Lost,0.0
6533,Organic,2025-09-30 04:00:00,Lead,Lead,0.0
6534,Google Ads,2025-09-30 05:00:00,Lead,SQL,0.0
6535,Google Ads,2025-09-30 06:00:00,Lead,Lead,0.0
6536,Google Ads,2025-09-30 07:00:00,Lead,Lead,0.0
6537,Email,2025-09-30 08:00:00,Lead,MQL,0.0
6538,Organic,2025-09-30 09:00:00,Lead,MQL,0.0
6539,Facebook,2025-09-30 10:00:00,Lead,Lead,0.0
6540,Facebook,2025-09-30 11:00:00,Lead,MQL,0.0
6541,Google Ads,2025-09-30 12:00:00,Lead,Lead,0.0
6542,Organic,2025-09-30 13:00:00,Lead,MQL,0.0
6543,Referral,2025-09-30 14:00:00,Lead,MQL,0.0
6544,Google Ads,2025-09-30 15:00:00,Lead,MQL,0.0
6545,Facebook,2025-09-30 16:00:00,Lead,SQL,0.0
6546,Google Ads,2025-09-30 17:00:00,Lead,MQL,0.0
6547,Facebook,2025-09-30 18:00:00,Lead,MQL,0.0
6548,Facebook,2025-09-30 19:00:00,Lead,MQL,0.0
6549,Google Ads,2025-09-30 20:00:00,Lead,Lead,0.0
6550,Facebook,2025-09-30 21:00:00,Lead,Lead,0.0
6551,Google Ads,2025-09-30 22:00:00,Lead,Lead,0.0
6552,Facebook,2025-09-30 23:00:00,Lead,Lead,0.0
6553,Facebook,2025-10-01 00:00:00,Lead,Lead,0.0
6554,Google Ads,2025-10-01 01:00:00,Lead,MQL,0.0
6555,Email,2025-10-01 02:00:00,Lead,Lead,0.0
6556,Email,2025-10-01 03:00:00,Lead,MQL,0.0
6557,Google Ads,2025-10-01 04:00:00,Lead,MQL,0.0
6558,Google Ads,2025-10-01 05:00:00,Lead,Lead,0.0
6559,Email,2025-10-01 06:00:00,Lead,Lead,0.0
6560,Referral,2025-10-01 07:00:00,Lead,Lead,0.0
6561,Google Ads,2025-10-01 08:00:00,Lead,Lead,0.0
6562,Google Ads,2025-10-01 09:00:00,Lead,Lead,0.0
6563,Google Ads,2025-10-01 10:00:00,Lead,Lead,0.0
6564,Facebook,2025-10-01 11:00:00,Lead,MQL,0.0
6565,Google Ads,2025-10-01 12:00:00,Lead,Lead,0.0
6566,Google Ads,2025-10-01 13:00:00,Lead,MQL,0.0
6567,Email,2025-10-01 14:00:00,Lead,Lead,0.0
6568,Facebook,2025-10-01 15:00:00,Lead,Lead,0.0
6569,Google Ads,2025-10-01 16:00:00,Lead,Lead,0.0
6570,Facebook,2025-10-01 17:00:00,Lead,SQL,0.0
6571,Facebook,2025-10-01 18:00:00,Lead,Closed Won,1814.932192402658
6572,Google Ads,2025-10-01 19:00:00,Lead,Closed Won,6255.69961987786
6573,Google Ads,2025-10-01 20:00:00,Lead,Lead,0.0
6574,Organic,2025-10-01 21:00:00,Lead,MQL,0.0
6575,Google Ads,2025-10-01 22:00:00,Lead,SQL,0.0
6576,Email,2025-10-01 23:00:00,Lead,Lead,0.0
6577,Organic,2025-10-02 00:00:00,Lead,Lead,0.0
6578,Google Ads,2025-10-02 01:00:00,Lead,Lead,0.0
6579,Google Ads,2025-10-02 02:00:00,Lead,Lead,0.0
6580,Facebook,2025-10-02 03:00:00,Lead,SQL,0.0
6581,Organic,2025-10-02 04:00:00,Lead,Lead,0.0
6582,Organic,2025-10-02 05:00:00,Lead,MQL,0.0
6583,Email,2025-10-02 06:00:00,Lead,MQL,0.0
6584,Google Ads,2025-10-02 07:00:00,Lead,Lead,0.0
6585,Email,2025-10-02 08:00:00,Lead,Lead,0.0
6586,Facebook,2025-10-02 09:00:00,Lead,MQL,0.0
6587,Facebook,2025-10-02 10:00:00,Lead,Lead,0.0
6588,Google Ads,2025-10-02 11:00:00,Lead,SQL,0.0
6589,Google Ads,2025-10-02 12:00:00,Lead,Lead,0.0
6590,Email,2025-10-02 13:00:00,Lead,MQL,0.0
6591,Facebook,2025-10-02 14:00:00,Lead,Lead,0.0
6592,Google Ads,2025-10-02 15:00:00,Lead,MQL,0.0
6593,Google Ads,2025-10-02 16:00:00,Lead,Closed Lost,0.0
6594,Organic,2025-10-02 17:00:00,Lead,MQL,0.0
6595,Email,2025-10-02 18:00:00,Lead,SQL,0.0
6596,Google Ads,2025-10-02 19:00:00,Lead,Lead,0.0
6597,Google Ads,2025-10-02 20:00:00,Lead,Lead,0.0
6598,Google Ads,2025-10-02 21:00:00,Lead,Lead,0.0
6599,Organic,2025-10-02 22:00:00,Lead,MQL,0.0
6600,Facebook,2025-10-02 23:00:00,Lead,MQL,0.0
6601,Facebook,2025-10-03 00:00:00,Lead,Lead,0.0
6602,Facebook,2025-10-03 01:00:00,Lead,MQL,0.0
6603,Google Ads,2025-10-03 02:00:00,Lead,Lead,0.0
6604,Organic,2025-10-03 03:00:00,Lead,Lead,0.0
6605,Facebook,2025-10-03 04:00:00,Lead,MQL,0.0
6606,Google Ads,2025-10-03 05:00:00,Lead,Lead,0.0
6607,Google Ads,2025-10-03 06:00:00,Lead,SQL,0.0
6608,Facebook,2025-10-03 07:00:00,Lead,SQL,0.0
6609,Organic,2025-10-03 08:00:00,Lead,Lead,0.0
6610,Google Ads,2025-10-03 09:00:00,Lead,Lead,0.0
6611,Organic,2025-10-03 10:00:00,Lead,MQL,0.0
6612,Email,2025-10-03 11:00:00,Lead,Lead,0.0
6613,Google Ads,2025-10-03 12:00:00,Lead,MQL,0.0
6614,Google Ads,2025-10-03 13:00:00,Lead,Lead,0.0
6615,Google Ads,2025-10-03 14:00:00,Lead,Lead,0.0
6616,Email,2025-10-03 15:00:00,Lead,Lead,0.0
6617,Google Ads,2025-10-03 16:00:00,Lead,MQL,0.0
6618,Google Ads,2025-10-03 17:00:00,Lead,Lead,0.0
6619,Facebook,2025-10-03 18:00:00,Lead,Lead,0.0
6620,Email,2025-10-03 19:00:00,Lead,Lead,0.0
6621,Google Ads,2025-10-03 20:00:00,Lead,Closed Won,4807.70263872177
6622,Facebook,2025-10-03 21:00:00,Lead,Lead,0.0
6623,Facebook,2025-10-03 22:00:00,Lead,MQL,0.0
6624,Facebook,2025-10-03 23:00:00,Lead,MQL,0.0
6625,Organic,2025-10-04 00:00:00,Lead,Lead,0.0
6626,Google Ads,2025-10-04 01:00:00,Lead,Lead,0.0
6627,Organic,2025-10-04 02:00:00,Lead,Lead,0.0
6628,Email,2025-10-04 03:00:00,Lead,SQL,0.0
6629,Facebook,2025-10-04 04:00:00,Lead,Lead,0.0
6630,Email,2025-10-04 05:00:00,Lead,MQL,0.0
6631,Facebook,2025-10-04 06:00:00,Lead,Closed Won,3479.6036742339
6632,Google Ads,2025-10-04 07:00:00,Lead,MQL,0.0
6633,Email,2025-10-04 08:00:00,Lead,SQL,0.0
6634,Facebook,2025-10-04 09:00:00,Lead,MQL,0.0
6635,Facebook,2025-10-04 10:00:00,Lead,Lead,0.0
6636,Google Ads,2025-10-04 11:00:00,Lead,Lead,0.0
6637,Organic,2025-10-04 12:00:00,Lead,Lead,0.0
6638,Facebook,2025-10-04 13:00:00,Lead,MQL,0.0
6639,Google Ads,2025-10-04 14:00:00,Lead,Lead,0.0
6640,Facebook,2025-10-04 15:00:00,Lead,Lead,0.0
6641,Email,2025-10-04 16:00:00,Lead,SQL,0.0
6642,Email,2025-10-04 17:00:00,Lead,Lead,0.0
6643,Facebook,2025-10-04 18:00:00,Lead,Lead,0.0
6644,Organic,2025-10-04 19:00:00,Lead,SQL,0.0
6645,Google Ads,2025-10-04 20:00:00,Lead,Lead,0.0
6646,Facebook,2025-10-04 21:00:00,Lead,SQL,0.0
6647,Organic,2025-10-04 22:00:00,Lead,Lead,0.0
6648,Organic,2025-10-04 23:00:00,Lead,Lead,0.0
6649,Email,2025-10-05 00:00:00,Lead,Lead,0.0
6650,Organic,2025-10-05 01:00:00,Lead,Lead,0.0
6651,Google Ads,2025-10-05 02:00:00,Lead,MQL,0.0
6652,Organic,2025-10-05 03:00:00,Lead,Lead,0.0
6653,Google Ads,2025-10-05 04:00:00,Lead,Lead,0.0
6654,Google Ads,2025-10-05 05:00:00,Lead,Lead,0.0
6655,Google Ads,2025-10-05 06:00:00,Lead,MQL,0.0
6656,Facebook,2025-10-05 07:00:00,Lead,Lead,0.0
6657,Google Ads,2025-10-05 08:00:00,Lead,Lead,0.0
6658,Google Ads,2025-10-05 09:00:00,Lead,MQL,0.0
6659,Google Ads,2025-10-05 10:00:00,Lead,Lead,0.0
6660,Google Ads,2025-10-05 11:00:00,Lead,SQL,0.0
6661,Facebook,2025-10-05 12:00:00,Lead,SQL,0.0
6662,Facebook,2025-10-05 13:00:00,Lead,Lead,0.0
6663,Google Ads,2025-10-05 14:00:00,Lead,Lead,0.0
6664,Email,2025-10-05 15:00:00,Lead,MQL,0.0
6665,Organic,2025-10-05 16:00:00,Lead,SQL,0.0
6666,Email,2025-10-05 17:00:00,Lead,Lead,0.0
6667,Google Ads,2025-10-05 18:00:00,Lead,SQL,0.0
6668,Email,2025-10-05 19:00:00,Lead,Lead,0.0
6669,Google Ads,2025-10-05 20:00:00,Lead,Lead,0.0
6670,Google Ads,2025-10-05 21:00:00,Lead,Lead,0.0
6671,Google Ads,2025-10-05 22:00:00,Lead,Closed Won,3349.6634304787117
6672,Organic,2025-10-05 23:00:00,Lead,MQL,0.0
6673,Google Ads,2025-10-06 00:00:00,Lead,SQL,0.0
6674,Google Ads,2025-10-06 01:00:00,Lead,MQL,0.0
6675,Google Ads,2025-10-06 02:00:00,Lead,Lead,0.0
6676,Organic,2025-10-06 03:00:00,Lead,MQL,0.0
6677,Facebook,2025-10-06 04:00:00,Lead,Lead,0.0
6678,Google Ads,2025-10-06 05:00:00,Lead,Lead,0.0
6679,Facebook,2025-10-06 06:00:00,Lead,MQL,0.0
6680,Facebook,2025-10-06 07:00:00,Lead,MQL,0.0
6681,Email,2025-10-06 08:00:00,Lead,Lead,0.0
6682,Google Ads,2025-10-06 09:00:00,Lead,Lead,0.0
6683,Organic,2025-10-06 10:00:00,Lead,Lead,0.0
6684,Google Ads,2025-10-06 11:00:00,Lead,MQL,0.0
6685,Email,2025-10-06 12:00:00,Lead,Lead,0.0
6686,Google Ads,2025-10-06 13:00:00,Lead,Lead,0.0
6687,Google Ads,2025-10-06 14:00:00,Lead,MQL,0.0
6688,Google Ads,2025-10-06 15:00:00,Lead,Lead,0.0
6689,Facebook,2025-10-06 16:00:00,Lead,SQL,0.0
6690,Google Ads,2025-10-06 17:00:00,Lead,Lead,0.0
6691,Email,2025-10-06 18:00:00,Lead,Lead,0.0
6692,Google Ads,2025-10-06 19:00:00,Lead,Lead,0.0
6693,Email,2025-10-06 20:00:00,Lead,MQL,0.0
6694,Organic,2025-10-06 21:00:00,Lead,Lead,0.0
6695,Facebook,2025-10-06 22:00:00,Lead,SQL,0.0
6696,Email,2025-10-06 23:00:00,Lead,Lead,0.0
6697,Email,2025-10-07 00:00:00,Lead,Closed Lost,0.0
6698,Google Ads,2025-10-07 01:00:00,Lead,MQL,0.0
6699,Organic,2025-10-07 02:00:00,Lead,MQL,0.0
6700,Google Ads,2025-10-07 03:00:00,Lead,Lead,0.0
6701,Facebook,2025-10-07 04:00:00,Lead,Lead,0.0
6702,Email,2025-10-07 05:00:00,Lead,Lead,0.0
6703,Google Ads,2025-10-07 06:00:00,Lead,Lead,0.0
6704,Google Ads,2025-10-07 07:00:00,Lead,MQL,0.0
6705,Facebook,2025-10-07 08:00:00,Lead,SQL,0.0
6706,Organic,2025-10-07 09:00:00,Lead,Lead,0.0
6707,Organic,2025-10-07 10:00:00,Lead,Lead,0.0
6708,Facebook,2025-10-07 11:00:00,Lead,Lead,0.0
6709,Email,2025-10-07 12:00:00,Lead,Lead,0.0
6710,Organic,2025-10-07 13:00:00,Lead,Lead,0.0
6711,Google Ads,2025-10-07 14:00:00,Lead,Lead,0.0
6712,Google Ads,2025-10-07 15:00:00,Lead,Lead,0.0
6713,Email,2025-10-07 16:00:00,Lead,SQL,0.0
6714,Organic,2025-10-07 17:00:00,Lead,SQL,0.0
6715,Organic,2025-10-07 18:00:00,Lead,MQL,0.0
6716,Facebook,2025-10-07 19:00:00,Lead,Lead,0.0
6717,Google Ads,2025-10-07 20:00:00,Lead,Lead,0.0
6718,Facebook,2025-10-07 21:00:00,Lead,Lead,0.0
6719,Google Ads,2025-10-07 22:00:00,Lead,Lead,0.0
6720,Google Ads,2025-10-07 23:00:00,Lead,Lead,0.0
6721,Email,2025-10-08 00:00:00,Lead,Lead,0.0
6722,Google Ads,2025-10-08 01:00:00,Lead,Closed Lost,0.0
6723,Organic,2025-10-08 02:00:00,Lead,Lead,0.0
6724,Facebook,2025-10-08 03:00:00,Lead,Lead,0.0
6725,Facebook,2025-10-08 04:00:00,Lead,SQL,0.0
6726,Google Ads,2025-10-08 05:00:00,Lead,MQL,0.0
6727,Google Ads,2025-10-08 06:00:00,Lead,Lead,0.0
6728,Google Ads,2025-10-08 07:00:00,Lead,Lead,0.0
6729,Referral,2025-10-08 08:00:00,Lead,MQL,0.0
6730,Organic,2025-10-08 09:00:00,Lead,Lead,0.0
6731,Facebook,2025-10-08 10:00:00,Lead,Lead,0.0
6732,Google Ads,2025-10-08 11:00:00,Lead,Lead,0.0
6733,Organic,2025-10-08 12:00:00,Lead,Lead,0.0
6734,Google Ads,2025-10-08 13:00:00,Lead,MQL,0.0
6735,Google Ads,2025-10-08 14:00:00,Lead,Lead,0.0
6736,Facebook,2025-10-08 15:00:00,Lead,Closed Lost,0.0
6737,Organic,2025-10-08 16:00:00,Lead,MQL,0.0
6738,Google Ads,2025-10-08 17:00:00,Lead,Lead,0.0
6739,Google Ads,2025-10-08 18:00:00,Lead,SQL,0.0
6740,Organic,2025-10-08 19:00:00,Lead,Lead,0.0
6741,Google Ads,2025-10-08 20:00:00,Lead,MQL,0.0
6742,Google Ads,2025-10-08 21:00:00,Lead,Lead,0.0
6743,Facebook,2025-10-08 22:00:00,Lead,Lead,0.0
6744,Organic,2025-10-08 23:00:00,Lead,MQL,0.0
6745,Facebook,2025-10-09 00:00:00,Lead,Lead,0.0
6746,Referral,2025-10-09 01:00:00,Lead,SQL,0.0
6747,Email,2025-10-09 02:00:00,Lead,Lead,0.0
6748,Google Ads,2025-10-09 03:00:00,Lead,MQL,0.0
6749,Referral,2025-10-09 04:00:00,Lead,Lead,0.0
6750,Facebook,2025-10-09 05:00:00,Lead,Lead,0.0
6751,Google Ads,2025-10-09 06:00:00,Lead,MQL,0.0
6752,Facebook,2025-10-09 07:00:00,Lead,MQL,0.0
6753,Google Ads,2025-10-09 08:00:00,Lead,Lead,0.0
6754,Google Ads,2025-10-09 09:00:00,Lead,MQL,0.0
6755,Google Ads,2025-10-09 10:00:00,Lead,MQL,0.0
6756,Facebook,2025-10-09 11:00:00,Lead,MQL,0.0
6757,Organic,2025-10-09 12:00:00,Lead,MQL,0.0
6758,Facebook,2025-10-09 13:00:00,Lead,Lead,0.0
6759,Referral,2025-10-09 14:00:00,Lead,Lead,0.0
6760,Google Ads,2025-10-09 15:00:00,Lead,MQL,0.0
6761,Google Ads,2025-10-09 16:00:00,Lead,MQL,0.0
6762,Google Ads,2025-10-09 17:00:00,Lead,Lead,0.0
6763,Google Ads,2025-10-09 18:00:00,Lead,Lead,0.0
6764,Google Ads,2025-10-09 19:00:00,Lead,Lead,0.0
6765,Email,2025-10-09 20:00:00,Lead,MQL,0.0
6766,Organic,2025-10-09 21:00:00,Lead,MQL,0.0
6767,Referral,2025-10-09 22:00:00,Lead,Lead,0.0
6768,Google Ads,2025-10-09 23:00:00,Lead,Lead,0.0
6769,Organic,2025-10-10 00:00:00,Lead,Lead,0.0
6770,Google Ads,2025-10-10 01:00:00,Lead,MQL,0.0
6771,Google Ads,2025-10-10 02:00:00,Lead,MQL,0.0
6772,Organic,2025-10-10 03:00:00,Lead,Lead,0.0
6773,Facebook,2025-10-10 04:00:00,Lead,MQL,0.0
6774,Google Ads,2025-10-10 05:00:00,Lead,MQL,0.0
6775,Facebook,2025-10-10 06:00:00,Lead,MQL,0.0
6776,Google Ads,2025-10-10 07:00:00,Lead,Lead,0.0
6777,Email,2025-10-10 08:00:00,Lead,MQL,0.0
6778,Facebook,2025-10-10 09:00:00,Lead,Lead,0.0
6779,Referral,2025-10-10 10:00:00,Lead,MQL,0.0
6780,Google Ads,2025-10-10 11:00:00,Lead,SQL,0.0
6781,Google Ads,2025-10-10 12:00:00,Lead,MQL,0.0
6782,Facebook,2025-10-10 13:00:00,Lead,Lead,0.0
6783,Facebook,2025-10-10 14:00:00,Lead,Lead,0.0
6784,Google Ads,2025-10-10 15:00:00,Lead,SQL,0.0
6785,Email,2025-10-10 16:00:00,Lead,Lead,0.0
6786,Organic,2025-10-10 17:00:00,Lead,Lead,0.0
6787,Organic,2025-10-10 18:00:00,Lead,SQL,0.0
6788,Organic,2025-10-10 19:00:00,Lead,MQL,0.0
6789,Organic,2025-10-10 20:00:00,Lead,Lead,0.0
6790,Facebook,2025-10-10 21:00:00,Lead,Lead,0.0
6791,Organic,2025-10-10 22:00:00,Lead,MQL,0.0
6792,Google Ads,2025-10-10 23:00:00,Lead,MQL,0.0
6793,Google Ads,2025-10-11 00:00:00,Lead,MQL,0.0
6794,Google Ads,2025-10-11 01:00:00,Lead,Lead,0.0
6795,Facebook,2025-10-11 02:00:00,Lead,MQL,0.0
6796,Google Ads,2025-10-11 03:00:00,Lead,Lead,0.0
6797,Referral,2025-10-11 04:00:00,Lead,SQL,0.0
6798,Google Ads,2025-10-11 05:00:00,Lead,Lead,0.0
6799,Google Ads,2025-10-11 06:00:00,Lead,Lead,0.0
6800,Facebook,2025-10-11 07:00:00,Lead,Lead,0.0
6801,Google Ads,2025-10-11 08:00:00,Lead,Lead,0.0
6802,Google Ads,2025-10-11 09:00:00,Lead,Lead,0.0
6803,Google Ads,2025-10-11 10:00:00,Lead,Lead,0.0
6804,Facebook,2025-10-11 11:00:00,Lead,MQL,0.0
6805,Facebook,2025-10-11 12:00:00,Lead,MQL,0.0
6806,Email,2025-10-11 13:00:00,Lead,Lead,0.0
6807,Email,2025-10-11 14:00:00,Lead,Closed Lost,0.0
6808,Facebook,2025-10-11 15:00:00,Lead,Lead,0.0
6809,Google Ads,2025-10-11 16:00:00,Lead,Lead,0.0
6810,Google Ads,2025-10-11 17:00:00,Lead,Closed Lost,0.0
6811,Email,2025-10-11 18:00:00,Lead,SQL,0.0
6812,Google Ads,2025-10-11 19:00:00,Lead,Lead,0.0
6813,Google Ads,2025-10-11 20:00:00,Lead,Lead,0.0
6814,Email,2025-10-11 21:00:00,Lead,Lead,0.0
6815,Facebook,2025-10-11 22:00:00,Lead,MQL,0.0
6816,Google Ads,2025-10-11 23:00:00,Lead,MQL,0.0
6817,Google Ads,2025-10-12 00:00:00,Lead,Lead,0.0
6818,Organic,2025-10-12 01:00:00,Lead,Lead,0.0
6819,Organic,2025-10-12 02:00:00,Lead,Lead,0.0
6820,Email,2025-10-12 03:00:00,Lead,Lead,0.0
6821,Facebook,2025-10-12 04:00:00,Lead,Lead,0.0
6822,Facebook,2025-10-12 05:00:00,Lead,MQL,0.0
6823,Referral,2025-10-12 06:00:00,Lead,MQL,0.0
6824,Referral,2025-10-12 07:00:00,Lead,SQL,0.0
6825,Google Ads,2025-10-12 08:00:00,Lead,MQL,0.0
6826,Organic,2025-10-12 09:00:00,Lead,MQL,0.0
6827,Google Ads,2025-10-12 10:00:00,Lead,Lead,0.0
6828,Google Ads,2025-10-12 11:00:00,Lead,Lead,0.0
6829,Email,2025-10-12 12:00:00,Lead,SQL,0.0
6830,Facebook,2025-10-12 13:00:00,Lead,MQL,0.0
6831,Organic,2025-10-12 14:00:00,Lead,Lead,0.0
6832,Google Ads,2025-10-12 15:00:00,Lead,Lead,0.0
6833,Facebook,2025-10-12 16:00:00,Lead,Closed Won,5278.895442585749
6834,Organic,2025-10-12 17:00:00,Lead,MQL,0.0
6835,Organic,2025-10-12 18:00:00,Lead,Lead,0.0
6836,Google Ads,2025-10-12 19:00:00,Lead,MQL,0.0
6837,Google Ads,2025-10-12 20:00:00,Lead,Closed Won,3588.060295795128
6838,Facebook,2025-10-12 21:00:00,Lead,Lead,0.0
6839,Google Ads,2025-10-12 22:00:00,Lead,Lead,0.0
6840,Referral,2025-10-12 23:00:00,Lead,MQL,0.0
6841,Organic,2025-10-13 00:00:00,Lead,Lead,0.0
6842,Google Ads,2025-10-13 01:00:00,Lead,Lead,0.0
6843,Google Ads,2025-10-13 02:00:00,Lead,Lead,0.0
6844,Google Ads,2025-10-13 03:00:00,Lead,Lead,0.0
6845,Organic,2025-10-13 04:00:00,Lead,MQL,0.0
6846,Google Ads,2025-10-13 05:00:00,Lead,Lead,0.0
6847,Facebook,2025-10-13 06:00:00,Lead,Lead,0.0
6848,Facebook,2025-10-13 07:00:00,Lead,Lead,0.0
6849,Facebook,2025-10-13 08:00:00,Lead,Lead,0.0
6850,Google Ads,2025-10-13 09:00:00,Lead,Lead,0.0
6851,Google Ads,2025-10-13 10:00:00,Lead,Lead,0.0
6852,Organic,2025-10-13 11:00:00,Lead,MQL,0.0
6853,Organic,2025-10-13 12:00:00,Lead,MQL,0.0
6854,Email,2025-10-13 13:00:00,Lead,SQL,0.0
6855,Google Ads,2025-10-13 14:00:00,Lead,Lead,0.0
6856,Google Ads,2025-10-13 15:00:00,Lead,MQL,0.0
6857,Facebook,2025-10-13 16:00:00,Lead,MQL,0.0
6858,Google Ads,2025-10-13 17:00:00,Lead,SQL,0.0
6859,Organic,2025-10-13 18:00:00,Lead,Lead,0.0
6860,Facebook,2025-10-13 19:00:00,Lead,MQL,0.0
6861,Google Ads,2025-10-13 20:00:00,Lead,Lead,0.0
6862,Organic,2025-10-13 21:00:00,Lead,SQL,0.0
6863,Referral,2025-10-13 22:00:00,Lead,MQL,0.0
6864,Google Ads,2025-10-13 23:00:00,Lead,Lead,0.0
6865,Facebook,2025-10-14 00:00:00,Lead,Lead,0.0
6866,Google Ads,2025-10-14 01:00:00,Lead,MQL,0.0
6867,Google Ads,2025-10-14 02:00:00,Lead,MQL,0.0
6868,Google Ads,2025-10-14 03:00:00,Lead,Lead,0.0
6869,Facebook,2025-10-14 04:00:00,Lead,MQL,0.0
6870,Referral,2025-10-14 05:00:00,Lead,SQL,0.0
6871,Facebook,2025-10-14 06:00:00,Lead,Lead,0.0
6872,Google Ads,2025-10-14 07:00:00,Lead,Lead,0.0
6873,Facebook,2025-10-14 08:00:00,Lead,MQL,0.0
6874,Google Ads,2025-10-14 09:00:00,Lead,MQL,0.0
6875,Organic,2025-10-14 10:00:00,Lead,Lead,0.0
6876,Facebook,2025-10-14 11:00:00,Lead,Lead,0.0
6877,Google Ads,2025-10-14 12:00:00,Lead,Lead,0.0
6878,Google Ads,2025-10-14 13:00:00,Lead,Lead,0.0
6879,Email,2025-10-14 14:00:00,Lead,Lead,0.0
6880,Google Ads,2025-10-14 15:00:00,Lead,Lead,0.0
6881,Email,2025-10-14 16:00:00,Lead,Lead,0.0
6882,Google Ads,2025-10-14 17:00:00,Lead,Lead,0.0
6883,Google Ads,2025-10-14 18:00:00,Lead,Lead,0.0
6884,Facebook,2025-10-14 19:00:00,Lead,Lead,0.0
6885,Organic,2025-10-14 20:00:00,Lead,SQL,0.0
6886,Organic,2025-10-14 21:00:00,Lead,Lead,0.0
6887,Google Ads,2025-10-14 22:00:00,Lead,Lead,0.0
6888,Google Ads,2025-10-14 23:00:00,Lead,MQL,0.0
6889,Google Ads,2025-10-15 00:00:00,Lead,Lead,0.0
6890,Facebook,2025-10-15 01:00:00,Lead,Lead,0.0
6891,Facebook,2025-10-15 02:00:00,Lead,MQL,0.0
6892,Organic,2025-10-15 03:00:00,Lead,Lead,0.0
6893,Organic,2025-10-15 04:00:00,Lead,MQL,0.0
6894,Google Ads,2025-10-15 05:00:00,Lead,SQL,0.0
6895,Facebook,2025-10-15 06:00:00,Lead,SQL,0.0
6896,Organic,2025-10-15 07:00:00,Lead,Lead,0.0
6897,Organic,2025-10-15 08:00:00,Lead,Lead,0.0
6898,Google Ads,2025-10-15 09:00:00,Lead,MQL,0.0
6899,Google Ads,2025-10-15 10:00:00,Lead,Lead,0.0
6900,Facebook,2025-10-15 11:00:00,Lead,Lead,0.0
6901,Google Ads,2025-10-15 12:00:00,Lead,Lead,0.0
6902,Google Ads,2025-10-15 13:00:00,Lead,Lead,0.0
6903,Google Ads,2025-10-15 14:00:00,Lead,Lead,0.0
6904,Facebook,2025-10-15 15:00:00,Lead,Lead,0.0
6905,Google Ads,2025-10-15 16:00:00,Lead,Closed Won,2858.937549387404
6906,Google Ads,2025-10-15 17:00:00,Lead,Lead,0.0
6907,Google Ads,2025-10-15 18:00:00,Lead,MQL,0.0
6908,Organic,2025-10-15 19:00:00,Lead,Lead,0.0
6909,Organic,2025-10-15 20:00:00,Lead,MQL,0.0
6910,Facebook,2025-10-15 21:00:00,Lead,Lead,0.0
6911,Facebook,2025-10-15 22:00:00,Lead,MQL,0.0
6912,Referral,2025-10-15 23:00:00,Lead,Lead,0.0
6913,Google Ads,2025-10-16 00:00:00,Lead,MQL,0.0
6914,Google Ads,2025-10-16 01:00:00,Lead,MQL,0.0
6915,Google Ads,2025-10-16 02:00:00,Lead,MQL,0.0
6916,Google Ads,2025-10-16 03:00:00,Lead,Lead,0.0
6917,Google Ads,2025-10-16 04:00:00,Lead,Closed Won,5792.8176406834455
6918,Organic,2025-10-16 05:00:00,Lead,Lead,0.0
6919,Facebook,2025-10-16 06:00:00,Lead,Lead,0.0
6920,Facebook,2025-10-16 07:00:00,Lead,Lead,0.0
6921,Organic,2025-10-16 08:00:00,Lead,MQL,0.0
6922,Google Ads,2025-10-16 09:00:00,Lead,Lead,0.0
6923,Google Ads,2025-10-16 10:00:00,Lead,Lead,0.0
6924,Facebook,2025-10-16 11:00:00,Lead,Lead,0.0
6925,Facebook,2025-10-16 12:00:00,Lead,Lead,0.0
6926,Google Ads,2025-10-16 13:00:00,Lead,MQL,0.0
6927,Facebook,2025-10-16 14:00:00,Lead,MQL,0.0
6928,Facebook,2025-10-16 15:00:00,Lead,Lead,0.0
6929,Email,2025-10-16 16:00:00,Lead,MQL,0.0
6930,Facebook,2025-10-16 17:00:00,Lead,Lead,0.0
6931,Google Ads,2025-10-16 18:00:00,Lead,Lead,0.0
6932,Google Ads,2025-10-16 19:00:00,Lead,SQL,0.0
6933,Facebook,2025-10-16 20:00:00,Lead,MQL,0.0
6934,Google Ads,2025-10-16 21:00:00,Lead,Lead,0.0
6935,Organic,2025-10-16 22:00:00,Lead,MQL,0.0
6936,Facebook,2025-10-16 23:00:00,Lead,Lead,0.0
6937,Google Ads,2025-10-17 00:00:00,Lead,MQL,0.0
6938,Email,2025-10-17 01:00:00,Lead,MQL,0.0
6939,Facebook,2025-10-17 02:00:00,Lead,Lead,0.0
6940,Google Ads,2025-10-17 03:00:00,Lead,Lead,0.0
6941,Organic,2025-10-17 04:00:00,Lead,MQL,0.0
6942,Organic,2025-10-17 05:00:00,Lead,MQL,0.0
6943,Email,2025-10-17 06:00:00,Lead,Lead,0.0
6944,Google Ads,2025-10-17 07:00:00,Lead,MQL,0.0
6945,Facebook,2025-10-17 08:00:00,Lead,Lead,0.0
6946,Email,2025-10-17 09:00:00,Lead,Lead,0.0
6947,Google Ads,2025-10-17 10:00:00,Lead,MQL,0.0
6948,Google Ads,2025-10-17 11:00:00,Lead,Lead,0.0
6949,Organic,2025-10-17 12:00:00,Lead,Lead,0.0
6950,Google Ads,2025-10-17 13:00:00,Lead,MQL,0.0
6951,Email,2025-10-17 14:00:00,Lead,MQL,0.0
6952,Facebook,2025-10-17 15:00:00,Lead,SQL,0.0
6953,Facebook,2025-10-17 16:00:00,Lead,MQL,0.0
6954,Google Ads,2025-10-17 17:00:00,Lead,Lead,0.0
6955,Organic,2025-10-17 18:00:00,Lead,SQL,0.0
6956,Google Ads,2025-10-17 19:00:00,Lead,MQL,0.0
6957,Facebook,2025-10-17 20:00:00,Lead,Lead,0.0
6958,Email,2025-10-17 21:00:00,Lead,Lead,0.0
6959,Email,2025-10-17 22:00:00,Lead,Lead,0.0
6960,Referral,2025-10-17 23:00:00,Lead,MQL,0.0
6961,Facebook,2025-10-18 00:00:00,Lead,Lead,0.0
6962,Google Ads,2025-10-18 01:00:00,Lead,Lead,0.0
6963,Referral,2025-10-18 02:00:00,Lead,Lead,0.0
6964,Facebook,2025-10-18 03:00:00,Lead,Lead,0.0
6965,Google Ads,2025-10-18 04:00:00,Lead,Lead,0.0
6966,Google Ads,2025-10-18 05:00:00,Lead,MQL,0.0
6967,Organic,2025-10-18 06:00:00,Lead,Closed Lost,0.0
6968,Google Ads,2025-10-18 07:00:00,Lead,Lead,0.0
6969,Email,2025-10-18 08:00:00,Lead,MQL,0.0
6970,Facebook,2025-10-18 09:00:00,Lead,MQL,0.0
6971,Google Ads,2025-10-18 10:00:00,Lead,Closed Lost,0.0
6972,Facebook,2025-10-18 11:00:00,Lead,MQL,0.0
6973,Google Ads,2025-10-18 12:00:00,Lead,MQL,0.0
6974,Facebook,2025-10-18 13:00:00,Lead,Lead,0.0
6975,Facebook,2025-10-18 14:00:00,Lead,MQL,0.0
6976,Facebook,2025-10-18 15:00:00,Lead,Lead,0.0
6977,Email,2025-10-18 16:00:00,Lead,MQL,0.0
6978,Organic,2025-10-18 17:00:00,Lead,MQL,0.0
6979,Email,2025-10-18 18:00:00,Lead,Lead,0.0
6980,Google Ads,2025-10-18 19:00:00,Lead,Lead,0.0
6981,Google Ads,2025-10-18 20:00:00,Lead,Lead,0.0
6982,Facebook,2025-10-18 21:00:00,Lead,MQL,0.0
6983,Organic,2025-10-18 22:00:00,Lead,MQL,0.0
6984,Organic,2025-10-18 23:00:00,Lead,Lead,0.0
6985,Organic,2025-10-19 00:00:00,Lead,SQL,0.0
6986,Google Ads,2025-10-19 01:00:00,Lead,Lead,0.0
6987,Facebook,2025-10-19 02:00:00,Lead,Lead,0.0
6988,Facebook,2025-10-19 03:00:00,Lead,SQL,0.0
6989,Google Ads,2025-10-19 04:00:00,Lead,Lead,0.0
6990,Google Ads,2025-10-19 05:00:00,Lead,Lead,0.0
6991,Organic,2025-10-19 06:00:00,Lead,Lead,0.0
6992,Google Ads,2025-10-19 07:00:00,Lead,Lead,0.0
6993,Google Ads,2025-10-19 08:00:00,Lead,Lead,0.0
6994,Google Ads,2025-10-19 09:00:00,Lead,Lead,0.0
6995,Organic,2025-10-19 10:00:00,Lead,Lead,0.0
6996,Facebook,2025-10-19 11:00:00,Lead,Lead,0.0
6997,Email,2025-10-19 12:00:00,Lead,MQL,0.0
6998,Organic,2025-10-19 13:00:00,Lead,SQL,0.0
6999,Google Ads,2025-10-19 14:00:00,Lead,Lead,0.0
7000,Facebook,2025-10-19 15:00:00,Lead,Lead,0.0
7001,Google Ads,2025-10-19 16:00:00,Lead,MQL,0.0
7002,Google Ads,2025-10-19 17:00:00,Lead,Lead,0.0
7003,Organic,2025-10-19 18:00:00,Lead,MQL,0.0
7004,Email,2025-10-19 19:00:00,Lead,MQL,0.0
7005,Google Ads,2025-10-19 20:00:00,Lead,Lead,0.0
7006,Google Ads,2025-10-19 21:00:00,Lead,Closed Won,3952.3663419640725
7007,Facebook,2025-10-19 22:00:00,Lead,MQL,0.0
7008,Google Ads,2025-10-19 23:00:00,Lead,Lead,0.0
7009,Google Ads,2025-10-20 00:00:00,Lead,MQL,0.0
7010,Google Ads,2025-10-20 01:00:00,Lead,Lead,0.0
7011,Google Ads,2025-10-20 02:00:00,Lead,Lead,0.0
7012,Organic,2025-10-20 03:00:00,Lead,MQL,0.0
7013,Google Ads,2025-10-20 04:00:00,Lead,SQL,0.0
7014,Google Ads,2025-10-20 05:00:00,Lead,MQL,0.0
7015,Facebook,2025-10-20 06:00:00,Lead,Lead,0.0
7016,Organic,2025-10-20 07:00:00,Lead,Lead,0.0
7017,Google Ads,2025-10-20 08:00:00,Lead,SQL,0.0
7018,Google Ads,2025-10-20 09:00:00,Lead,MQL,0.0
7019,Google Ads,2025-10-20 10:00:00,Lead,Lead,0.0
7020,Email,2025-10-20 11:00:00,Lead,Lead,0.0
7021,Facebook,2025-10-20 12:00:00,Lead,Lead,0.0
7022,Organic,2025-10-20 13:00:00,Lead,MQL,0.0
7023,Referral,2025-10-20 14:00:00,Lead,Lead,0.0
7024,Email,2025-10-20 15:00:00,Lead,MQL,0.0
7025,Facebook,2025-10-20 16:00:00,Lead,Lead,0.0
7026,Facebook,2025-10-20 17:00:00,Lead,MQL,0.0
7027,Google Ads,2025-10-20 18:00:00,Lead,Lead,0.0
7028,Referral,2025-10-20 19:00:00,Lead,MQL,0.0
7029,Google Ads,2025-10-20 20:00:00,Lead,MQL,0.0
7030,Google Ads,2025-10-20 21:00:00,Lead,SQL,0.0
7031,Email,2025-10-20 22:00:00,Lead,MQL,0.0
7032,Google Ads,2025-10-20 23:00:00,Lead,Lead,0.0
7033,Facebook,2025-10-21 00:00:00,Lead,MQL,0.0
7034,Facebook,2025-10-21 01:00:00,Lead,Lead,0.0
7035,Facebook,2025-10-21 02:00:00,Lead,MQL,0.0
7036,Organic,2025-10-21 03:00:00,Lead,Lead,0.0
7037,Google Ads,2025-10-21 04:00:00,Lead,Lead,0.0
7038,Facebook,2025-10-21 05:00:00,Lead,Lead,0.0
7039,Facebook,2025-10-21 06:00:00,Lead,Lead,0.0
7040,Email,2025-10-21 07:00:00,Lead,Lead,0.0
7041,Email,2025-10-21 08:00:00,Lead,Lead,0.0
7042,Google Ads,2025-10-21 09:00:00,Lead,MQL,0.0
7043,Facebook,2025-10-21 10:00:00,Lead,MQL,0.0
7044,Google Ads,2025-10-21 11:00:00,Lead,Lead,0.0
7045,Organic,2025-10-21 12:00:00,Lead,Lead,0.0
7046,Google Ads,2025-10-21 13:00:00,Lead,MQL,0.0
7047,Email,2025-10-21 14:00:00,Lead,MQL,0.0
7048,Google Ads,2025-10-21 15:00:00,Lead,Lead,0.0
7049,Google Ads,2025-10-21 16:00:00,Lead,Lead,0.0
7050,Facebook,2025-10-21 17:00:00,Lead,MQL,0.0
7051,Organic,2025-10-21 18:00:00,Lead,Lead,0.0
7052,Facebook,2025-10-21 19:00:00,Lead,Lead,0.0
7053,Organic,2025-10-21 20:00:00,Lead,Lead,0.0
7054,Facebook,2025-10-21 21:00:00,Lead,MQL,0.0
7055,Facebook,2025-10-21 22:00:00,Lead,Lead,0.0
7056,Google Ads,2025-10-21 23:00:00,Lead,Lead,0.0
7057,Organic,2025-10-22 00:00:00,Lead,Lead,0.0
7058,Google Ads,2025-10-22 01:00:00,Lead,MQL,0.0
7059,Organic,2025-10-22 02:00:00,Lead,MQL,0.0
7060,Organic,2025-10-22 03:00:00,Lead,Lead,0.0
7061,Organic,2025-10-22 04:00:00,Lead,Lead,0.0
7062,Facebook,2025-10-22 05:00:00,Lead,Lead,0.0
7063,Email,2025-10-22 06:00:00,Lead,Closed Won,3291.577689950049
7064,Email,2025-10-22 07:00:00,Lead,Lead,0.0
7065,Google Ads,2025-10-22 08:00:00,Lead,MQL,0.0
7066,Facebook,2025-10-22 09:00:00,Lead,MQL,0.0
7067,Google Ads,2025-10-22 10:00:00,Lead,Lead,0.0
7068,Facebook,2025-10-22 11:00:00,Lead,SQL,0.0
7069,Google Ads,2025-10-22 12:00:00,Lead,Lead,0.0
7070,Google Ads,2025-10-22 13:00:00,Lead,Lead,0.0
7071,Google Ads,2025-10-22 14:00:00,Lead,MQL,0.0
7072,Facebook,2025-10-22 15:00:00,Lead,MQL,0.0
7073,Facebook,2025-10-22 16:00:00,Lead,MQL,0.0
7074,Google Ads,2025-10-22 17:00:00,Lead,Lead,0.0
7075,Facebook,2025-10-22 18:00:00,Lead,Lead,0.0
7076,Google Ads,2025-10-22 19:00:00,Lead,SQL,0.0
7077,Facebook,2025-10-22 20:00:00,Lead,Lead,0.0
7078,Facebook,2025-10-22 21:00:00,Lead,MQL,0.0
7079,Facebook,2025-10-22 22:00:00,Lead,SQL,0.0
7080,Email,2025-10-22 23:00:00,Lead,Lead,0.0
7081,Google Ads,2025-10-23 00:00:00,Lead,MQL,0.0
7082,Email,2025-10-23 01:00:00,Lead,Lead,0.0
7083,Facebook,2025-10-23 02:00:00,Lead,MQL,0.0
7084,Facebook,2025-10-23 03:00:00,Lead,Lead,0.0
7085,Facebook,2025-10-23 04:00:00,Lead,MQL,0.0
7086,Google Ads,2025-10-23 05:00:00,Lead,MQL,0.0
7087,Email,2025-10-23 06:00:00,Lead,Lead,0.0
7088,Facebook,2025-10-23 07:00:00,Lead,MQL,0.0
7089,Google Ads,2025-10-23 08:00:00,Lead,Lead,0.0
7090,Google Ads,2025-10-23 09:00:00,Lead,MQL,0.0
7091,Google Ads,2025-10-23 10:00:00,Lead,MQL,0.0
7092,Organic,2025-10-23 11:00:00,Lead,Lead,0.0
7093,Email,2025-10-23 12:00:00,Lead,Lead,0.0
7094,Google Ads,2025-10-23 13:00:00,Lead,Lead,0.0
7095,Google Ads,2025-10-23 14:00:00,Lead,Lead,0.0
7096,Facebook,2025-10-23 15:00:00,Lead,Lead,0.0
7097,Organic,2025-10-23 16:00:00,Lead,Lead,0.0
7098,Google Ads,2025-10-23 17:00:00,Lead,Lead,0.0
7099,Google Ads,2025-10-23 18:00:00,Lead,Lead,0.0
7100,Organic,2025-10-23 19:00:00,Lead,MQL,0.0
7101,Google Ads,2025-10-23 20:00:00,Lead,Lead,0.0
7102,Google Ads,2025-10-23 21:00:00,Lead,Lead,0.0
7103,Referral,2025-10-23 22:00:00,Lead,Lead,0.0
7104,Facebook,2025-10-23 23:00:00,Lead,MQL,0.0
7105,Google Ads,2025-10-24 00:00:00,Lead,MQL,0.0
7106,Google Ads,2025-10-24 01:00:00,Lead,Lead,0.0
7107,Google Ads,2025-10-24 02:00:00,Lead,Lead,0.0
7108,Google Ads,2025-10-24 03:00:00,Lead,Lead,0.0
7109,Organic,2025-10-24 04:00:00,Lead,Lead,0.0
7110,Facebook,2025-10-24 05:00:00,Lead,Lead,0.0
7111,Email,2025-10-24 06:00:00,Lead,Lead,0.0
7112,Organic,2025-10-24 07:00:00,Lead,MQL,0.0
7113,Facebook,2025-10-24 08:00:00,Lead,Lead,0.0
7114,Google Ads,2025-10-24 09:00:00,Lead,Lead,0.0
7115,Facebook,2025-10-24 10:00:00,Lead,Lead,0.0
7116,Organic,2025-10-24 11:00:00,Lead,Lead,0.0
7117,Organic,2025-10-24 12:00:00,Lead,SQL,0.0
7118,Google Ads,2025-10-24 13:00:00,Lead,SQL,0.0
7119,Email,2025-10-24 14:00:00,Lead,Lead,0.0
7120,Facebook,2025-10-24 15:00:00,Lead,Lead,0.0
7121,Organic,2025-10-24 16:00:00,Lead,MQL,0.0
7122,Google Ads,2025-10-24 17:00:00,Lead,Lead,0.0
7123,Facebook,2025-10-24 18:00:00,Lead,MQL,0.0
7124,Organic,2025-10-24 19:00:00,Lead,Lead,0.0
7125,Facebook,2025-10-24 20:00:00,Lead,Lead,0.0
7126,Facebook,2025-10-24 21:00:00,Lead,MQL,0.0
7127,Google Ads,2025-10-24 22:00:00,Lead,SQL,0.0
7128,Google Ads,2025-10-24 23:00:00,Lead,Lead,0.0
7129,Google Ads,2025-10-25 00:00:00,Lead,Lead,0.0
7130,Organic,2025-10-25 01:00:00,Lead,Lead,0.0
7131,Google Ads,2025-10-25 02:00:00,Lead,MQL,0.0
7132,Facebook,2025-10-25 03:00:00,Lead,MQL,0.0
7133,Email,2025-10-25 04:00:00,Lead,Lead,0.0
7134,Google Ads,2025-10-25 05:00:00,Lead,Lead,0.0
7135,Facebook,2025-10-25 06:00:00,Lead,Lead,0.0
7136,Email,2025-10-25 07:00:00,Lead,Lead,0.0
7137,Organic,2025-10-25 08:00:00,Lead,Lead,0.0
7138,Facebook,2025-10-25 09:00:00,Lead,Lead,0.0
7139,Email,2025-10-25 10:00:00,Lead,Lead,0.0
7140,Google Ads,2025-10-25 11:00:00,Lead,Lead,0.0
7141,Organic,2025-10-25 12:00:00,Lead,Lead,0.0
7142,Google Ads,2025-10-25 13:00:00,Lead,Lead,0.0
7143,Email,2025-10-25 14:00:00,Lead,MQL,0.0
7144,Google Ads,2025-10-25 15:00:00,Lead,Lead,0.0
7145,Organic,2025-10-25 16:00:00,Lead,Lead,0.0
7146,Email,2025-10-25 17:00:00,Lead,MQL,0.0
7147,Email,2025-10-25 18:00:00,Lead,MQL,0.0
7148,Google Ads,2025-10-25 19:00:00,Lead,MQL,0.0
7149,Facebook,2025-10-25 20:00:00,Lead,Lead,0.0
7150,Facebook,2025-10-25 21:00:00,Lead,SQL,0.0
7151,Email,2025-10-25 22:00:00,Lead,Lead,0.0
7152,Google Ads,2025-10-25 23:00:00,Lead,Lead,0.0
7153,Referral,2025-10-26 00:00:00,Lead,Lead,0.0
7154,Organic,2025-10-26 01:00:00,Lead,MQL,0.0
7155,Google Ads,2025-10-26 02:00:00,Lead,Lead,0.0
7156,Organic,2025-10-26 03:00:00,Lead,Lead,0.0
7157,Facebook,2025-10-26 04:00:00,Lead,Lead,0.0
7158,Facebook,2025-10-26 05:00:00,Lead,Lead,0.0
7159,Google Ads,2025-10-26 06:00:00,Lead,Lead,0.0
7160,Facebook,2025-10-26 07:00:00,Lead,MQL,0.0
7161,Email,2025-10-26 08:00:00,Lead,Lead,0.0
7162,Facebook,2025-10-26 09:00:00,Lead,Lead,0.0
7163,Facebook,2025-10-26 10:00:00,Lead,Lead,0.0
7164,Email,2025-10-26 11:00:00,Lead,Lead,0.0
7165,Email,2025-10-26 12:00:00,Lead,MQL,0.0
7166,Google Ads,2025-10-26 13:00:00,Lead,Closed Won,4074.0513953629315
7167,Organic,2025-10-26 14:00:00,Lead,Lead,0.0
7168,Facebook,2025-10-26 15:00:00,Lead,Lead,0.0
7169,Google Ads,2025-10-26 16:00:00,Lead,Lead,0.0
7170,Google Ads,2025-10-26 17:00:00,Lead,SQL,0.0
7171,Facebook,2025-10-26 18:00:00,Lead,MQL,0.0
7172,Organic,2025-10-26 19:00:00,Lead,Lead,0.0
7173,Google Ads,2025-10-26 20:00:00,Lead,SQL,0.0
7174,Email,2025-10-26 21:00:00,Lead,Lead,0.0
7175,Google Ads,2025-10-26 22:00:00,Lead,MQL,0.0
7176,Facebook,2025-10-26 23:00:00,Lead,Lead,0.0
7177,Referral,2025-10-27 00:00:00,Lead,Lead,0.0
7178,Email,2025-10-27 01:00:00,Lead,SQL,0.0
7179,Google Ads,2025-10-27 02:00:00,Lead,SQL,0.0
7180,Facebook,2025-10-27 03:00:00,Lead,MQL,0.0
7181,Google Ads,2025-10-27 04:00:00,Lead,MQL,0.0
7182,Facebook,2025-10-27 05:00:00,Lead,MQL,0.0
7183,Email,2025-10-27 06:00:00,Lead,Lead,0.0
7184,Email,2025-10-27 07:00:00,Lead,Lead,0.0
7185,Google Ads,2025-10-27 08:00:00,Lead,SQL,0.0
7186,Organic,2025-10-27 09:00:00,Lead,MQL,0.0
7187,Facebook,2025-10-27 10:00:00,Lead,Lead,0.0
7188,Google Ads,2025-10-27 11:00:00,Lead,Lead,0.0
7189,Facebook,2025-10-27 12:00:00,Lead,MQL,0.0
7190,Facebook,2025-10-27 13:00:00,Lead,SQL,0.0
7191,Facebook,2025-10-27 14:00:00,Lead,Lead,0.0
7192,Facebook,2025-10-27 15:00:00,Lead,Lead,0.0
7193,Facebook,2025-10-27 16:00:00,Lead,Lead,0.0
7194,Google Ads,2025-10-27 17:00:00,Lead,Lead,0.0
7195,Organic,2025-10-27 18:00:00,Lead,SQL,0.0
7196,Facebook,2025-10-27 19:00:00,Lead,MQL,0.0
7197,Google Ads,2025-10-27 20:00:00,Lead,MQL,0.0
7198,Email,2025-10-27 21:00:00,Lead,MQL,0.0
7199,Organic,2025-10-27 22:00:00,Lead,Lead,0.0
7200,Organic,2025-10-27 23:00:00,Lead,MQL,0.0
7201,Google Ads,2025-10-28 00:00:00,Lead,Lead,0.0
7202,Google Ads,2025-10-28 01:00:00,Lead,MQL,0.0
7203,Facebook,2025-10-28 02:00:00,Lead,Lead,0.0
7204,Google Ads,2025-10-28 03:00:00,Lead,Lead,0.0
7205,Organic,2025-10-28 04:00:00,Lead,Lead,0.0
7206,Google Ads,2025-10-28 05:00:00,Lead,MQL,0.0
7207,Google Ads,2025-10-28 06:00:00,Lead,Lead,0.0
7208,Facebook,2025-10-28 07:00:00,Lead,Lead,0.0
7209,Google Ads,2025-10-28 08:00:00,Lead,MQL,0.0
7210,Email,2025-10-28 09:00:00,Lead,Lead,0.0
7211,Facebook,2025-10-28 10:00:00,Lead,Lead,0.0
7212,Google Ads,2025-10-28 11:00:00,Lead,SQL,0.0
7213,Google Ads,2025-10-28 12:00:00,Lead,Lead,0.0
7214,Facebook,2025-10-28 13:00:00,Lead,MQL,0.0
7215,Google Ads,2025-10-28 14:00:00,Lead,MQL,0.0
7216,Facebook,2025-10-28 15:00:00,Lead,SQL,0.0
7217,Facebook,2025-10-28 16:00:00,Lead,SQL,0.0
7218,Email,2025-10-28 17:00:00,Lead,Lead,0.0
7219,Organic,2025-10-28 18:00:00,Lead,Lead,0.0
7220,Organic,2025-10-28 19:00:00,Lead,SQL,0.0
7221,Organic,2025-10-28 20:00:00,Lead,Lead,0.0
7222,Google Ads,2025-10-28 21:00:00,Lead,SQL,0.0
7223,Google Ads,2025-10-28 22:00:00,Lead,Lead,0.0
7224,Google Ads,2025-10-28 23:00:00,Lead,Lead,0.0
7225,Organic,2025-10-29 00:00:00,Lead,Lead,0.0
7226,Referral,2025-10-29 01:00:00,Lead,Lead,0.0
7227,Organic,2025-10-29 02:00:00,Lead,Lead,0.0
7228,Google Ads,2025-10-29 03:00:00,Lead,MQL,0.0
7229,Organic,2025-10-29 04:00:00,Lead,MQL,0.0
7230,Facebook,2025-10-29 05:00:00,Lead,Lead,0.0
7231,Google Ads,2025-10-29 06:00:00,Lead,Lead,0.0
7232,Facebook,2025-10-29 07:00:00,Lead,Lead,0.0
7233,Google Ads,2025-10-29 08:00:00,Lead,SQL,0.0
7234,Facebook,2025-10-29 09:00:00,Lead,Lead,0.0
7235,Google Ads,2025-10-29 10:00:00,Lead,MQL,0.0
7236,Facebook,2025-10-29 11:00:00,Lead,MQL,0.0
7237,Facebook,2025-10-29 12:00:00,Lead,MQL,0.0
7238,Organic,2025-10-29 13:00:00,Lead,MQL,0.0
7239,Email,2025-10-29 14:00:00,Lead,SQL,0.0
7240,Facebook,2025-10-29 15:00:00,Lead,Lead,0.0
7241,Organic,2025-10-29 16:00:00,Lead,SQL,0.0
7242,Organic,2025-10-29 17:00:00,Lead,MQL,0.0
7243,Google Ads,2025-10-29 18:00:00,Lead,Lead,0.0
7244,Facebook,2025-10-29 19:00:00,Lead,MQL,0.0
7245,Google Ads,2025-10-29 20:00:00,Lead,Lead,0.0
7246,Google Ads,2025-10-29 21:00:00,Lead,MQL,0.0
7247,Email,2025-10-29 22:00:00,Lead,MQL,0.0
7248,Organic,2025-10-29 23:00:00,Lead,Lead,0.0
7249,Google Ads,2025-10-30 00:00:00,Lead,Closed Lost,0.0
7250,Organic,2025-10-30 01:00:00,Lead,Lead,0.0
7251,Organic,2025-10-30 02:00:00,Lead,MQL,0.0
7252,Organic,2025-10-30 03:00:00,Lead,Lead,0.0
7253,Google Ads,2025-10-30 04:00:00,Lead,Closed Won,6047.86322129303
7254,Organic,2025-10-30 05:00:00,Lead,Lead,0.0
7255,Google Ads,2025-10-30 06:00:00,Lead,Lead,0.0
7256,Facebook,2025-10-30 07:00:00,Lead,MQL,0.0
7257,Google Ads,2025-10-30 08:00:00,Lead,MQL,0.0
7258,Google Ads,2025-10-30 09:00:00,Lead,Lead,0.0
7259,Email,2025-10-30 10:00:00,Lead,Lead,0.0
7260,Facebook,2025-10-30 11:00:00,Lead,SQL,0.0
7261,Google Ads,2025-10-30 12:00:00,Lead,Lead,0.0
7262,Google Ads,2025-10-30 13:00:00,Lead,Lead,0.0
7263,Email,2025-10-30 14:00:00,Lead,MQL,0.0
7264,Google Ads,2025-10-30 15:00:00,Lead,Lead,0.0
7265,Organic,2025-10-30 16:00:00,Lead,Lead,0.0
7266,Google Ads,2025-10-30 17:00:00,Lead,MQL,0.0
7267,Google Ads,2025-10-30 18:00:00,Lead,MQL,0.0
7268,Google Ads,2025-10-30 19:00:00,Lead,MQL,0.0
7269,Facebook,2025-10-30 20:00:00,Lead,Lead,0.0
7270,Google Ads,2025-10-30 21:00:00,Lead,MQL,0.0
7271,Google Ads,2025-10-30 22:00:00,Lead,MQL,0.0
7272,Referral,2025-10-30 23:00:00,Lead,SQL,0.0
7273,Facebook,2025-10-31 00:00:00,Lead,MQL,0.0
7274,Google Ads,2025-10-31 01:00:00,Lead,Lead,0.0
7275,Facebook,2025-10-31 02:00:00,Lead,Lead,0.0
7276,Organic,2025-10-31 03:00:00,Lead,Lead,0.0
7277,Google Ads,2025-10-31 04:00:00,Lead,MQL,0.0
7278,Google Ads,2025-10-31 05:00:00,Lead,MQL,0.0
7279,Email,2025-10-31 06:00:00,Lead,Lead,0.0
7280,Facebook,2025-10-31 07:00:00,Lead,Lead,0.0
7281,Facebook,2025-10-31 08:00:00,Lead,MQL,0.0
7282,Google Ads,2025-10-31 09:00:00,Lead,Lead,0.0
7283,Google Ads,2025-10-31 10:00:00,Lead,Lead,0.0
7284,Facebook,2025-10-31 11:00:00,Lead,MQL,0.0
7285,Google Ads,2025-10-31 12:00:00,Lead,MQL,0.0
7286,Facebook,2025-10-31 13:00:00,Lead,Lead,0.0
7287,Facebook,2025-10-31 14:00:00,Lead,SQL,0.0
7288,Google Ads,2025-10-31 15:00:00,Lead,SQL,0.0
7289,Organic,2025-10-31 16:00:00,Lead,Lead,0.0
7290,Organic,2025-10-31 17:00:00,Lead,Lead,0.0
7291,Email,2025-10-31 18:00:00,Lead,SQL,0.0
7292,Google Ads,2025-10-31 19:00:00,Lead,Lead,0.0
7293,Google Ads,2025-10-31 20:00:00,Lead,Lead,0.0
7294,Facebook,2025-10-31 21:00:00,Lead,Lead,0.0
7295,Google Ads,2025-10-31 22:00:00,Lead,SQL,0.0
7296,Referral,2025-10-31 23:00:00,Lead,Lead,0.0
7297,Google Ads,2025-11-01 00:00:00,Lead,Lead,0.0
7298,Facebook,2025-11-01 01:00:00,Lead,Lead,0.0
7299,Google Ads,2025-11-01 02:00:00,Lead,Lead,0.0
7300,Facebook,2025-11-01 03:00:00,Lead,Lead,0.0
7301,Google Ads,2025-11-01 04:00:00,Lead,MQL,0.0
7302,Facebook,2025-11-01 05:00:00,Lead,Lead,0.0
7303,Google Ads,2025-11-01 06:00:00,Lead,MQL,0.0
7304,Organic,2025-11-01 07:00:00,Lead,MQL,0.0
7305,Google Ads,2025-11-01 08:00:00,Lead,Lead,0.0
7306,Organic,2025-11-01 09:00:00,Lead,Lead,0.0
7307,Organic,2025-11-01 10:00:00,Lead,Lead,0.0
7308,Google Ads,2025-11-01 11:00:00,Lead,Lead,0.0
7309,Email,2025-11-01 12:00:00,Lead,Lead,0.0
7310,Google Ads,2025-11-01 13:00:00,Lead,Lead,0.0
7311,Referral,2025-11-01 14:00:00,Lead,SQL,0.0
7312,Facebook,2025-11-01 15:00:00,Lead,Lead,0.0
7313,Google Ads,2025-11-01 16:00:00,Lead,Closed Lost,0.0
7314,Google Ads,2025-11-01 17:00:00,Lead,MQL,0.0
7315,Google Ads,2025-11-01 18:00:00,Lead,MQL,0.0
7316,Referral,2025-11-01 19:00:00,Lead,Lead,0.0
7317,Google Ads,2025-11-01 20:00:00,Lead,Lead,0.0
7318,Email,2025-11-01 21:00:00,Lead,SQL,0.0
7319,Facebook,2025-11-01 22:00:00,Lead,MQL,0.0
7320,Organic,2025-11-01 23:00:00,Lead,Lead,0.0
7321,Google Ads,2025-11-02 00:00:00,Lead,MQL,0.0
7322,Facebook,2025-11-02 01:00:00,Lead,MQL,0.0
7323,Facebook,2025-11-02 02:00:00,Lead,Lead,0.0
7324,Email,2025-11-02 03:00:00,Lead,MQL,0.0
7325,Google Ads,2025-11-02 04:00:00,Lead,MQL,0.0
7326,Google Ads,2025-11-02 05:00:00,Lead,MQL,0.0
7327,Google Ads,2025-11-02 06:00:00,Lead,Lead,0.0
7328,Email,2025-11-02 07:00:00,Lead,MQL,0.0
7329,Google Ads,2025-11-02 08:00:00,Lead,Lead,0.0
7330,Facebook,2025-11-02 09:00:00,Lead,Lead,0.0
7331,Google Ads,2025-11-02 10:00:00,Lead,Lead,0.0
7332,Organic,2025-11-02 11:00:00,Lead,Lead,0.0
7333,Organic,2025-11-02 12:00:00,Lead,MQL,0.0
7334,Facebook,2025-11-02 13:00:00,Lead,Lead,0.0
7335,Google Ads,2025-11-02 14:00:00,Lead,MQL,0.0
7336,Google Ads,2025-11-02 15:00:00,Lead,Lead,0.0
7337,Google Ads,2025-11-02 16:00:00,Lead,Lead,0.0
7338,Google Ads,2025-11-02 17:00:00,Lead,Lead,0.0
7339,Email,2025-11-02 18:00:00,Lead,Lead,0.0
7340,Facebook,2025-11-02 19:00:00,Lead,MQL,0.0
7341,Organic,2025-11-02 20:00:00,Lead,Lead,0.0
7342,Google Ads,2025-11-02 21:00:00,Lead,MQL,0.0
7343,Email,2025-11-02 22:00:00,Lead,Lead,0.0
7344,Facebook,2025-11-02 23:00:00,Lead,Lead,0.0
7345,Facebook,2025-11-03 00:00:00,Lead,Closed Lost,0.0
7346,Google Ads,2025-11-03 01:00:00,Lead,Lead,0.0
7347,Facebook,2025-11-03 02:00:00,Lead,MQL,0.0
7348,Facebook,2025-11-03 03:00:00,Lead,Lead,0.0
7349,Email,2025-11-03 04:00:00,Lead,Lead,0.0
7350,Organic,2025-11-03 05:00:00,Lead,Lead,0.0
7351,Google Ads,2025-11-03 06:00:00,Lead,MQL,0.0
7352,Google Ads,2025-11-03 07:00:00,Lead,MQL,0.0
7353,Facebook,2025-11-03 08:00:00,Lead,MQL,0.0
7354,Facebook,2025-11-03 09:00:00,Lead,Lead,0.0
7355,Google Ads,2025-11-03 10:00:00,Lead,Lead,0.0
7356,Email,2025-11-03 11:00:00,Lead,Lead,0.0
7357,Referral,2025-11-03 12:00:00,Lead,Lead,0.0
7358,Organic,2025-11-03 13:00:00,Lead,Lead,0.0
7359,Google Ads,2025-11-03 14:00:00,Lead,Lead,0.0
7360,Organic,2025-11-03 15:00:00,Lead,MQL,0.0
7361,Email,2025-11-03 16:00:00,Lead,Lead,0.0
7362,Facebook,2025-11-03 17:00:00,Lead,MQL,0.0
7363,Facebook,2025-11-03 18:00:00,Lead,Lead,0.0
7364,Organic,2025-11-03 19:00:00,Lead,Lead,0.0
7365,Facebook,2025-11-03 20:00:00,Lead,Lead,0.0
7366,Google Ads,2025-11-03 21:00:00,Lead,Lead,0.0
7367,Facebook,2025-11-03 22:00:00,Lead,SQL,0.0
7368,Facebook,2025-11-03 23:00:00,Lead,Lead,0.0
7369,Google Ads,2025-11-04 00:00:00,Lead,Lead,0.0
7370,Organic,2025-11-04 01:00:00,Lead,SQL,0.0
7371,Email,2025-11-04 02:00:00,Lead,SQL,0.0
7372,Facebook,2025-11-04 03:00:00,Lead,MQL,0.0
7373,Google Ads,2025-11-04 04:00:00,Lead,SQL,0.0
7374,Facebook,2025-11-04 05:00:00,Lead,Lead,0.0
7375,Google Ads,2025-11-04 06:00:00,Lead,MQL,0.0
7376,Google Ads,2025-11-04 07:00:00,Lead,MQL,0.0
7377,Facebook,2025-11-04 08:00:00,Lead,MQL,0.0
7378,Facebook,2025-11-04 09:00:00,Lead,Lead,0.0
7379,Facebook,2025-11-04 10:00:00,Lead,SQL,0.0
7380,Google Ads,2025-11-04 11:00:00,Lead,Closed Lost,0.0
7381,Facebook,2025-11-04 12:00:00,Lead,MQL,0.0
7382,Google Ads,2025-11-04 13:00:00,Lead,Lead,0.0
7383,Referral,2025-11-04 14:00:00,Lead,MQL,0.0
7384,Facebook,2025-11-04 15:00:00,Lead,Lead,0.0
7385,Email,2025-11-04 16:00:00,Lead,Lead,0.0
7386,Google Ads,2025-11-04 17:00:00,Lead,MQL,0.0
7387,Google Ads,2025-11-04 18:00:00,Lead,Lead,0.0
7388,Referral,2025-11-04 19:00:00,Lead,Lead,0.0
7389,Google Ads,2025-11-04 20:00:00,Lead,Lead,0.0
7390,Facebook,2025-11-04 21:00:00,Lead,MQL,0.0
7391,Facebook,2025-11-04 22:00:00,Lead,Lead,0.0
7392,Google Ads,2025-11-04 23:00:00,Lead,Closed Lost,0.0
7393,Organic,2025-11-05 00:00:00,Lead,Lead,0.0
7394,Facebook,2025-11-05 01:00:00,Lead,MQL,0.0
7395,Google Ads,2025-11-05 02:00:00,Lead,Lead,0.0
7396,Google Ads,2025-11-05 03:00:00,Lead,Closed Lost,0.0
7397,Google Ads,2025-11-05 04:00:00,Lead,Lead,0.0
7398,Organic,2025-11-05 05:00:00,Lead,MQL,0.0
7399,Email,2025-11-05 06:00:00,Lead,Lead,0.0
7400,Google Ads,2025-11-05 07:00:00,Lead,Lead,0.0
7401,Google Ads,2025-11-05 08:00:00,Lead,MQL,0.0
7402,Email,2025-11-05 09:00:00,Lead,Lead,0.0
7403,Facebook,2025-11-05 10:00:00,Lead,SQL,0.0
7404,Facebook,2025-11-05 11:00:00,Lead,Lead,0.0
7405,Google Ads,2025-11-05 12:00:00,Lead,Lead,0.0
7406,Google Ads,2025-11-05 13:00:00,Lead,MQL,0.0
7407,Email,2025-11-05 14:00:00,Lead,MQL,0.0
7408,Referral,2025-11-05 15:00:00,Lead,Lead,0.0
7409,Google Ads,2025-11-05 16:00:00,Lead,Lead,0.0
7410,Facebook,2025-11-05 17:00:00,Lead,MQL,0.0
7411,Facebook,2025-11-05 18:00:00,Lead,Lead,0.0
7412,Facebook,2025-11-05 19:00:00,Lead,Lead,0.0
7413,Google Ads,2025-11-05 20:00:00,Lead,Lead,0.0
7414,Organic,2025-11-05 21:00:00,Lead,Lead,0.0
7415,Facebook,2025-11-05 22:00:00,Lead,Lead,0.0
7416,Facebook,2025-11-05 23:00:00,Lead,MQL,0.0
7417,Google Ads,2025-11-06 00:00:00,Lead,MQL,0.0
7418,Google Ads,2025-11-06 01:00:00,Lead,Lead,0.0
7419,Google Ads,2025-11-06 02:00:00,Lead,MQL,0.0
7420,Email,2025-11-06 03:00:00,Lead,Lead,0.0
7421,Google Ads,2025-11-06 04:00:00,Lead,Lead,0.0
7422,Email,2025-11-06 05:00:00,Lead,Lead,0.0
7423,Google Ads,2025-11-06 06:00:00,Lead,Lead,0.0
7424,Facebook,2025-11-06 07:00:00,Lead,Lead,0.0
7425,Facebook,2025-11-06 08:00:00,Lead,SQL,0.0
7426,Google Ads,2025-11-06 09:00:00,Lead,Lead,0.0
7427,Google Ads,2025-11-06 10:00:00,Lead,MQL,0.0
7428,Google Ads,2025-11-06 11:00:00,Lead,MQL,0.0
7429,Email,2025-11-06 12:00:00,Lead,MQL,0.0
7430,Email,2025-11-06 13:00:00,Lead,Lead,0.0
7431,Google Ads,2025-11-06 14:00:00,Lead,Lead,0.0
7432,Facebook,2025-11-06 15:00:00,Lead,Lead,0.0
7433,Google Ads,2025-11-06 16:00:00,Lead,Lead,0.0
7434,Google Ads,2025-11-06 17:00:00,Lead,Lead,0.0
7435,Google Ads,2025-11-06 18:00:00,Lead,Lead,0.0
7436,Organic,2025-11-06 19:00:00,Lead,MQL,0.0
7437,Google Ads,2025-11-06 20:00:00,Lead,Lead,0.0
7438,Google Ads,2025-11-06 21:00:00,Lead,MQL,0.0
7439,Google Ads,2025-11-06 22:00:00,Lead,Lead,0.0
7440,Google Ads,2025-11-06 23:00:00,Lead,Lead,0.0
7441,Facebook,2025-11-07 00:00:00,Lead,Lead,0.0
7442,Google Ads,2025-11-07 01:00:00,Lead,MQL,0.0
7443,Google Ads,2025-11-07 02:00:00,Lead,SQL,0.0
7444,Facebook,2025-11-07 03:00:00,Lead,MQL,0.0
7445,Google Ads,2025-11-07 04:00:00,Lead,Lead,0.0
7446,Email,2025-11-07 05:00:00,Lead,Lead,0.0
7447,Facebook,2025-11-07 06:00:00,Lead,SQL,0.0
7448,Google Ads,2025-11-07 07:00:00,Lead,MQL,0.0
7449,Email,2025-11-07 08:00:00,Lead,Lead,0.0
7450,Google Ads,2025-11-07 09:00:00,Lead,Lead,0.0
7451,Facebook,2025-11-07 10:00:00,Lead,Lead,0.0
7452,Facebook,2025-11-07 11:00:00,Lead,MQL,0.0
7453,Google Ads,2025-11-07 12:00:00,Lead,MQL,0.0
7454,Facebook,2025-11-07 13:00:00,Lead,Lead,0.0
7455,Organic,2025-11-07 14:00:00,Lead,SQL,0.0
7456,Referral,2025-11-07 15:00:00,Lead,Lead,0.0
7457,Facebook,2025-11-07 16:00:00,Lead,MQL,0.0
7458,Facebook,2025-11-07 17:00:00,Lead,Lead,0.0
7459,Google Ads,2025-11-07 18:00:00,Lead,Lead,0.0
7460,Google Ads,2025-11-07 19:00:00,Lead,Lead,0.0
7461,Facebook,2025-11-07 20:00:00,Lead,MQL,0.0
7462,Google Ads,2025-11-07 21:00:00,Lead,Lead,0.0
7463,Organic,2025-11-07 22:00:00,Lead,Lead,0.0
7464,Google Ads,2025-11-07 23:00:00,Lead,Lead,0.0
7465,Google Ads,2025-11-08 00:00:00,Lead,Lead,0.0
7466,Google Ads,2025-11-08 01:00:00,Lead,MQL,0.0
7467,Organic,2025-11-08 02:00:00,Lead,Lead,0.0
7468,Email,2025-11-08 03:00:00,Lead,MQL,0.0
7469,Facebook,2025-11-08 04:00:00,Lead,MQL,0.0
7470,Google Ads,2025-11-08 05:00:00,Lead,Lead,0.0
7471,Organic,2025-11-08 06:00:00,Lead,Lead,0.0
7472,Google Ads,2025-11-08 07:00:00,Lead,Lead,0.0
7473,Organic,2025-11-08 08:00:00,Lead,Lead,0.0
7474,Facebook,2025-11-08 09:00:00,Lead,MQL,0.0
7475,Google Ads,2025-11-08 10:00:00,Lead,MQL,0.0
7476,Facebook,2025-11-08 11:00:00,Lead,MQL,0.0
7477,Email,2025-11-08 12:00:00,Lead,Lead,0.0
7478,Google Ads,2025-11-08 13:00:00,Lead,Lead,0.0
7479,Organic,2025-11-08 14:00:00,Lead,Lead,0.0
7480,Facebook,2025-11-08 15:00:00,Lead,MQL,0.0
7481,Google Ads,2025-11-08 16:00:00,Lead,MQL,0.0
7482,Google Ads,2025-11-08 17:00:00,Lead,Lead,0.0
7483,Facebook,2025-11-08 18:00:00,Lead,Lead,0.0
7484,Facebook,2025-11-08 19:00:00,Lead,Lead,0.0
7485,Facebook,2025-11-08 20:00:00,Lead,Lead,0.0
7486,Email,2025-11-08 21:00:00,Lead,Lead,0.0
7487,Facebook,2025-11-08 22:00:00,Lead,Lead,0.0
7488,Referral,2025-11-08 23:00:00,Lead,Closed Lost,0.0
7489,Facebook,2025-11-09 00:00:00,Lead,Lead,0.0
7490,Organic,2025-11-09 01:00:00,Lead,Lead,0.0
7491,Google Ads,2025-11-09 02:00:00,Lead,Lead,0.0
7492,Google Ads,2025-11-09 03:00:00,Lead,SQL,0.0
7493,Google Ads,2025-11-09 04:00:00,Lead,Lead,0.0
7494,Facebook,2025-11-09 05:00:00,Lead,Lead,0.0
7495,Organic,2025-11-09 06:00:00,Lead,Lead,0.0
7496,Google Ads,2025-11-09 07:00:00,Lead,Lead,0.0
7497,Google Ads,2025-11-09 08:00:00,Lead,Lead,0.0
7498,Organic,2025-11-09 09:00:00,Lead,MQL,0.0
7499,Google Ads,2025-11-09 10:00:00,Lead,Lead,0.0
7500,Email,2025-11-09 11:00:00,Lead,Lead,0.0
7501,Facebook,2025-11-09 12:00:00,Lead,MQL,0.0
7502,Organic,2025-11-09 13:00:00,Lead,MQL,0.0
7503,Google Ads,2025-11-09 14:00:00,Lead,Lead,0.0
7504,Google Ads,2025-11-09 15:00:00,Lead,Lead,0.0
7505,Facebook,2025-11-09 16:00:00,Lead,Lead,0.0
7506,Organic,2025-11-09 17:00:00,Lead,MQL,0.0
7507,Facebook,2025-11-09 18:00:00,Lead,MQL,0.0
7508,Google Ads,2025-11-09 19:00:00,Lead,Lead,0.0
7509,Facebook,2025-11-09 20:00:00,Lead,Lead,0.0
7510,Organic,2025-11-09 21:00:00,Lead,Lead,0.0
7511,Organic,2025-11-09 22:00:00,Lead,Lead,0.0
7512,Referral,2025-11-09 23:00:00,Lead,Lead,0.0
7513,Google Ads,2025-11-10 00:00:00,Lead,MQL,0.0
7514,Google Ads,2025-11-10 01:00:00,Lead,Lead,0.0
7515,Facebook,2025-11-10 02:00:00,Lead,Lead,0.0
7516,Organic,2025-11-10 03:00:00,Lead,Lead,0.0
7517,Google Ads,2025-11-10 04:00:00,Lead,Lead,0.0
7518,Google Ads,2025-11-10 05:00:00,Lead,Lead,0.0
7519,Email,2025-11-10 06:00:00,Lead,MQL,0.0
7520,Google Ads,2025-11-10 07:00:00,Lead,Lead,0.0
7521,Google Ads,2025-11-10 08:00:00,Lead,Lead,0.0
7522,Facebook,2025-11-10 09:00:00,Lead,MQL,0.0
7523,Facebook,2025-11-10 10:00:00,Lead,MQL,0.0
7524,Email,2025-11-10 11:00:00,Lead,MQL,0.0
7525,Google Ads,2025-11-10 12:00:00,Lead,MQL,0.0
7526,Facebook,2025-11-10 13:00:00,Lead,Lead,0.0
7527,Facebook,2025-11-10 14:00:00,Lead,Closed Lost,0.0
7528,Facebook,2025-11-10 15:00:00,Lead,MQL,0.0
7529,Facebook,2025-11-10 16:00:00,Lead,MQL,0.0
7530,Google Ads,2025-11-10 17:00:00,Lead,Lead,0.0
7531,Google Ads,2025-11-10 18:00:00,Lead,Lead,0.0
7532,Google Ads,2025-11-10 19:00:00,Lead,Lead,0.0
7533,Google Ads,2025-11-10 20:00:00,Lead,MQL,0.0
7534,Facebook,2025-11-10 21:00:00,Lead,Lead,0.0
7535,Organic,2025-11-10 22:00:00,Lead,Closed Lost,0.0
7536,Email,2025-11-10 23:00:00,Lead,SQL,0.0
7537,Email,2025-11-11 00:00:00,Lead,MQL,0.0
7538,Google Ads,2025-11-11 01:00:00,Lead,MQL,0.0
7539,Facebook,2025-11-11 02:00:00,Lead,SQL,0.0
7540,Google Ads,2025-11-11 03:00:00,Lead,Lead,0.0
7541,Google Ads,2025-11-11 04:00:00,Lead,Lead,0.0
7542,Google Ads,2025-11-11 05:00:00,Lead,Lead,0.0
7543,Facebook,2025-11-11 06:00:00,Lead,SQL,0.0
7544,Referral,2025-11-11 07:00:00,Lead,MQL,0.0
7545,Google Ads,2025-11-11 08:00:00,Lead,Lead,0.0
7546,Google Ads,2025-11-11 09:00:00,Lead,Lead,0.0
7547,Email,2025-11-11 10:00:00,Lead,Lead,0.0
7548,Google Ads,2025-11-11 11:00:00,Lead,Lead,0.0
7549,Organic,2025-11-11 12:00:00,Lead,Lead,0.0
7550,Email,2025-11-11 13:00:00,Lead,MQL,0.0
7551,Organic,2025-11-11 14:00:00,Lead,Lead,0.0
7552,Facebook,2025-11-11 15:00:00,Lead,SQL,0.0
7553,Email,2025-11-11 16:00:00,Lead,Lead,0.0
7554,Facebook,2025-11-11 17:00:00,Lead,MQL,0.0
7555,Facebook,2025-11-11 18:00:00,Lead,MQL,0.0
7556,Facebook,2025-11-11 19:00:00,Lead,SQL,0.0
7557,Google Ads,2025-11-11 20:00:00,Lead,Lead,0.0
7558,Facebook,2025-11-11 21:00:00,Lead,Lead,0.0
7559,Facebook,2025-11-11 22:00:00,Lead,MQL,0.0
7560,Organic,2025-11-11 23:00:00,Lead,MQL,0.0
7561,Email,2025-11-12 00:00:00,Lead,Lead,0.0
7562,Email,2025-11-12 01:00:00,Lead,Lead,0.0
7563,Google Ads,2025-11-12 02:00:00,Lead,SQL,0.0
7564,Email,2025-11-12 03:00:00,Lead,Lead,0.0
7565,Facebook,2025-11-12 04:00:00,Lead,Lead,0.0
7566,Organic,2025-11-12 05:00:00,Lead,Lead,0.0
7567,Organic,2025-11-12 06:00:00,Lead,Lead,0.0
7568,Google Ads,2025-11-12 07:00:00,Lead,Lead,0.0
7569,Organic,2025-11-12 08:00:00,Lead,Lead,0.0
7570,Google Ads,2025-11-12 09:00:00,Lead,MQL,0.0
7571,Google Ads,2025-11-12 10:00:00,Lead,MQL,0.0
7572,Facebook,2025-11-12 11:00:00,Lead,MQL,0.0
7573,Google Ads,2025-11-12 12:00:00,Lead,Lead,0.0
7574,Email,2025-11-12 13:00:00,Lead,Lead,0.0
7575,Google Ads,2025-11-12 14:00:00,Lead,Lead,0.0
7576,Google Ads,2025-11-12 15:00:00,Lead,MQL,0.0
7577,Facebook,2025-11-12 16:00:00,Lead,Closed Lost,0.0
7578,Email,2025-11-12 17:00:00,Lead,Lead,0.0
7579,Organic,2025-11-12 18:00:00,Lead,Lead,0.0
7580,Email,2025-11-12 19:00:00,Lead,Closed Won,7081.384520291051
7581,Email,2025-11-12 20:00:00,Lead,Lead,0.0
7582,Google Ads,2025-11-12 21:00:00,Lead,Lead,0.0
7583,Google Ads,2025-11-12 22:00:00,Lead,MQL,0.0
7584,Google Ads,2025-11-12 23:00:00,Lead,Lead,0.0
7585,Facebook,2025-11-13 00:00:00,Lead,SQL,0.0
7586,Email,2025-11-13 01:00:00,Lead,MQL,0.0
7587,Facebook,2025-11-13 02:00:00,Lead,MQL,0.0
7588,Email,2025-11-13 03:00:00,Lead,MQL,0.0
7589,Facebook,2025-11-13 04:00:00,Lead,MQL,0.0
7590,Google Ads,2025-11-13 05:00:00,Lead,SQL,0.0
7591,Google Ads,2025-11-13 06:00:00,Lead,Lead,0.0
7592,Organic,2025-11-13 07:00:00,Lead,MQL,0.0
7593,Email,2025-11-13 08:00:00,Lead,Lead,0.0
7594,Organic,2025-11-13 09:00:00,Lead,Lead,0.0
7595,Google Ads,2025-11-13 10:00:00,Lead,MQL,0.0
7596,Referral,2025-11-13 11:00:00,Lead,MQL,0.0
7597,Google Ads,2025-11-13 12:00:00,Lead,MQL,0.0
7598,Google Ads,2025-11-13 13:00:00,Lead,Lead,0.0
7599,Referral,2025-11-13 14:00:00,Lead,Lead,0.0
7600,Google Ads,2025-11-13 15:00:00,Lead,Lead,0.0
7601,Email,2025-11-13 16:00:00,Lead,Lead,0.0
7602,Google Ads,2025-11-13 17:00:00,Lead,Lead,0.0
7603,Facebook,2025-11-13 18:00:00,Lead,Lead,0.0
7604,Organic,2025-11-13 19:00:00,Lead,Lead,0.0
7605,Google Ads,2025-11-13 20:00:00,Lead,MQL,0.0
7606,Email,2025-11-13 21:00:00,Lead,Lead,0.0
7607,Google Ads,2025-11-13 22:00:00,Lead,Lead,0.0
7608,Facebook,2025-11-13 23:00:00,Lead,Lead,0.0
7609,Google Ads,2025-11-14 00:00:00,Lead,Lead,0.0
7610,Google Ads,2025-11-14 01:00:00,Lead,Lead,0.0
7611,Google Ads,2025-11-14 02:00:00,Lead,Lead,0.0
7612,Google Ads,2025-11-14 03:00:00,Lead,SQL,0.0
7613,Organic,2025-11-14 04:00:00,Lead,MQL,0.0
7614,Google Ads,2025-11-14 05:00:00,Lead,MQL,0.0
7615,Google Ads,2025-11-14 06:00:00,Lead,MQL,0.0
7616,Facebook,2025-11-14 07:00:00,Lead,Lead,0.0
7617,Google Ads,2025-11-14 08:00:00,Lead,Lead,0.0
7618,Email,2025-11-14 09:00:00,Lead,MQL,0.0
7619,Referral,2025-11-14 10:00:00,Lead,Lead,0.0
7620,Facebook,2025-11-14 11:00:00,Lead,SQL,0.0
7621,Organic,2025-11-14 12:00:00,Lead,SQL,0.0
7622,Facebook,2025-11-14 13:00:00,Lead,Lead,0.0
7623,Google Ads,2025-11-14 14:00:00,Lead,Lead,0.0
7624,Email,2025-11-14 15:00:00,Lead,Lead,0.0
7625,Facebook,2025-11-14 16:00:00,Lead,Lead,0.0
7626,Email,2025-11-14 17:00:00,Lead,Lead,0.0
7627,Organic,2025-11-14 18:00:00,Lead,Lead,0.0
7628,Facebook,2025-11-14 19:00:00,Lead,SQL,0.0
7629,Organic,2025-11-14 20:00:00,Lead,Lead,0.0
7630,Email,2025-11-14 21:00:00,Lead,Lead,0.0
7631,Facebook,2025-11-14 22:00:00,Lead,MQL,0.0
7632,Facebook,2025-11-14 23:00:00,Lead,SQL,0.0
7633,Google Ads,2025-11-15 00:00:00,Lead,Lead,0.0
7634,Referral,2025-11-15 01:00:00,Lead,Lead,0.0
7635,Email,2025-11-15 02:00:00,Lead,Lead,0.0
7636,Google Ads,2025-11-15 03:00:00,Lead,Lead,0.0
7637,Google Ads,2025-11-15 04:00:00,Lead,Lead,0.0
7638,Facebook,2025-11-15 05:00:00,Lead,SQL,0.0
7639,Google Ads,2025-11-15 06:00:00,Lead,Closed Lost,0.0
7640,Google Ads,2025-11-15 07:00:00,Lead,Lead,0.0
7641,Facebook,2025-11-15 08:00:00,Lead,Lead,0.0
7642,Google Ads,2025-11-15 09:00:00,Lead,MQL,0.0
7643,Facebook,2025-11-15 10:00:00,Lead,Lead,0.0
7644,Google Ads,2025-11-15 11:00:00,Lead,MQL,0.0
7645,Google Ads,2025-11-15 12:00:00,Lead,Lead,0.0
7646,Email,2025-11-15 13:00:00,Lead,Lead,0.0
7647,Facebook,2025-11-15 14:00:00,Lead,MQL,0.0
7648,Google Ads,2025-11-15 15:00:00,Lead,Lead,0.0
7649,Google Ads,2025-11-15 16:00:00,Lead,Lead,0.0
7650,Facebook,2025-11-15 17:00:00,Lead,MQL,0.0
7651,Google Ads,2025-11-15 18:00:00,Lead,Lead,0.0
7652,Google Ads,2025-11-15 19:00:00,Lead,MQL,0.0
7653,Google Ads,2025-11-15 20:00:00,Lead,Lead,0.0
7654,Organic,2025-11-15 21:00:00,Lead,MQL,0.0
7655,Email,2025-11-15 22:00:00,Lead,SQL,0.0
7656,Email,2025-11-15 23:00:00,Lead,MQL,0.0
7657,Email,2025-11-16 00:00:00,Lead,Lead,0.0
7658,Email,2025-11-16 01:00:00,Lead,Lead,0.0
7659,Facebook,2025-11-16 02:00:00,Lead,Lead,0.0
7660,Facebook,2025-11-16 03:00:00,Lead,Lead,0.0
7661,Google Ads,2025-11-16 04:00:00,Lead,MQL,0.0
7662,Facebook,2025-11-16 05:00:00,Lead,MQL,0.0
7663,Email,2025-11-16 06:00:00,Lead,Lead,0.0
7664,Facebook,2025-11-16 07:00:00,Lead,Lead,0.0
7665,Google Ads,2025-11-16 08:00:00,Lead,SQL,0.0
7666,Google Ads,2025-11-16 09:00:00,Lead,MQL,0.0
7667,Facebook,2025-11-16 10:00:00,Lead,Lead,0.0
7668,Email,2025-11-16 11:00:00,Lead,SQL,0.0
7669,Organic,2025-11-16 12:00:00,Lead,Lead,0.0
7670,Google Ads,2025-11-16 13:00:00,Lead,SQL,0.0
7671,Email,2025-11-16 14:00:00,Lead,MQL,0.0
7672,Facebook,2025-11-16 15:00:00,Lead,Lead,0.0
7673,Organic,2025-11-16 16:00:00,Lead,Lead,0.0
7674,Facebook,2025-11-16 17:00:00,Lead,Lead,0.0
7675,Facebook,2025-11-16 18:00:00,Lead,MQL,0.0
7676,Facebook,2025-11-16 19:00:00,Lead,Lead,0.0
7677,Email,2025-11-16 20:00:00,Lead,Lead,0.0
7678,Referral,2025-11-16 21:00:00,Lead,Lead,0.0
7679,Google Ads,2025-11-16 22:00:00,Lead,Lead,0.0
7680,Google Ads,2025-11-16 23:00:00,Lead,Lead,0.0
7681,Organic,2025-11-17 00:00:00,Lead,MQL,0.0
7682,Facebook,2025-11-17 01:00:00,Lead,Lead,0.0
7683,Facebook,2025-11-17 02:00:00,Lead,Lead,0.0
7684,Facebook,2025-11-17 03:00:00,Lead,Lead,0.0
7685,Google Ads,2025-11-17 04:00:00,Lead,Lead,0.0
7686,Email,2025-11-17 05:00:00,Lead,Lead,0.0
7687,Email,2025-11-17 06:00:00,Lead,Lead,0.0
7688,Google Ads,2025-11-17 07:00:00,Lead,Lead,0.0
7689,Google Ads,2025-11-17 08:00:00,Lead,Lead,0.0
7690,Organic,2025-11-17 09:00:00,Lead,Lead,0.0
7691,Google Ads,2025-11-17 10:00:00,Lead,MQL,0.0
7692,Organic,2025-11-17 11:00:00,Lead,Lead,0.0
7693,Google Ads,2025-11-17 12:00:00,Lead,Lead,0.0
7694,Facebook,2025-11-17 13:00:00,Lead,MQL,0.0
7695,Organic,2025-11-17 14:00:00,Lead,MQL,0.0
7696,Email,2025-11-17 15:00:00,Lead,MQL,0.0
7697,Facebook,2025-11-17 16:00:00,Lead,SQL,0.0
7698,Email,2025-11-17 17:00:00,Lead,MQL,0.0
7699,Google Ads,2025-11-17 18:00:00,Lead,Lead,0.0
7700,Google Ads,2025-11-17 19:00:00,Lead,Lead,0.0
7701,Referral,2025-11-17 20:00:00,Lead,MQL,0.0
7702,Email,2025-11-17 21:00:00,Lead,MQL,0.0
7703,Facebook,2025-11-17 22:00:00,Lead,Lead,0.0
7704,Google Ads,2025-11-17 23:00:00,Lead,MQL,0.0
7705,Google Ads,2025-11-18 00:00:00,Lead,MQL,0.0
7706,Google Ads,2025-11-18 01:00:00,Lead,MQL,0.0
7707,Facebook,2025-11-18 02:00:00,Lead,Lead,0.0
7708,Email,2025-11-18 03:00:00,Lead,Lead,0.0
7709,Facebook,2025-11-18 04:00:00,Lead,Lead,0.0
7710,Organic,2025-11-18 05:00:00,Lead,MQL,0.0
7711,Google Ads,2025-11-18 06:00:00,Lead,Lead,0.0
7712,Google Ads,2025-11-18 07:00:00,Lead,Lead,0.0
7713,Google Ads,2025-11-18 08:00:00,Lead,SQL,0.0
7714,Facebook,2025-11-18 09:00:00,Lead,SQL,0.0
7715,Google Ads,2025-11-18 10:00:00,Lead,Lead,0.0
7716,Referral,2025-11-18 11:00:00,Lead,Lead,0.0
7717,Google Ads,2025-11-18 12:00:00,Lead,Lead,0.0
7718,Organic,2025-11-18 13:00:00,Lead,MQL,0.0
7719,Facebook,2025-11-18 14:00:00,Lead,Lead,0.0
7720,Referral,2025-11-18 15:00:00,Lead,Lead,0.0
7721,Facebook,2025-11-18 16:00:00,Lead,Lead,0.0
7722,Organic,2025-11-18 17:00:00,Lead,MQL,0.0
7723,Google Ads,2025-11-18 18:00:00,Lead,MQL,0.0
7724,Email,2025-11-18 19:00:00,Lead,MQL,0.0
7725,Organic,2025-11-18 20:00:00,Lead,MQL,0.0
7726,Google Ads,2025-11-18 21:00:00,Lead,MQL,0.0
7727,Google Ads,2025-11-18 22:00:00,Lead,Lead,0.0
7728,Facebook,2025-11-18 23:00:00,Lead,SQL,0.0
7729,Organic,2025-11-19 00:00:00,Lead,MQL,0.0
7730,Facebook,2025-11-19 01:00:00,Lead,Lead,0.0
7731,Facebook,2025-11-19 02:00:00,Lead,SQL,0.0
7732,Google Ads,2025-11-19 03:00:00,Lead,Closed Lost,0.0
7733,Google Ads,2025-11-19 04:00:00,Lead,Lead,0.0
7734,Organic,2025-11-19 05:00:00,Lead,Lead,0.0
7735,Google Ads,2025-11-19 06:00:00,Lead,Lead,0.0
7736,Facebook,2025-11-19 07:00:00,Lead,SQL,0.0
7737,Organic,2025-11-19 08:00:00,Lead,Lead,0.0
7738,Google Ads,2025-11-19 09:00:00,Lead,MQL,0.0
7739,Email,2025-11-19 10:00:00,Lead,Lead,0.0
7740,Google Ads,2025-11-19 11:00:00,Lead,Lead,0.0
7741,Facebook,2025-11-19 12:00:00,Lead,MQL,0.0
7742,Google Ads,2025-11-19 13:00:00,Lead,Lead,0.0
7743,Email,2025-11-19 14:00:00,Lead,Lead,0.0
7744,Google Ads,2025-11-19 15:00:00,Lead,Lead,0.0
7745,Facebook,2025-11-19 16:00:00,Lead,MQL,0.0
7746,Facebook,2025-11-19 17:00:00,Lead,Lead,0.0
7747,Google Ads,2025-11-19 18:00:00,Lead,Lead,0.0
7748,Email,2025-11-19 19:00:00,Lead,Lead,0.0
7749,Google Ads,2025-11-19 20:00:00,Lead,Lead,0.0
7750,Email,2025-11-19 21:00:00,Lead,SQL,0.0
7751,Google Ads,2025-11-19 22:00:00,Lead,SQL,0.0
7752,Email,2025-11-19 23:00:00,Lead,Lead,0.0
7753,Google Ads,2025-11-20 00:00:00,Lead,MQL,0.0
7754,Facebook,2025-11-20 01:00:00,Lead,SQL,0.0
7755,Google Ads,2025-11-20 02:00:00,Lead,MQL,0.0
7756,Email,2025-11-20 03:00:00,Lead,Lead,0.0
7757,Google Ads,2025-11-20 04:00:00,Lead,Lead,0.0
7758,Organic,2025-11-20 05:00:00,Lead,MQL,0.0
7759,Organic,2025-11-20 06:00:00,Lead,SQL,0.0
7760,Google Ads,2025-11-20 07:00:00,Lead,Lead,0.0
7761,Facebook,2025-11-20 08:00:00,Lead,SQL,0.0
7762,Google Ads,2025-11-20 09:00:00,Lead,MQL,0.0
7763,Google Ads,2025-11-20 10:00:00,Lead,Lead,0.0
7764,Email,2025-11-20 11:00:00,Lead,Lead,0.0
7765,Email,2025-11-20 12:00:00,Lead,MQL,0.0
7766,Facebook,2025-11-20 13:00:00,Lead,SQL,0.0
7767,Google Ads,2025-11-20 14:00:00,Lead,SQL,0.0
7768,Google Ads,2025-11-20 15:00:00,Lead,Lead,0.0
7769,Google Ads,2025-11-20 16:00:00,Lead,Closed Lost,0.0
7770,Email,2025-11-20 17:00:00,Lead,Lead,0.0
7771,Facebook,2025-11-20 18:00:00,Lead,Lead,0.0
7772,Email,2025-11-20 19:00:00,Lead,Closed Won,2353.6661620479463
7773,Google Ads,2025-11-20 20:00:00,Lead,SQL,0.0
7774,Google Ads,2025-11-20 21:00:00,Lead,Lead,0.0
7775,Google Ads,2025-11-20 22:00:00,Lead,Lead,0.0
7776,Google Ads,2025-11-20 23:00:00,Lead,MQL,0.0
7777,Google Ads,2025-11-21 00:00:00,Lead,Lead,0.0
7778,Organic,2025-11-21 01:00:00,Lead,MQL,0.0
7779,Organic,2025-11-21 02:00:00,Lead,Lead,0.0
7780,Facebook,2025-11-21 03:00:00,Lead,Lead,0.0
7781,Facebook,2025-11-21 04:00:00,Lead,MQL,0.0
7782,Google Ads,2025-11-21 05:00:00,Lead,Lead,0.0
7783,Organic,2025-11-21 06:00:00,Lead,MQL,0.0
7784,Google Ads,2025-11-21 07:00:00,Lead,Lead,0.0
7785,Organic,2025-11-21 08:00:00,Lead,MQL,0.0
7786,Facebook,2025-11-21 09:00:00,Lead,Lead,0.0
7787,Google Ads,2025-11-21 10:00:00,Lead,MQL,0.0
7788,Organic,2025-11-21 11:00:00,Lead,Lead,0.0
7789,Google Ads,2025-11-21 12:00:00,Lead,Lead,0.0
7790,Facebook,2025-11-21 13:00:00,Lead,SQL,0.0
7791,Facebook,2025-11-21 14:00:00,Lead,Lead,0.0
7792,Google Ads,2025-11-21 15:00:00,Lead,MQL,0.0
7793,Facebook,2025-11-21 16:00:00,Lead,SQL,0.0
7794,Email,2025-11-21 17:00:00,Lead,MQL,0.0
7795,Email,2025-11-21 18:00:00,Lead,MQL,0.0
7796,Google Ads,2025-11-21 19:00:00,Lead,MQL,0.0
7797,Organic,2025-11-21 20:00:00,Lead,Lead,0.0
7798,Google Ads,2025-11-21 21:00:00,Lead,Lead,0.0
7799,Google Ads,2025-11-21 22:00:00,Lead,Lead,0.0
7800,Google Ads,2025-11-21 23:00:00,Lead,Lead,0.0
7801,Google Ads,2025-11-22 00:00:00,Lead,Lead,0.0
7802,Google Ads,2025-11-22 01:00:00,Lead,Lead,0.0
7803,Referral,2025-11-22 02:00:00,Lead,Lead,0.0
7804,Google Ads,2025-11-22 03:00:00,Lead,Lead,0.0
7805,Google Ads,2025-11-22 04:00:00,Lead,Lead,0.0
7806,Google Ads,2025-11-22 05:00:00,Lead,Lead,0.0
7807,Email,2025-11-22 06:00:00,Lead,MQL,0.0
7808,Organic,2025-11-22 07:00:00,Lead,MQL,0.0
7809,Google Ads,2025-11-22 08:00:00,Lead,MQL,0.0
7810,Google Ads,2025-11-22 09:00:00,Lead,Lead,0.0
7811,Google Ads,2025-11-22 10:00:00,Lead,Lead,0.0
7812,Google Ads,2025-11-22 11:00:00,Lead,MQL,0.0
7813,Google Ads,2025-11-22 12:00:00,Lead,Lead,0.0
7814,Facebook,2025-11-22 13:00:00,Lead,SQL,0.0
7815,Google Ads,2025-11-22 14:00:00,Lead,Lead,0.0
7816,Facebook,2025-11-22 15:00:00,Lead,Lead,0.0
7817,Google Ads,2025-11-22 16:00:00,Lead,Lead,0.0
7818,Organic,2025-11-22 17:00:00,Lead,Lead,0.0
7819,Organic,2025-11-22 18:00:00,Lead,MQL,0.0
7820,Facebook,2025-11-22 19:00:00,Lead,MQL,0.0
7821,Google Ads,2025-11-22 20:00:00,Lead,Lead,0.0
7822,Google Ads,2025-11-22 21:00:00,Lead,Lead,0.0
7823,Facebook,2025-11-22 22:00:00,Lead,Lead,0.0
7824,Email,2025-11-22 23:00:00,Lead,Lead,0.0
7825,Facebook,2025-11-23 00:00:00,Lead,Closed Lost,0.0
7826,Organic,2025-11-23 01:00:00,Lead,Lead,0.0
7827,Organic,2025-11-23 02:00:00,Lead,MQL,0.0
7828,Google Ads,2025-11-23 03:00:00,Lead,Lead,0.0
7829,Facebook,2025-11-23 04:00:00,Lead,Lead,0.0
7830,Google Ads,2025-11-23 05:00:00,Lead,Lead,0.0
7831,Google Ads,2025-11-23 06:00:00,Lead,Lead,0.0
7832,Facebook,2025-11-23 07:00:00,Lead,Closed Won,3947.4012742736822
7833,Google Ads,2025-11-23 08:00:00,Lead,MQL,0.0
7834,Organic,2025-11-23 09:00:00,Lead,Lead,0.0
7835,Google Ads,2025-11-23 10:00:00,Lead,Lead,0.0
7836,Facebook,2025-11-23 11:00:00,Lead,Closed Lost,0.0
7837,Facebook,2025-11-23 12:00:00,Lead,MQL,0.0
7838,Email,2025-11-23 13:00:00,Lead,MQL,0.0
7839,Google Ads,2025-11-23 14:00:00,Lead,MQL,0.0
7840,Organic,2025-11-23 15:00:00,Lead,Lead,0.0
7841,Facebook,2025-11-23 16:00:00,Lead,Lead,0.0
7842,Facebook,2025-11-23 17:00:00,Lead,Lead,0.0
7843,Google Ads,2025-11-23 18:00:00,Lead,Lead,0.0
7844,Facebook,2025-11-23 19:00:00,Lead,MQL,0.0
7845,Organic,2025-11-23 20:00:00,Lead,Lead,0.0
7846,Facebook,2025-11-23 21:00:00,Lead,Lead,0.0
7847,Organic,2025-11-23 22:00:00,Lead,Lead,0.0
7848,Facebook,2025-11-23 23:00:00,Lead,MQL,0.0
7849,Google Ads,2025-11-24 00:00:00,Lead,MQL,0.0
7850,Google Ads,2025-11-24 01:00:00,Lead,Lead,0.0
7851,Google Ads,2025-11-24 02:00:00,Lead,Lead,0.0
7852,Email,2025-11-24 03:00:00,Lead,Lead,0.0
7853,Email,2025-11-24 04:00:00,Lead,SQL,0.0
7854,Google Ads,2025-11-24 05:00:00,Lead,MQL,0.0
7855,Facebook,2025-11-24 06:00:00,Lead,Lead,0.0
7856,Facebook,2025-11-24 07:00:00,Lead,Lead,0.0
7857,Facebook,2025-11-24 08:00:00,Lead,Lead,0.0
7858,Google Ads,2025-11-24 09:00:00,Lead,Lead,0.0
7859,Google Ads,2025-11-24 10:00:00,Lead,Lead,0.0
7860,Google Ads,2025-11-24 11:00:00,Lead,MQL,0.0
7861,Google Ads,2025-11-24 12:00:00,Lead,Lead,0.0
7862,Google Ads,2025-11-24 13:00:00,Lead,MQL,0.0
7863,Google Ads,2025-11-24 14:00:00,Lead,Lead,0.0
7864,Facebook,2025-11-24 15:00:00,Lead,Lead,0.0
7865,Google Ads,2025-11-24 16:00:00,Lead,MQL,0.0
7866,Referral,2025-11-24 17:00:00,Lead,MQL,0.0
7867,Google Ads,2025-11-24 18:00:00,Lead,Lead,0.0
7868,Google Ads,2025-11-24 19:00:00,Lead,Lead,0.0
7869,Google Ads,2025-11-24 20:00:00,Lead,Closed Won,4614.087664785571
7870,Google Ads,2025-11-24 21:00:00,Lead,Lead,0.0
7871,Organic,2025-11-24 22:00:00,Lead,Lead,0.0
7872,Google Ads,2025-11-24 23:00:00,Lead,SQL,0.0
7873,Organic,2025-11-25 00:00:00,Lead,Lead,0.0
7874,Organic,2025-11-25 01:00:00,Lead,Closed Lost,0.0
7875,Facebook,2025-11-25 02:00:00,Lead,MQL,0.0
7876,Facebook,2025-11-25 03:00:00,Lead,Lead,0.0
7877,Email,2025-11-25 04:00:00,Lead,MQL,0.0
7878,Google Ads,2025-11-25 05:00:00,Lead,Lead,0.0
7879,Facebook,2025-11-25 06:00:00,Lead,Lead,0.0
7880,Google Ads,2025-11-25 07:00:00,Lead,MQL,0.0
7881,Google Ads,2025-11-25 08:00:00,Lead,Lead,0.0
7882,Facebook,2025-11-25 09:00:00,Lead,MQL,0.0
7883,Facebook,2025-11-25 10:00:00,Lead,Lead,0.0
7884,Organic,2025-11-25 11:00:00,Lead,Lead,0.0
7885,Google Ads,2025-11-25 12:00:00,Lead,SQL,0.0
7886,Organic,2025-11-25 13:00:00,Lead,MQL,0.0
7887,Google Ads,2025-11-25 14:00:00,Lead,MQL,0.0
7888,Google Ads,2025-11-25 15:00:00,Lead,Lead,0.0
7889,Google Ads,2025-11-25 16:00:00,Lead,MQL,0.0
7890,Facebook,2025-11-25 17:00:00,Lead,Closed Lost,0.0
7891,Google Ads,2025-11-25 18:00:00,Lead,Lead,0.0
7892,Facebook,2025-11-25 19:00:00,Lead,Closed Won,3110.655906695388
7893,Organic,2025-11-25 20:00:00,Lead,Lead,0.0
7894,Facebook,2025-11-25 21:00:00,Lead,MQL,0.0
7895,Facebook,2025-11-25 22:00:00,Lead,MQL,0.0
7896,Organic,2025-11-25 23:00:00,Lead,Lead,0.0
7897,Email,2025-11-26 00:00:00,Lead,MQL,0.0
7898,Facebook,2025-11-26 01:00:00,Lead,Lead,0.0
7899,Google Ads,2025-11-26 02:00:00,Lead,MQL,0.0
7900,Organic,2025-11-26 03:00:00,Lead,Lead,0.0
7901,Facebook,2025-11-26 04:00:00,Lead,Lead,0.0
7902,Google Ads,2025-11-26 05:00:00,Lead,Lead,0.0
7903,Google Ads,2025-11-26 06:00:00,Lead,MQL,0.0
7904,Organic,2025-11-26 07:00:00,Lead,Lead,0.0
7905,Google Ads,2025-11-26 08:00:00,Lead,MQL,0.0
7906,Referral,2025-11-26 09:00:00,Lead,MQL,0.0
7907,Google Ads,2025-11-26 10:00:00,Lead,SQL,0.0
7908,Email,2025-11-26 11:00:00,Lead,Closed Lost,0.0
7909,Google Ads,2025-11-26 12:00:00,Lead,MQL,0.0
7910,Facebook,2025-11-26 13:00:00,Lead,MQL,0.0
7911,Organic,2025-11-26 14:00:00,Lead,Closed Lost,0.0
7912,Facebook,2025-11-26 15:00:00,Lead,Lead,0.0
7913,Facebook,2025-11-26 16:00:00,Lead,MQL,0.0
7914,Google Ads,2025-11-26 17:00:00,Lead,Lead,0.0
7915,Google Ads,2025-11-26 18:00:00,Lead,Closed Lost,0.0
7916,Google Ads,2025-11-26 19:00:00,Lead,Lead,0.0
7917,Email,2025-11-26 20:00:00,Lead,SQL,0.0
7918,Google Ads,2025-11-26 21:00:00,Lead,MQL,0.0
7919,Google Ads,2025-11-26 22:00:00,Lead,Lead,0.0
7920,Facebook,2025-11-26 23:00:00,Lead,MQL,0.0
7921,Facebook,2025-11-27 00:00:00,Lead,Lead,0.0
7922,Email,2025-11-27 01:00:00,Lead,MQL,0.0
7923,Google Ads,2025-11-27 02:00:00,Lead,MQL,0.0
7924,Google Ads,2025-11-27 03:00:00,Lead,Lead,0.0
7925,Organic,2025-11-27 04:00:00,Lead,Lead,0.0
7926,Google Ads,2025-11-27 05:00:00,Lead,Lead,0.0
7927,Organic,2025-11-27 06:00:00,Lead,Lead,0.0
7928,Organic,2025-11-27 07:00:00,Lead,SQL,0.0
7929,Email,2025-11-27 08:00:00,Lead,SQL,0.0
7930,Google Ads,2025-11-27 09:00:00,Lead,Lead,0.0
7931,Organic,2025-11-27 10:00:00,Lead,Lead,0.0
7932,Email,2025-11-27 11:00:00,Lead,MQL,0.0
7933,Facebook,2025-11-27 12:00:00,Lead,MQL,0.0
7934,Google Ads,2025-11-27 13:00:00,Lead,Lead,0.0
7935,Google Ads,2025-11-27 14:00:00,Lead,MQL,0.0
7936,Google Ads,2025-11-27 15:00:00,Lead,Closed Lost,0.0
7937,Facebook,2025-11-27 16:00:00,Lead,Lead,0.0
7938,Facebook,2025-11-27 17:00:00,Lead,Lead,0.0
7939,Google Ads,2025-11-27 18:00:00,Lead,MQL,0.0
7940,Facebook,2025-11-27 19:00:00,Lead,SQL,0.0
7941,Google Ads,2025-11-27 20:00:00,Lead,SQL,0.0
7942,Facebook,2025-11-27 21:00:00,Lead,Lead,0.0
7943,Organic,2025-11-27 22:00:00,Lead,Lead,0.0
7944,Google Ads,2025-11-27 23:00:00,Lead,MQL,0.0
7945,Google Ads,2025-11-28 00:00:00,Lead,Lead,0.0
7946,Google Ads,2025-11-28 01:00:00,Lead,Lead,0.0
7947,Facebook,2025-11-28 02:00:00,Lead,Lead,0.0
7948,Email,2025-11-28 03:00:00,Lead,Lead,0.0
7949,Organic,2025-11-28 04:00:00,Lead,Lead,0.0
7950,Google Ads,2025-11-28 05:00:00,Lead,MQL,0.0
7951,Referral,2025-11-28 06:00:00,Lead,Lead,0.0
7952,Google Ads,2025-11-28 07:00:00,Lead,Lead,0.0
7953,Facebook,2025-11-28 08:00:00,Lead,MQL,0.0
7954,Google Ads,2025-11-28 09:00:00,Lead,Lead,0.0
7955,Organic,2025-11-28 10:00:00,Lead,Lead,0.0
7956,Facebook,2025-11-28 11:00:00,Lead,Lead,0.0
7957,Email,2025-11-28 12:00:00,Lead,MQL,0.0
7958,Organic,2025-11-28 13:00:00,Lead,SQL,0.0
7959,Google Ads,2025-11-28 14:00:00,Lead,MQL,0.0
7960,Google Ads,2025-11-28 15:00:00,Lead,Closed Won,5535.789318492409
7961,Organic,2025-11-28 16:00:00,Lead,MQL,0.0
7962,Google Ads,2025-11-28 17:00:00,Lead,Lead,0.0
7963,Google Ads,2025-11-28 18:00:00,Lead,Lead,0.0
7964,Facebook,2025-11-28 19:00:00,Lead,SQL,0.0
7965,Facebook,2025-11-28 20:00:00,Lead,Lead,0.0
7966,Google Ads,2025-11-28 21:00:00,Lead,Lead,0.0
7967,Google Ads,2025-11-28 22:00:00,Lead,Closed Won,3819.314674519601
7968,Google Ads,2025-11-28 23:00:00,Lead,Lead,0.0
7969,Facebook,2025-11-29 00:00:00,Lead,MQL,0.0
7970,Organic,2025-11-29 01:00:00,Lead,Lead,0.0
7971,Referral,2025-11-29 02:00:00,Lead,MQL,0.0
7972,Facebook,2025-11-29 03:00:00,Lead,Lead,0.0
7973,Google Ads,2025-11-29 04:00:00,Lead,Lead,0.0
7974,Organic,2025-11-29 05:00:00,Lead,Lead,0.0
7975,Facebook,2025-11-29 06:00:00,Lead,Lead,0.0
7976,Google Ads,2025-11-29 07:00:00,Lead,SQL,0.0
7977,Organic,2025-11-29 08:00:00,Lead,Lead,0.0
7978,Email,2025-11-29 09:00:00,Lead,MQL,0.0
7979,Email,2025-11-29 10:00:00,Lead,MQL,0.0
7980,Email,2025-11-29 11:00:00,Lead,Lead,0.0
7981,Google Ads,2025-11-29 12:00:00,Lead,Lead,0.0
7982,Google Ads,2025-11-29 13:00:00,Lead,MQL,0.0
7983,Email,2025-11-29 14:00:00,Lead,MQL,0.0
7984,Google Ads,2025-11-29 15:00:00,Lead,MQL,0.0
7985,Facebook,2025-11-29 16:00:00,Lead,Lead,0.0
7986,Email,2025-11-29 17:00:00,Lead,Lead,0.0
7987,Email,2025-11-29 18:00:00,Lead,Lead,0.0
7988,Facebook,2025-11-29 19:00:00,Lead,Lead,0.0
7989,Email,2025-11-29 20:00:00,Lead,MQL,0.0
7990,Organic,2025-11-29 21:00:00,Lead,Lead,0.0
7991,Email,2025-11-29 22:00:00,Lead,MQL,0.0
7992,Google Ads,2025-11-29 23:00:00,Lead,SQL,0.0
7993,Google Ads,2025-11-30 00:00:00,Lead,Lead,0.0
7994,Google Ads,2025-11-30 01:00:00,Lead,Lead,0.0
7995,Google Ads,2025-11-30 02:00:00,Lead,Lead,0.0
7996,Google Ads,2025-11-30 03:00:00,Lead,Lead,0.0
7997,Google Ads,2025-11-30 04:00:00,Lead,Lead,0.0
7998,Facebook,2025-11-30 05:00:00,Lead,Lead,0.0
7999,Organic,2025-11-30 06:00:00,Lead,Lead,0.0
8000,Google Ads,2025-11-30 07:00:00,Lead,SQL,0.0
8001,Email,2025-11-30 08:00:00,Lead,Lead,0.0
8002,Email,2025-11-30 09:00:00,Lead,Lead,0.0
8003,Google Ads,2025-11-30 10:00:00,Lead,Lead,0.0
8004,Organic,2025-11-30 11:00:00,Lead,MQL,0.0
8005,Facebook,2025-11-30 12:00:00,Lead,SQL,0.0
8006,Google Ads,2025-11-30 13:00:00,Lead,Lead,0.0
8007,Email,2025-11-30 14:00:00,Lead,Lead,0.0
8008,Google Ads,2025-11-30 15:00:00,Lead,MQL,0.0
8009,Email,2025-11-30 16:00:00,Lead,Lead,0.0
8010,Google Ads,2025-11-30 17:00:00,Lead,Closed Lost,0.0
8011,Organic,2025-11-30 18:00:00,Lead,Lead,0.0
8012,Facebook,2025-11-30 19:00:00,Lead,Lead,0.0
8013,Facebook,2025-11-30 20:00:00,Lead,Lead,0.0
8014,Google Ads,2025-11-30 21:00:00,Lead,Lead,0.0
8015,Email,2025-11-30 22:00:00,Lead,Lead,0.0
8016,Email,2025-11-30 23:00:00,Lead,Lead,0.0
8017,Facebook,2025-12-01 00:00:00,Lead,MQL,0.0
8018,Facebook,2025-12-01 01:00:00,Lead,SQL,0.0
8019,Facebook,2025-12-01 02:00:00,Lead,MQL,0.0
8020,Organic,2025-12-01 03:00:00,Lead,Lead,0.0
8021,Facebook,2025-12-01 04:00:00,Lead,MQL,0.0
8022,Organic,2025-12-01 05:00:00,Lead,Lead,0.0
8023,Organic,2025-12-01 06:00:00,Lead,MQL,0.0
8024,Facebook,2025-12-01 07:00:00,Lead,Lead,0.0
8025,Google Ads,2025-12-01 08:00:00,Lead,Closed Won,5721.223659783687
8026,Facebook,2025-12-01 09:00:00,Lead,Lead,0.0
8027,Organic,2025-12-01 10:00:00,Lead,MQL,0.0
8028,Google Ads,2025-12-01 11:00:00,Lead,MQL,0.0
8029,Facebook,2025-12-01 12:00:00,Lead,Lead,0.0
8030,Organic,2025-12-01 13:00:00,Lead,Lead,0.0
8031,Google Ads,2025-12-01 14:00:00,Lead,Lead,0.0
8032,Facebook,2025-12-01 15:00:00,Lead,MQL,0.0
8033,Google Ads,2025-12-01 16:00:00,Lead,SQL,0.0
8034,Google Ads,2025-12-01 17:00:00,Lead,Lead,0.0
8035,Email,2025-12-01 18:00:00,Lead,MQL,0.0
8036,Google Ads,2025-12-01 19:00:00,Lead,Lead,0.0
8037,Google Ads,2025-12-01 20:00:00,Lead,Lead,0.0
8038,Organic,2025-12-01 21:00:00,Lead,SQL,0.0
8039,Google Ads,2025-12-01 22:00:00,Lead,MQL,0.0
8040,Referral,2025-12-01 23:00:00,Lead,Lead,0.0
8041,Referral,2025-12-02 00:00:00,Lead,Lead,0.0
8042,Google Ads,2025-12-02 01:00:00,Lead,Lead,0.0
8043,Google Ads,2025-12-02 02:00:00,Lead,Lead,0.0
8044,Email,2025-12-02 03:00:00,Lead,MQL,0.0
8045,Facebook,2025-12-02 04:00:00,Lead,MQL,0.0
8046,Google Ads,2025-12-02 05:00:00,Lead,Lead,0.0
8047,Email,2025-12-02 06:00:00,Lead,Lead,0.0
8048,Google Ads,2025-12-02 07:00:00,Lead,Lead,0.0
8049,Organic,2025-12-02 08:00:00,Lead,Lead,0.0
8050,Google Ads,2025-12-02 09:00:00,Lead,Lead,0.0
8051,Google Ads,2025-12-02 10:00:00,Lead,Lead,0.0
8052,Google Ads,2025-12-02 11:00:00,Lead,Lead,0.0
8053,Referral,2025-12-02 12:00:00,Lead,SQL,0.0
8054,Email,2025-12-02 13:00:00,Lead,Lead,0.0
8055,Organic,2025-12-02 14:00:00,Lead,Lead,0.0
8056,Google Ads,2025-12-02 15:00:00,Lead,SQL,0.0
8057,Google Ads,2025-12-02 16:00:00,Lead,Lead,0.0
8058,Google Ads,2025-12-02 17:00:00,Lead,SQL,0.0
8059,Facebook,2025-12-02 18:00:00,Lead,Lead,0.0
8060,Facebook,2025-12-02 19:00:00,Lead,MQL,0.0
8061,Facebook,2025-12-02 20:00:00,Lead,Lead,0.0
8062,Google Ads,2025-12-02 21:00:00,Lead,Lead,0.0
8063,Organic,2025-12-02 22:00:00,Lead,Lead,0.0
8064,Google Ads,2025-12-02 23:00:00,Lead,Lead,0.0
8065,Referral,2025-12-03 00:00:00,Lead,SQL,0.0
8066,Google Ads,2025-12-03 01:00:00,Lead,Lead,0.0
8067,Facebook,2025-12-03 02:00:00,Lead,SQL,0.0
8068,Google Ads,2025-12-03 03:00:00,Lead,MQL,0.0
8069,Facebook,2025-12-03 04:00:00,Lead,MQL,0.0
8070,Facebook,2025-12-03 05:00:00,Lead,Closed Won,6361.260594455939
8071,Facebook,2025-12-03 06:00:00,Lead,Lead,0.0
8072,Facebook,2025-12-03 07:00:00,Lead,MQL,0.0
8073,Email,2025-12-03 08:00:00,Lead,Lead,0.0
8074,Email,2025-12-03 09:00:00,Lead,MQL,0.0
8075,Organic,2025-12-03 10:00:00,Lead,Lead,0.0
8076,Google Ads,2025-12-03 11:00:00,Lead,Lead,0.0
8077,Facebook,2025-12-03 12:00:00,Lead,MQL,0.0
8078,Facebook,2025-12-03 13:00:00,Lead,MQL,0.0
8079,Google Ads,2025-12-03 14:00:00,Lead,SQL,0.0
8080,Facebook,2025-12-03 15:00:00,Lead,Lead,0.0
8081,Google Ads,2025-12-03 16:00:00,Lead,MQL,0.0
8082,Google Ads,2025-12-03 17:00:00,Lead,MQL,0.0
8083,Google Ads,2025-12-03 18:00:00,Lead,Lead,0.0
8084,Google Ads,2025-12-03 19:00:00,Lead,MQL,0.0
8085,Email,2025-12-03 20:00:00,Lead,MQL,0.0
8086,Email,2025-12-03 21:00:00,Lead,Lead,0.0
8087,Referral,2025-12-03 22:00:00,Lead,MQL,0.0
8088,Email,2025-12-03 23:00:00,Lead,SQL,0.0
8089,Google Ads,2025-12-04 00:00:00,Lead,Lead,0.0
8090,Organic,2025-12-04 01:00:00,Lead,Lead,0.0
8091,Organic,2025-12-04 02:00:00,Lead,Lead,0.0
8092,Facebook,2025-12-04 03:00:00,Lead,Lead,0.0
8093,Facebook,2025-12-04 04:00:00,Lead,MQL,0.0
8094,Referral,2025-12-04 05:00:00,Lead,Lead,0.0
8095,Facebook,2025-12-04 06:00:00,Lead,Lead,0.0
8096,Organic,2025-12-04 07:00:00,Lead,MQL,0.0
8097,Google Ads,2025-12-04 08:00:00,Lead,Lead,0.0
8098,Google Ads,2025-12-04 09:00:00,Lead,MQL,0.0
8099,Facebook,2025-12-04 10:00:00,Lead,MQL,0.0
8100,Facebook,2025-12-04 11:00:00,Lead,Lead,0.0
8101,Organic,2025-12-04 12:00:00,Lead,Lead,0.0
8102,Referral,2025-12-04 13:00:00,Lead,MQL,0.0
8103,Google Ads,2025-12-04 14:00:00,Lead,Lead,0.0
8104,Google Ads,2025-12-04 15:00:00,Lead,SQL,0.0
8105,Organic,2025-12-04 16:00:00,Lead,Lead,0.0
8106,Facebook,2025-12-04 17:00:00,Lead,Closed Lost,0.0
8107,Google Ads,2025-12-04 18:00:00,Lead,SQL,0.0
8108,Facebook,2025-12-04 19:00:00,Lead,MQL,0.0
8109,Email,2025-12-04 20:00:00,Lead,Lead,0.0
8110,Email,2025-12-04 21:00:00,Lead,Lead,0.0
8111,Facebook,2025-12-04 22:00:00,Lead,Lead,0.0
8112,Google Ads,2025-12-04 23:00:00,Lead,SQL,0.0
8113,Referral,2025-12-05 00:00:00,Lead,Lead,0.0
8114,Email,2025-12-05 01:00:00,Lead,MQL,0.0
8115,Facebook,2025-12-05 02:00:00,Lead,Lead,0.0
8116,Google Ads,2025-12-05 03:00:00,Lead,MQL,0.0
8117,Email,2025-12-05 04:00:00,Lead,Lead,0.0
8118,Google Ads,2025-12-05 05:00:00,Lead,Lead,0.0
8119,Google Ads,2025-12-05 06:00:00,Lead,Lead,0.0
8120,Facebook,2025-12-05 07:00:00,Lead,Lead,0.0
8121,Google Ads,2025-12-05 08:00:00,Lead,SQL,0.0
8122,Facebook,2025-12-05 09:00:00,Lead,Lead,0.0
8123,Google Ads,2025-12-05 10:00:00,Lead,Lead,0.0
8124,Email,2025-12-05 11:00:00,Lead,Lead,0.0
8125,Google Ads,2025-12-05 12:00:00,Lead,Lead,0.0
8126,Google Ads,2025-12-05 13:00:00,Lead,Lead,0.0
8127,Google Ads,2025-12-05 14:00:00,Lead,Lead,0.0
8128,Organic,2025-12-05 15:00:00,Lead,MQL,0.0
8129,Organic,2025-12-05 16:00:00,Lead,Lead,0.0
8130,Google Ads,2025-12-05 17:00:00,Lead,Lead,0.0
8131,Email,2025-12-05 18:00:00,Lead,MQL,0.0
8132,Facebook,2025-12-05 19:00:00,Lead,Lead,0.0
8133,Referral,2025-12-05 20:00:00,Lead,Closed Won,5514.176065735939
8134,Google Ads,2025-12-05 21:00:00,Lead,MQL,0.0
8135,Email,2025-12-05 22:00:00,Lead,Lead,0.0
8136,Google Ads,2025-12-05 23:00:00,Lead,Lead,0.0
8137,Google Ads,2025-12-06 00:00:00,Lead,MQL,0.0
8138,Referral,2025-12-06 01:00:00,Lead,MQL,0.0
8139,Facebook,2025-12-06 02:00:00,Lead,MQL,0.0
8140,Google Ads,2025-12-06 03:00:00,Lead,Lead,0.0
8141,Google Ads,2025-12-06 04:00:00,Lead,Lead,0.0
8142,Email,2025-12-06 05:00:00,Lead,Lead,0.0
8143,Facebook,2025-12-06 06:00:00,Lead,MQL,0.0
8144,Google Ads,2025-12-06 07:00:00,Lead,Lead,0.0
8145,Referral,2025-12-06 08:00:00,Lead,Lead,0.0
8146,Google Ads,2025-12-06 09:00:00,Lead,SQL,0.0
8147,Google Ads,2025-12-06 10:00:00,Lead,Lead,0.0
8148,Organic,2025-12-06 11:00:00,Lead,Lead,0.0
8149,Google Ads,2025-12-06 12:00:00,Lead,Lead,0.0
8150,Google Ads,2025-12-06 13:00:00,Lead,Lead,0.0
8151,Facebook,2025-12-06 14:00:00,Lead,SQL,0.0
8152,Organic,2025-12-06 15:00:00,Lead,Lead,0.0
8153,Google Ads,2025-12-06 16:00:00,Lead,Lead,0.0
8154,Organic,2025-12-06 17:00:00,Lead,Lead,0.0
8155,Email,2025-12-06 18:00:00,Lead,Lead,0.0
8156,Google Ads,2025-12-06 19:00:00,Lead,Lead,0.0
8157,Email,2025-12-06 20:00:00,Lead,SQL,0.0
8158,Google Ads,2025-12-06 21:00:00,Lead,Lead,0.0
8159,Facebook,2025-12-06 22:00:00,Lead,MQL,0.0
8160,Email,2025-12-06 23:00:00,Lead,Lead,0.0
8161,Referral,2025-12-07 00:00:00,Lead,Lead,0.0
8162,Google Ads,2025-12-07 01:00:00,Lead,SQL,0.0
8163,Facebook,2025-12-07 02:00:00,Lead,MQL,0.0
8164,Facebook,2025-12-07 03:00:00,Lead,MQL,0.0
8165,Google Ads,2025-12-07 04:00:00,Lead,SQL,0.0
8166,Google Ads,2025-12-07 05:00:00,Lead,Lead,0.0
8167,Google Ads,2025-12-07 06:00:00,Lead,Lead,0.0
8168,Email,2025-12-07 07:00:00,Lead,Lead,0.0
8169,Facebook,2025-12-07 08:00:00,Lead,Lead,0.0
8170,Google Ads,2025-12-07 09:00:00,Lead,Lead,0.0
8171,Organic,2025-12-07 10:00:00,Lead,Lead,0.0
8172,Organic,2025-12-07 11:00:00,Lead,MQL,0.0
8173,Facebook,2025-12-07 12:00:00,Lead,MQL,0.0
8174,Google Ads,2025-12-07 13:00:00,Lead,MQL,0.0
8175,Facebook,2025-12-07 14:00:00,Lead,Lead,0.0
8176,Google Ads,2025-12-07 15:00:00,Lead,MQL,0.0
8177,Google Ads,2025-12-07 16:00:00,Lead,SQL,0.0
8178,Email,2025-12-07 17:00:00,Lead,Lead,0.0
8179,Google Ads,2025-12-07 18:00:00,Lead,Lead,0.0
8180,Google Ads,2025-12-07 19:00:00,Lead,Lead,0.0
8181,Google Ads,2025-12-07 20:00:00,Lead,Lead,0.0
8182,Google Ads,2025-12-07 21:00:00,Lead,Lead,0.0
8183,Google Ads,2025-12-07 22:00:00,Lead,Lead,0.0
8184,Referral,2025-12-07 23:00:00,Lead,Closed Won,5756.3858667262275
8185,Google Ads,2025-12-08 00:00:00,Lead,MQL,0.0
8186,Google Ads,2025-12-08 01:00:00,Lead,SQL,0.0
8187,Google Ads,2025-12-08 02:00:00,Lead,MQL,0.0
8188,Organic,2025-12-08 03:00:00,Lead,MQL,0.0
8189,Facebook,2025-12-08 04:00:00,Lead,Lead,0.0
8190,Google Ads,2025-12-08 05:00:00,Lead,Lead,0.0
8191,Organic,2025-12-08 06:00:00,Lead,Lead,0.0
8192,Google Ads,2025-12-08 07:00:00,Lead,Lead,0.0
8193,Google Ads,2025-12-08 08:00:00,Lead,Lead,0.0
8194,Google Ads,2025-12-08 09:00:00,Lead,MQL,0.0
8195,Google Ads,2025-12-08 10:00:00,Lead,Lead,0.0
8196,Google Ads,2025-12-08 11:00:00,Lead,Closed Won,4527.211910114833
8197,Email,2025-12-08 12:00:00,Lead,SQL,0.0
8198,Google Ads,2025-12-08 13:00:00,Lead,Lead,0.0
8199,Facebook,2025-12-08 14:00:00,Lead,Lead,0.0
8200,Google Ads,2025-12-08 15:00:00,Lead,Lead,0.0
8201,Google Ads,2025-12-08 16:00:00,Lead,MQL,0.0
8202,Facebook,2025-12-08 17:00:00,Lead,Lead,0.0
8203,Organic,2025-12-08 18:00:00,Lead,SQL,0.0
8204,Google Ads,2025-12-08 19:00:00,Lead,Closed Lost,0.0
8205,Email,2025-12-08 20:00:00,Lead,Lead,0.0
8206,Google Ads,2025-12-08 21:00:00,Lead,SQL,0.0
8207,Google Ads,2025-12-08 22:00:00,Lead,Lead,0.0
8208,Google Ads,2025-12-08 23:00:00,Lead,MQL,0.0
8209,Google Ads,2025-12-09 00:00:00,Lead,SQL,0.0
8210,Google Ads,2025-12-09 01:00:00,Lead,Lead,0.0
8211,Google Ads,2025-12-09 02:00:00,Lead,MQL,0.0
8212,Email,2025-12-09 03:00:00,Lead,MQL,0.0
8213,Google Ads,2025-12-09 04:00:00,Lead,MQL,0.0
8214,Facebook,2025-12-09 05:00:00,Lead,Lead,0.0
8215,Google Ads,2025-12-09 06:00:00,Lead,Lead,0.0
8216,Facebook,2025-12-09 07:00:00,Lead,MQL,0.0
8217,Facebook,2025-12-09 08:00:00,Lead,Lead,0.0
8218,Google Ads,2025-12-09 09:00:00,Lead,MQL,0.0
8219,Google Ads,2025-12-09 10:00:00,Lead,Lead,0.0
8220,Email,2025-12-09 11:00:00,Lead,Lead,0.0
8221,Organic,2025-12-09 12:00:00,Lead,MQL,0.0
8222,Google Ads,2025-12-09 13:00:00,Lead,MQL,0.0
8223,Google Ads,2025-12-09 14:00:00,Lead,MQL,0.0
8224,Organic,2025-12-09 15:00:00,Lead,MQL,0.0
8225,Google Ads,2025-12-09 16:00:00,Lead,MQL,0.0
8226,Facebook,2025-12-09 17:00:00,Lead,Lead,0.0
8227,Google Ads,2025-12-09 18:00:00,Lead,Lead,0.0
8228,Google Ads,2025-12-09 19:00:00,Lead,MQL,0.0
8229,Facebook,2025-12-09 20:00:00,Lead,MQL,0.0
8230,Facebook,2025-12-09 21:00:00,Lead,MQL,0.0
8231,Google Ads,2025-12-09 22:00:00,Lead,Lead,0.0
8232,Facebook,2025-12-09 23:00:00,Lead,Closed Lost,0.0
8233,Email,2025-12-10 00:00:00,Lead,Lead,0.0
8234,Facebook,2025-12-10 01:00:00,Lead,Lead,0.0
8235,Google Ads,2025-12-10 02:00:00,Lead,MQL,0.0
8236,Facebook,2025-12-10 03:00:00,Lead,SQL,0.0
8237,Email,2025-12-10 04:00:00,Lead,Lead,0.0
8238,Email,2025-12-10 05:00:00,Lead,MQL,0.0
8239,Facebook,2025-12-10 06:00:00,Lead,Lead,0.0
8240,Google Ads,2025-12-10 07:00:00,Lead,Lead,0.0
8241,Email,2025-12-10 08:00:00,Lead,MQL,0.0
8242,Email,2025-12-10 09:00:00,Lead,Lead,0.0
8243,Google Ads,2025-12-10 10:00:00,Lead,Lead,0.0
8244,Facebook,2025-12-10 11:00:00,Lead,Lead,0.0
8245,Google Ads,2025-12-10 12:00:00,Lead,Lead,0.0
8246,Email,2025-12-10 13:00:00,Lead,SQL,0.0
8247,Google Ads,2025-12-10 14:00:00,Lead,SQL,0.0
8248,Facebook,2025-12-10 15:00:00,Lead,MQL,0.0
8249,Organic,2025-12-10 16:00:00,Lead,Lead,0.0
8250,Email,2025-12-10 17:00:00,Lead,MQL,0.0
8251,Organic,2025-12-10 18:00:00,Lead,MQL,0.0
8252,Referral,2025-12-10 19:00:00,Lead,Lead,0.0
8253,Google Ads,2025-12-10 20:00:00,Lead,SQL,0.0
8254,Facebook,2025-12-10 21:00:00,Lead,Lead,0.0
8255,Facebook,2025-12-10 22:00:00,Lead,Lead,0.0
8256,Organic,2025-12-10 23:00:00,Lead,MQL,0.0
8257,Google Ads,2025-12-11 00:00:00,Lead,MQL,0.0
8258,Referral,2025-12-11 01:00:00,Lead,Lead,0.0
8259,Facebook,2025-12-11 02:00:00,Lead,MQL,0.0
8260,Email,2025-12-11 03:00:00,Lead,Lead,0.0
8261,Google Ads,2025-12-11 04:00:00,Lead,Lead,0.0
8262,Google Ads,2025-12-11 05:00:00,Lead,Closed Lost,0.0
8263,Email,2025-12-11 06:00:00,Lead,MQL,0.0
8264,Google Ads,2025-12-11 07:00:00,Lead,SQL,0.0
8265,Organic,2025-12-11 08:00:00,Lead,SQL,0.0
8266,Google Ads,2025-12-11 09:00:00,Lead,Lead,0.0
8267,Email,2025-12-11 10:00:00,Lead,Lead,0.0
8268,Google Ads,2025-12-11 11:00:00,Lead,MQL,0.0
8269,Facebook,2025-12-11 12:00:00,Lead,Lead,0.0
8270,Email,2025-12-11 13:00:00,Lead,MQL,0.0
8271,Google Ads,2025-12-11 14:00:00,Lead,Lead,0.0
8272,Google Ads,2025-12-11 15:00:00,Lead,Lead,0.0
8273,Google Ads,2025-12-11 16:00:00,Lead,Lead,0.0
8274,Facebook,2025-12-11 17:00:00,Lead,Lead,0.0
8275,Facebook,2025-12-11 18:00:00,Lead,MQL,0.0
8276,Email,2025-12-11 19:00:00,Lead,MQL,0.0
8277,Facebook,2025-12-11 20:00:00,Lead,SQL,0.0
8278,Facebook,2025-12-11 21:00:00,Lead,MQL,0.0
8279,Google Ads,2025-12-11 22:00:00,Lead,MQL,0.0
8280,Google Ads,2025-12-11 23:00:00,Lead,SQL,0.0
8281,Google Ads,2025-12-12 00:00:00,Lead,Lead,0.0
8282,Referral,2025-12-12 01:00:00,Lead,Lead,0.0
8283,Organic,2025-12-12 02:00:00,Lead,Lead,0.0
8284,Google Ads,2025-12-12 03:00:00,Lead,Lead,0.0
8285,Facebook,2025-12-12 04:00:00,Lead,Lead,0.0
8286,Organic,2025-12-12 05:00:00,Lead,Lead,0.0
8287,Facebook,2025-12-12 06:00:00,Lead,SQL,0.0
8288,Google Ads,2025-12-12 07:00:00,Lead,MQL,0.0
8289,Google Ads,2025-12-12 08:00:00,Lead,Lead,0.0
8290,Facebook,2025-12-12 09:00:00,Lead,Lead,0.0
8291,Referral,2025-12-12 10:00:00,Lead,Lead,0.0
8292,Email,2025-12-12 11:00:00,Lead,Lead,0.0
8293,Google Ads,2025-12-12 12:00:00,Lead,Lead,0.0
8294,Google Ads,2025-12-12 13:00:00,Lead,SQL,0.0
8295,Email,2025-12-12 14:00:00,Lead,MQL,0.0
8296,Organic,2025-12-12 15:00:00,Lead,Lead,0.0
8297,Facebook,2025-12-12 16:00:00,Lead,MQL,0.0
8298,Facebook,2025-12-12 17:00:00,Lead,Lead,0.0
8299,Google Ads,2025-12-12 18:00:00,Lead,MQL,0.0
8300,Organic,2025-12-12 19:00:00,Lead,Lead,0.0
8301,Email,2025-12-12 20:00:00,Lead,Lead,0.0
8302,Google Ads,2025-12-12 21:00:00,Lead,Closed Won,4918.293624353432
8303,Email,2025-12-12 22:00:00,Lead,Lead,0.0
8304,Google Ads,2025-12-12 23:00:00,Lead,SQL,0.0
8305,Google Ads,2025-12-13 00:00:00,Lead,SQL,0.0
8306,Google Ads,2025-12-13 01:00:00,Lead,Lead,0.0
8307,Google Ads,2025-12-13 02:00:00,Lead,Lead,0.0
8308,Google Ads,2025-12-13 03:00:00,Lead,Closed Lost,0.0
8309,Facebook,2025-12-13 04:00:00,Lead,Lead,0.0
8310,Facebook,2025-12-13 05:00:00,Lead,Lead,0.0
8311,Facebook,2025-12-13 06:00:00,Lead,Lead,0.0
8312,Google Ads,2025-12-13 07:00:00,Lead,Lead,0.0
8313,Google Ads,2025-12-13 08:00:00,Lead,Lead,0.0
8314,Facebook,2025-12-13 09:00:00,Lead,Lead,0.0
8315,Google Ads,2025-12-13 10:00:00,Lead,MQL,0.0
8316,Google Ads,2025-12-13 11:00:00,Lead,Lead,0.0
8317,Organic,2025-12-13 12:00:00,Lead,Lead,0.0
8318,Email,2025-12-13 13:00:00,Lead,MQL,0.0
8319,Organic,2025-12-13 14:00:00,Lead,Lead,0.0
8320,Facebook,2025-12-13 15:00:00,Lead,Lead,0.0
8321,Google Ads,2025-12-13 16:00:00,Lead,MQL,0.0
8322,Email,2025-12-13 17:00:00,Lead,MQL,0.0
8323,Google Ads,2025-12-13 18:00:00,Lead,Lead,0.0
8324,Facebook,2025-12-13 19:00:00,Lead,SQL,0.0
8325,Google Ads,2025-12-13 20:00:00,Lead,MQL,0.0
8326,Organic,2025-12-13 21:00:00,Lead,Lead,0.0
8327,Google Ads,2025-12-13 22:00:00,Lead,MQL,0.0
8328,Organic,2025-12-13 23:00:00,Lead,MQL,0.0
8329,Organic,2025-12-14 00:00:00,Lead,MQL,0.0
8330,Facebook,2025-12-14 01:00:00,Lead,Lead,0.0
8331,Email,2025-12-14 02:00:00,Lead,Lead,0.0
8332,Facebook,2025-12-14 03:00:00,Lead,SQL,0.0
8333,Organic,2025-12-14 04:00:00,Lead,Lead,0.0
8334,Facebook,2025-12-14 05:00:00,Lead,MQL,0.0
8335,Email,2025-12-14 06:00:00,Lead,MQL,0.0
8336,Facebook,2025-12-14 07:00:00,Lead,Closed Won,4962.64597045577
8337,Organic,2025-12-14 08:00:00,Lead,Lead,0.0
8338,Facebook,2025-12-14 09:00:00,Lead,MQL,0.0
8339,Facebook,2025-12-14 10:00:00,Lead,MQL,0.0
8340,Email,2025-12-14 11:00:00,Lead,MQL,0.0
8341,Organic,2025-12-14 12:00:00,Lead,Lead,0.0
8342,Facebook,2025-12-14 13:00:00,Lead,Lead,0.0
8343,Google Ads,2025-12-14 14:00:00,Lead,MQL,0.0
8344,Facebook,2025-12-14 15:00:00,Lead,Lead,0.0
8345,Referral,2025-12-14 16:00:00,Lead,MQL,0.0
8346,Email,2025-12-14 17:00:00,Lead,Lead,0.0
8347,Organic,2025-12-14 18:00:00,Lead,SQL,0.0
8348,Google Ads,2025-12-14 19:00:00,Lead,Lead,0.0
8349,Facebook,2025-12-14 20:00:00,Lead,MQL,0.0
8350,Facebook,2025-12-14 21:00:00,Lead,Lead,0.0
8351,Organic,2025-12-14 22:00:00,Lead,SQL,0.0
8352,Google Ads,2025-12-14 23:00:00,Lead,SQL,0.0
8353,Organic,2025-12-15 00:00:00,Lead,MQL,0.0
8354,Facebook,2025-12-15 01:00:00,Lead,Lead,0.0
8355,Google Ads,2025-12-15 02:00:00,Lead,MQL,0.0
8356,Google Ads,2025-12-15 03:00:00,Lead,Lead,0.0
8357,Google Ads,2025-12-15 04:00:00,Lead,SQL,0.0
8358,Facebook,2025-12-15 05:00:00,Lead,Lead,0.0
8359,Google Ads,2025-12-15 06:00:00,Lead,SQL,0.0
8360,Google Ads,2025-12-15 07:00:00,Lead,MQL,0.0
8361,Organic,2025-12-15 08:00:00,Lead,SQL,0.0
8362,Google Ads,2025-12-15 09:00:00,Lead,Lead,0.0
8363,Google Ads,2025-12-15 10:00:00,Lead,MQL,0.0
8364,Facebook,2025-12-15 11:00:00,Lead,Lead,0.0
8365,Facebook,2025-12-15 12:00:00,Lead,Lead,0.0
8366,Email,2025-12-15 13:00:00,Lead,MQL,0.0
8367,Facebook,2025-12-15 14:00:00,Lead,MQL,0.0
8368,Email,2025-12-15 15:00:00,Lead,Closed Lost,0.0
8369,Facebook,2025-12-15 16:00:00,Lead,SQL,0.0
8370,Google Ads,2025-12-15 17:00:00,Lead,Lead,0.0
8371,Google Ads,2025-12-15 18:00:00,Lead,MQL,0.0
8372,Facebook,2025-12-15 19:00:00,Lead,MQL,0.0
8373,Google Ads,2025-12-15 20:00:00,Lead,Lead,0.0
8374,Email,2025-12-15 21:00:00,Lead,Lead,0.0
8375,Facebook,2025-12-15 22:00:00,Lead,Lead,0.0
8376,Google Ads,2025-12-15 23:00:00,Lead,MQL,0.0
8377,Google Ads,2025-12-16 00:00:00,Lead,SQL,0.0
8378,Google Ads,2025-12-16 01:00:00,Lead,Lead,0.0
8379,Facebook,2025-12-16 02:00:00,Lead,Lead,0.0
8380,Facebook,2025-12-16 03:00:00,Lead,MQL,0.0
8381,Facebook,2025-12-16 04:00:00,Lead,MQL,0.0
8382,Google Ads,2025-12-16 05:00:00,Lead,SQL,0.0
8383,Email,2025-12-16 06:00:00,Lead,Lead,0.0
8384,Organic,2025-12-16 07:00:00,Lead,MQL,0.0
8385,Google Ads,2025-12-16 08:00:00,Lead,SQL,0.0
8386,Facebook,2025-12-16 09:00:00,Lead,Lead,0.0
8387,Referral,2025-12-16 10:00:00,Lead,SQL,0.0
8388,Google Ads,2025-12-16 11:00:00,Lead,MQL,0.0
8389,Facebook,2025-12-16 12:00:00,Lead,MQL,0.0
8390,Google Ads,2025-12-16 13:00:00,Lead,MQL,0.0
8391,Facebook,2025-12-16 14:00:00,Lead,Lead,0.0
8392,Google Ads,2025-12-16 15:00:00,Lead,Lead,0.0
8393,Referral,2025-12-16 16:00:00,Lead,Lead,0.0
8394,Email,2025-12-16 17:00:00,Lead,Lead,0.0
8395,Email,2025-12-16 18:00:00,Lead,SQL,0.0
8396,Email,2025-12-16 19:00:00,Lead,Lead,0.0
8397,Facebook,2025-12-16 20:00:00,Lead,MQL,0.0
8398,Facebook,2025-12-16 21:00:00,Lead,MQL,0.0
8399,Organic,2025-12-16 22:00:00,Lead,Lead,0.0
8400,Referral,2025-12-16 23:00:00,Lead,Lead,0.0
8401,Facebook,2025-12-17 00:00:00,Lead,MQL,0.0
8402,Organic,2025-12-17 01:00:00,Lead,Lead,0.0
8403,Facebook,2025-12-17 02:00:00,Lead,MQL,0.0
8404,Facebook,2025-12-17 03:00:00,Lead,Lead,0.0
8405,Facebook,2025-12-17 04:00:00,Lead,Closed Lost,0.0
8406,Google Ads,2025-12-17 05:00:00,Lead,Lead,0.0
8407,Google Ads,2025-12-17 06:00:00,Lead,MQL,0.0
8408,Google Ads,2025-12-17 07:00:00,Lead,Lead,0.0
8409,Facebook,2025-12-17 08:00:00,Lead,Lead,0.0
8410,Google Ads,2025-12-17 09:00:00,Lead,MQL,0.0
8411,Facebook,2025-12-17 10:00:00,Lead,SQL,0.0
8412,Referral,2025-12-17 11:00:00,Lead,Lead,0.0
8413,Google Ads,2025-12-17 12:00:00,Lead,MQL,0.0
8414,Facebook,2025-12-17 13:00:00,Lead,MQL,0.0
8415,Google Ads,2025-12-17 14:00:00,Lead,SQL,0.0
8416,Google Ads,2025-12-17 15:00:00,Lead,Lead,0.0
8417,Email,2025-12-17 16:00:00,Lead,Lead,0.0
8418,Facebook,2025-12-17 17:00:00,Lead,Lead,0.0
8419,Email,2025-12-17 18:00:00,Lead,Lead,0.0
8420,Google Ads,2025-12-17 19:00:00,Lead,Lead,0.0
8421,Facebook,2025-12-17 20:00:00,Lead,Lead,0.0
8422,Google Ads,2025-12-17 21:00:00,Lead,SQL,0.0
8423,Google Ads,2025-12-17 22:00:00,Lead,Lead,0.0
8424,Google Ads,2025-12-17 23:00:00,Lead,Closed Lost,0.0
8425,Google Ads,2025-12-18 00:00:00,Lead,MQL,0.0
8426,Google Ads,2025-12-18 01:00:00,Lead,Lead,0.0
8427,Google Ads,2025-12-18 02:00:00,Lead,MQL,0.0
8428,Referral,2025-12-18 03:00:00,Lead,MQL,0.0
8429,Google Ads,2025-12-18 04:00:00,Lead,MQL,0.0
8430,Google Ads,2025-12-18 05:00:00,Lead,Lead,0.0
8431,Google Ads,2025-12-18 06:00:00,Lead,Lead,0.0
8432,Facebook,2025-12-18 07:00:00,Lead,MQL,0.0
8433,Google Ads,2025-12-18 08:00:00,Lead,MQL,0.0
8434,Organic,2025-12-18 09:00:00,Lead,Lead,0.0
8435,Referral,2025-12-18 10:00:00,Lead,Lead,0.0
8436,Google Ads,2025-12-18 11:00:00,Lead,Lead,0.0
8437,Facebook,2025-12-18 12:00:00,Lead,Lead,0.0
8438,Google Ads,2025-12-18 13:00:00,Lead,Lead,0.0
8439,Facebook,2025-12-18 14:00:00,Lead,MQL,0.0
8440,Facebook,2025-12-18 15:00:00,Lead,Lead,0.0
8441,Google Ads,2025-12-18 16:00:00,Lead,Lead,0.0
8442,Google Ads,2025-12-18 17:00:00,Lead,Lead,0.0
8443,Email,2025-12-18 18:00:00,Lead,Lead,0.0
8444,Facebook,2025-12-18 19:00:00,Lead,Lead,0.0
8445,Google Ads,2025-12-18 20:00:00,Lead,Lead,0.0
8446,Email,2025-12-18 21:00:00,Lead,MQL,0.0
8447,Facebook,2025-12-18 22:00:00,Lead,SQL,0.0
8448,Organic,2025-12-18 23:00:00,Lead,Lead,0.0
8449,Google Ads,2025-12-19 00:00:00,Lead,MQL,0.0
8450,Email,2025-12-19 01:00:00,Lead,Lead,0.0
8451,Email,2025-12-19 02:00:00,Lead,Lead,0.0
8452,Google Ads,2025-12-19 03:00:00,Lead,Lead,0.0
8453,Email,2025-12-19 04:00:00,Lead,Lead,0.0
8454,Facebook,2025-12-19 05:00:00,Lead,SQL,0.0
8455,Organic,2025-12-19 06:00:00,Lead,MQL,0.0
8456,Google Ads,2025-12-19 07:00:00,Lead,Lead,0.0
8457,Facebook,2025-12-19 08:00:00,Lead,MQL,0.0
8458,Google Ads,2025-12-19 09:00:00,Lead,Lead,0.0
8459,Referral,2025-12-19 10:00:00,Lead,MQL,0.0
8460,Google Ads,2025-12-19 11:00:00,Lead,Lead,0.0
8461,Referral,2025-12-19 12:00:00,Lead,Lead,0.0
8462,Organic,2025-12-19 13:00:00,Lead,Lead,0.0
8463,Google Ads,2025-12-19 14:00:00,Lead,MQL,0.0
8464,Organic,2025-12-19 15:00:00,Lead,MQL,0.0
8465,Referral,2025-12-19 16:00:00,Lead,Lead,0.0
8466,Google Ads,2025-12-19 17:00:00,Lead,Lead,0.0
8467,Facebook,2025-12-19 18:00:00,Lead,Lead,0.0
8468,Facebook,2025-12-19 19:00:00,Lead,MQL,0.0
8469,Google Ads,2025-12-19 20:00:00,Lead,Lead,0.0
8470,Google Ads,2025-12-19 21:00:00,Lead,Lead,0.0
8471,Google Ads,2025-12-19 22:00:00,Lead,MQL,0.0
8472,Google Ads,2025-12-19 23:00:00,Lead,Lead,0.0
8473,Facebook,2025-12-20 00:00:00,Lead,Lead,0.0
8474,Google Ads,2025-12-20 01:00:00,Lead,Lead,0.0
8475,Organic,2025-12-20 02:00:00,Lead,MQL,0.0
8476,Email,2025-12-20 03:00:00,Lead,Lead,0.0
8477,Google Ads,2025-12-20 04:00:00,Lead,MQL,0.0
8478,Email,2025-12-20 05:00:00,Lead,Lead,0.0
8479,Email,2025-12-20 06:00:00,Lead,Closed Won,4340.562850198427
8480,Referral,2025-12-20 07:00:00,Lead,Lead,0.0
8481,Google Ads,2025-12-20 08:00:00,Lead,Lead,0.0
8482,Google Ads,2025-12-20 09:00:00,Lead,MQL,0.0
8483,Organic,2025-12-20 10:00:00,Lead,Lead,0.0
8484,Organic,2025-12-20 11:00:00,Lead,Lead,0.0
8485,Email,2025-12-20 12:00:00,Lead,Lead,0.0
8486,Email,2025-12-20 13:00:00,Lead,SQL,0.0
8487,Google Ads,2025-12-20 14:00:00,Lead,Lead,0.0
8488,Facebook,2025-12-20 15:00:00,Lead,Lead,0.0
8489,Google Ads,2025-12-20 16:00:00,Lead,Lead,0.0
8490,Google Ads,2025-12-20 17:00:00,Lead,MQL,0.0
8491,Organic,2025-12-20 18:00:00,Lead,Lead,0.0
8492,Google Ads,2025-12-20 19:00:00,Lead,Lead,0.0
8493,Facebook,2025-12-20 20:00:00,Lead,MQL,0.0
8494,Organic,2025-12-20 21:00:00,Lead,Lead,0.0
8495,Google Ads,2025-12-20 22:00:00,Lead,Lead,0.0
8496,Referral,2025-12-20 23:00:00,Lead,Lead,0.0
8497,Referral,2025-12-21 00:00:00,Lead,MQL,0.0
8498,Facebook,2025-12-21 01:00:00,Lead,MQL,0.0
8499,Google Ads,2025-12-21 02:00:00,Lead,MQL,0.0
8500,Google Ads,2025-12-21 03:00:00,Lead,Lead,0.0
8501,Facebook,2025-12-21 04:00:00,Lead,Lead,0.0
8502,Google Ads,2025-12-21 05:00:00,Lead,Lead,0.0
8503,Google Ads,2025-12-21 06:00:00,Lead,Lead,0.0
8504,Referral,2025-12-21 07:00:00,Lead,Lead,0.0
8505,Google Ads,2025-12-21 08:00:00,Lead,SQL,0.0
8506,Email,2025-12-21 09:00:00,Lead,MQL,0.0
8507,Google Ads,2025-12-21 10:00:00,Lead,MQL,0.0
8508,Facebook,2025-12-21 11:00:00,Lead,Lead,0.0
8509,Organic,2025-12-21 12:00:00,Lead,Lead,0.0
8510,Google Ads,2025-12-21 13:00:00,Lead,SQL,0.0
8511,Google Ads,2025-12-21 14:00:00,Lead,MQL,0.0
8512,Email,2025-12-21 15:00:00,Lead,Lead,0.0
8513,Email,2025-12-21 16:00:00,Lead,MQL,0.0
8514,Email,2025-12-21 17:00:00,Lead,SQL,0.0
8515,Google Ads,2025-12-21 18:00:00,Lead,MQL,0.0
8516,Google Ads,2025-12-21 19:00:00,Lead,Lead,0.0
8517,Referral,2025-12-21 20:00:00,Lead,MQL,0.0
8518,Organic,2025-12-21 21:00:00,Lead,Lead,0.0
8519,Facebook,2025-12-21 22:00:00,Lead,MQL,0.0
8520,Organic,2025-12-21 23:00:00,Lead,Lead,0.0
8521,Facebook,2025-12-22 00:00:00,Lead,Lead,0.0
8522,Facebook,2025-12-22 01:00:00,Lead,Lead,0.0
8523,Google Ads,2025-12-22 02:00:00,Lead,Lead,0.0
8524,Facebook,2025-12-22 03:00:00,Lead,Lead,0.0
8525,Facebook,2025-12-22 04:00:00,Lead,Lead,0.0
8526,Google Ads,2025-12-22 05:00:00,Lead,Lead,0.0
8527,Facebook,2025-12-22 06:00:00,Lead,MQL,0.0
8528,Email,2025-12-22 07:00:00,Lead,SQL,0.0
8529,Email,2025-12-22 08:00:00,Lead,Lead,0.0
8530,Facebook,2025-12-22 09:00:00,Lead,MQL,0.0
8531,Organic,2025-12-22 10:00:00,Lead,Lead,0.0
8532,Google Ads,2025-12-22 11:00:00,Lead,SQL,0.0
8533,Facebook,2025-12-22 12:00:00,Lead,MQL,0.0
8534,Email,2025-12-22 13:00:00,Lead,SQL,0.0
8535,Facebook,2025-12-22 14:00:00,Lead,Lead,0.0
8536,Google Ads,2025-12-22 15:00:00,Lead,SQL,0.0
8537,Google Ads,2025-12-22 16:00:00,Lead,Lead,0.0
8538,Organic,2025-12-22 17:00:00,Lead,Lead,0.0
8539,Facebook,2025-12-22 18:00:00,Lead,Lead,0.0
8540,Organic,2025-12-22 19:00:00,Lead,MQL,0.0
8541,Facebook,2025-12-22 20:00:00,Lead,Closed Lost,0.0
8542,Email,2025-12-22 21:00:00,Lead,Lead,0.0
8543,Organic,2025-12-22 22:00:00,Lead,Lead,0.0
8544,Email,2025-12-22 23:00:00,Lead,MQL,0.0
8545,Google Ads,2025-12-23 00:00:00,Lead,Lead,0.0
8546,Facebook,2025-12-23 01:00:00,Lead,Lead,0.0
8547,Organic,2025-12-23 02:00:00,Lead,Lead,0.0
8548,Google Ads,2025-12-23 03:00:00,Lead,MQL,0.0
8549,Google Ads,2025-12-23 04:00:00,Lead,MQL,0.0
8550,Google Ads,2025-12-23 05:00:00,Lead,Lead,0.0
8551,Organic,2025-12-23 06:00:00,Lead,Lead,0.0
8552,Google Ads,2025-12-23 07:00:00,Lead,MQL,0.0
8553,Facebook,2025-12-23 08:00:00,Lead,Lead,0.0
8554,Facebook,2025-12-23 09:00:00,Lead,SQL,0.0
8555,Facebook,2025-12-23 10:00:00,Lead,SQL,0.0
8556,Email,2025-12-23 11:00:00,Lead,Lead,0.0
8557,Google Ads,2025-12-23 12:00:00,Lead,MQL,0.0
8558,Facebook,2025-12-23 13:00:00,Lead,Lead,0.0
8559,Email,2025-12-23 14:00:00,Lead,Lead,0.0
8560,Organic,2025-12-23 15:00:00,Lead,Lead,0.0
8561,Google Ads,2025-12-23 16:00:00,Lead,Lead,0.0
8562,Organic,2025-12-23 17:00:00,Lead,MQL,0.0
8563,Email,2025-12-23 18:00:00,Lead,SQL,0.0
8564,Organic,2025-12-23 19:00:00,Lead,MQL,0.0
8565,Facebook,2025-12-23 20:00:00,Lead,Lead,0.0
8566,Facebook,2025-12-23 21:00:00,Lead,SQL,0.0
8567,Organic,2025-12-23 22:00:00,Lead,Lead,0.0
8568,Organic,2025-12-23 23:00:00,Lead,Lead,0.0
8569,Facebook,2025-12-24 00:00:00,Lead,Lead,0.0
8570,Google Ads,2025-12-24 01:00:00,Lead,SQL,0.0
8571,Google Ads,2025-12-24 02:00:00,Lead,MQL,0.0
8572,Google Ads,2025-12-24 03:00:00,Lead,Lead,0.0
8573,Google Ads,2025-12-24 04:00:00,Lead,Lead,0.0
8574,Google Ads,2025-12-24 05:00:00,Lead,Lead,0.0
8575,Organic,2025-12-24 06:00:00,Lead,Lead,0.0
8576,Google Ads,2025-12-24 07:00:00,Lead,Lead,0.0
8577,Email,2025-12-24 08:00:00,Lead,Lead,0.0
8578,Google Ads,2025-12-24 09:00:00,Lead,Lead,0.0
8579,Google Ads,2025-12-24 10:00:00,Lead,Lead,0.0
8580,Google Ads,2025-12-24 11:00:00,Lead,Lead,0.0
8581,Google Ads,2025-12-24 12:00:00,Lead,Lead,0.0
8582,Email,2025-12-24 13:00:00,Lead,Lead,0.0
8583,Organic,2025-12-24 14:00:00,Lead,Closed Won,3142.2589714785395
8584,Google Ads,2025-12-24 15:00:00,Lead,SQL,0.0
8585,Facebook,2025-12-24 16:00:00,Lead,Lead,0.0
8586,Facebook,2025-12-24 17:00:00,Lead,SQL,0.0
8587,Organic,2025-12-24 18:00:00,Lead,Lead,0.0
8588,Email,2025-12-24 19:00:00,Lead,Lead,0.0
8589,Facebook,2025-12-24 20:00:00,Lead,Lead,0.0
8590,Email,2025-12-24 21:00:00,Lead,Lead,0.0
8591,Organic,2025-12-24 22:00:00,Lead,SQL,0.0
8592,Google Ads,2025-12-24 23:00:00,Lead,MQL,0.0
8593,Facebook,2025-12-25 00:00:00,Lead,Lead,0.0
8594,Organic,2025-12-25 01:00:00,Lead,Lead,0.0
8595,Email,2025-12-25 02:00:00,Lead,MQL,0.0
8596,Facebook,2025-12-25 03:00:00,Lead,Lead,0.0
8597,Facebook,2025-12-25 04:00:00,Lead,Lead,0.0
8598,Google Ads,2025-12-25 05:00:00,Lead,MQL,0.0
8599,Facebook,2025-12-25 06:00:00,Lead,Lead,0.0
8600,Email,2025-12-25 07:00:00,Lead,Lead,0.0
8601,Facebook,2025-12-25 08:00:00,Lead,Lead,0.0
8602,Email,2025-12-25 09:00:00,Lead,Lead,0.0
8603,Organic,2025-12-25 10:00:00,Lead,SQL,0.0
8604,Google Ads,2025-12-25 11:00:00,Lead,Lead,0.0
8605,Facebook,2025-12-25 12:00:00,Lead,MQL,0.0
8606,Facebook,2025-12-25 13:00:00,Lead,SQL,0.0
8607,Email,2025-12-25 14:00:00,Lead,SQL,0.0
8608,Google Ads,2025-12-25 15:00:00,Lead,Lead,0.0
8609,Facebook,2025-12-25 16:00:00,Lead,MQL,0.0
8610,Organic,2025-12-25 17:00:00,Lead,Closed Won,5748.887728372496
8611,Facebook,2025-12-25 18:00:00,Lead,Closed Lost,0.0
8612,Organic,2025-12-25 19:00:00,Lead,SQL,0.0
8613,Referral,2025-12-25 20:00:00,Lead,Lead,0.0
8614,Google Ads,2025-12-25 21:00:00,Lead,MQL,0.0
8615,Google Ads,2025-12-25 22:00:00,Lead,SQL,0.0
8616,Referral,2025-12-25 23:00:00,Lead,Lead,0.0
8617,Referral,2025-12-26 00:00:00,Lead,Lead,0.0
8618,Google Ads,2025-12-26 01:00:00,Lead,MQL,0.0
8619,Google Ads,2025-12-26 02:00:00,Lead,MQL,0.0
8620,Google Ads,2025-12-26 03:00:00,Lead,Lead,0.0
8621,Referral,2025-12-26 04:00:00,Lead,MQL,0.0
8622,Google Ads,2025-12-26 05:00:00,Lead,Lead,0.0
8623,Facebook,2025-12-26 06:00:00,Lead,MQL,0.0
8624,Organic,2025-12-26 07:00:00,Lead,Lead,0.0
8625,Google Ads,2025-12-26 08:00:00,Lead,MQL,0.0
8626,Facebook,2025-12-26 09:00:00,Lead,MQL,0.0
8627,Google Ads,2025-12-26 10:00:00,Lead,Lead,0.0
8628,Organic,2025-12-26 11:00:00,Lead,Lead,0.0
8629,Google Ads,2025-12-26 12:00:00,Lead,MQL,0.0
8630,Email,2025-12-26 13:00:00,Lead,SQL,0.0
8631,Email,2025-12-26 14:00:00,Lead,Lead,0.0
8632,Google Ads,2025-12-26 15:00:00,Lead,Lead,0.0
8633,Google Ads,2025-12-26 16:00:00,Lead,MQL,0.0
8634,Facebook,2025-12-26 17:00:00,Lead,MQL,0.0
8635,Google Ads,2025-12-26 18:00:00,Lead,Lead,0.0
8636,Organic,2025-12-26 19:00:00,Lead,Closed Won,4217.174879442433
8637,Organic,2025-12-26 20:00:00,Lead,Lead,0.0
8638,Facebook,2025-12-26 21:00:00,Lead,MQL,0.0
8639,Facebook,2025-12-26 22:00:00,Lead,Lead,0.0
8640,Facebook,2025-12-26 23:00:00,Lead,Lead,0.0
8641,Organic,2025-12-27 00:00:00,Lead,MQL,0.0
8642,Facebook,2025-12-27 01:00:00,Lead,Lead,0.0
8643,Google Ads,2025-12-27 02:00:00,Lead,Lead,0.0
8644,Google Ads,2025-12-27 03:00:00,Lead,Lead,0.0
8645,Facebook,2025-12-27 04:00:00,Lead,SQL,0.0
8646,Facebook,2025-12-27 05:00:00,Lead,Lead,0.0
8647,Facebook,2025-12-27 06:00:00,Lead,Lead,0.0
8648,Google Ads,2025-12-27 07:00:00,Lead,MQL,0.0
8649,Email,2025-12-27 08:00:00,Lead,SQL,0.0
8650,Google Ads,2025-12-27 09:00:00,Lead,MQL,0.0
8651,Google Ads,2025-12-27 10:00:00,Lead,Lead,0.0
8652,Facebook,2025-12-27 11:00:00,Lead,Lead,0.0
8653,Google Ads,2025-12-27 12:00:00,Lead,Lead,0.0
8654,Facebook,2025-12-27 13:00:00,Lead,Lead,0.0
8655,Google Ads,2025-12-27 14:00:00,Lead,MQL,0.0
8656,Facebook,2025-12-27 15:00:00,Lead,Lead,0.0
8657,Facebook,2025-12-27 16:00:00,Lead,Lead,0.0
8658,Google Ads,2025-12-27 17:00:00,Lead,Lead,0.0
8659,Google Ads,2025-12-27 18:00:00,Lead,Closed Lost,0.0
8660,Organic,2025-12-27 19:00:00,Lead,Lead,0.0
8661,Facebook,2025-12-27 20:00:00,Lead,Lead,0.0
8662,Facebook,2025-12-27 21:00:00,Lead,Lead,0.0
8663,Google Ads,2025-12-27 22:00:00,Lead,SQL,0.0
8664,Facebook,2025-12-27 23:00:00,Lead,Lead,0.0
8665,Facebook,2025-12-28 00:00:00,Lead,MQL,0.0
8666,Facebook,2025-12-28 01:00:00,Lead,MQL,0.0
8667,Email,2025-12-28 02:00:00,Lead,MQL,0.0
8668,Google Ads,2025-12-28 03:00:00,Lead,MQL,0.0
8669,Google Ads,2025-12-28 04:00:00,Lead,MQL,0.0
8670,Organic,2025-12-28 05:00:00,Lead,Lead,0.0
8671,Organic,2025-12-28 06:00:00,Lead,SQL,0.0
8672,Google Ads,2025-12-28 07:00:00,Lead,Lead,0.0
8673,Facebook,2025-12-28 08:00:00,Lead,MQL,0.0
8674,Google Ads,2025-12-28 09:00:00,Lead,SQL,0.0
8675,Google Ads,2025-12-28 10:00:00,Lead,Lead,0.0
8676,Google Ads,2025-12-28 11:00:00,Lead,Lead,0.0
8677,Google Ads,2025-12-28 12:00:00,Lead,Lead,0.0
8678,Email,2025-12-28 13:00:00,Lead,Lead,0.0
8679,Facebook,2025-12-28 14:00:00,Lead,MQL,0.0
8680,Google Ads,2025-12-28 15:00:00,Lead,Lead,0.0
8681,Google Ads,2025-12-28 16:00:00,Lead,MQL,0.0
8682,Organic,2025-12-28 17:00:00,Lead,Lead,0.0
8683,Google Ads,2025-12-28 18:00:00,Lead,Lead,0.0
8684,Facebook,2025-12-28 19:00:00,Lead,SQL,0.0
8685,Google Ads,2025-12-28 20:00:00,Lead,MQL,0.0
8686,Facebook,2025-12-28 21:00:00,Lead,Lead,0.0
8687,Google Ads,2025-12-28 22:00:00,Lead,Lead,0.0
8688,Google Ads,2025-12-28 23:00:00,Lead,MQL,0.0
8689,Google Ads,2025-12-29 00:00:00,Lead,SQL,0.0
8690,Google Ads,2025-12-29 01:00:00,Lead,MQL,0.0
8691,Facebook,2025-12-29 02:00:00,Lead,Lead,0.0
8692,Email,2025-12-29 03:00:00,Lead,MQL,0.0
8693,Google Ads,2025-12-29 04:00:00,Lead,SQL,0.0
8694,Google Ads,2025-12-29 05:00:00,Lead,Lead,0.0
8695,Facebook,2025-12-29 06:00:00,Lead,MQL,0.0
8696,Facebook,2025-12-29 07:00:00,Lead,Lead,0.0
8697,Referral,2025-12-29 08:00:00,Lead,Lead,0.0
8698,Facebook,2025-12-29 09:00:00,Lead,MQL,0.0
8699,Facebook,2025-12-29 10:00:00,Lead,Lead,0.0
8700,Facebook,2025-12-29 11:00:00,Lead,Lead,0.0
8701,Organic,2025-12-29 12:00:00,Lead,Lead,0.0
8702,Organic,2025-12-29 13:00:00,Lead,MQL,0.0
8703,Google Ads,2025-12-29 14:00:00,Lead,Lead,0.0
8704,Google Ads,2025-12-29 15:00:00,Lead,Lead,0.0
8705,Google Ads,2025-12-29 16:00:00,Lead,Lead,0.0
8706,Facebook,2025-12-29 17:00:00,Lead,Lead,0.0
8707,Email,2025-12-29 18:00:00,Lead,Lead,0.0
8708,Facebook,2025-12-29 19:00:00,Lead,Lead,0.0
8709,Google Ads,2025-12-29 20:00:00,Lead,Lead,0.0
8710,Email,2025-12-29 21:00:00,Lead,Lead,0.0
8711,Organic,2025-12-29 22:00:00,Lead,Lead,0.0
8712,Google Ads,2025-12-29 23:00:00,Lead,Lead,0.0
8713,Email,2025-12-30 00:00:00,Lead,MQL,0.0
8714,Facebook,2025-12-30 01:00:00,Lead,Lead,0.0
8715,Organic,2025-12-30 02:00:00,Lead,Lead,0.0
8716,Organic,2025-12-30 03:00:00,Lead,Lead,0.0
8717,Facebook,2025-12-30 04:00:00,Lead,SQL,0.0
8718,Email,2025-12-30 05:00:00,Lead,SQL,0.0
8719,Organic,2025-12-30 06:00:00,Lead,MQL,0.0
8720,Facebook,2025-12-30 07:00:00,Lead,SQL,0.0
8721,Google Ads,2025-12-30 08:00:00,Lead,MQL,0.0
8722,Email,2025-12-30 09:00:00,Lead,MQL,0.0
8723,Google Ads,2025-12-30 10:00:00,Lead,Lead,0.0
8724,Google Ads,2025-12-30 11:00:00,Lead,SQL,0.0
8725,Organic,2025-12-30 12:00:00,Lead,Lead,0.0
8726,Email,2025-12-30 13:00:00,Lead,MQL,0.0
8727,Facebook,2025-12-30 14:00:00,Lead,Lead,0.0
8728,Google Ads,2025-12-30 15:00:00,Lead,Lead,0.0
8729,Google Ads,2025-12-30 16:00:00,Lead,SQL,0.0
8730,Google Ads,2025-12-30 17:00:00,Lead,Lead,0.0
8731,Google Ads,2025-12-30 18:00:00,Lead,MQL,0.0
8732,Email,2025-12-30 19:00:00,Lead,Lead,0.0
8733,Google Ads,2025-12-30 20:00:00,Lead,MQL,0.0
8734,Facebook,2025-12-30 21:00:00,Lead,Closed Won,6657.164552083727
8735,Google Ads,2025-12-30 22:00:00,Lead,MQL,0.0
8736,Referral,2025-12-30 23:00:00,Lead,Closed Lost,0.0
8737,Google Ads,2025-12-31 00:00:00,Lead,Lead,0.0
8738,Google Ads,2025-12-31 01:00:00,Lead,Lead,0.0
8739,Google Ads,2025-12-31 02:00:00,Lead,MQL,0.0
8740,Facebook,2025-12-31 03:00:00,Lead,Lead,0.0
8741,Facebook,2025-12-31 04:00:00,Lead,Lead,0.0
8742,Facebook,2025-12-31 05:00:00,Lead,MQL,0.0
8743,Facebook,2025-12-31 06:00:00,Lead,MQL,0.0
8744,Google Ads,2025-12-31 07:00:00,Lead,Lead,0.0
8745,Facebook,2025-12-31 08:00:00,Lead,Lead,0.0
8746,Facebook,2025-12-31 09:00:00,Lead,MQL,0.0
8747,Google Ads,2025-12-31 10:00:00,Lead,Lead,0.0
8748,Google Ads,2025-12-31 11:00:00,Lead,Lead,0.0
8749,Google Ads,2025-12-31 12:00:00,Lead,Lead,0.0
8750,Google Ads,2025-12-31 13:00:00,Lead,Lead,0.0
8751,Facebook,2025-12-31 14:00:00,Lead,MQL,0.0
8752,Google Ads,2025-12-31 15:00:00,Lead,Lead,0.0
8753,Google Ads,2025-12-31 16:00:00,Lead,SQL,0.0
8754,Google Ads,2025-12-31 17:00:00,Lead,Lead,0.0
8755,Referral,2025-12-31 18:00:00,Lead,Lead,0.0
8756,Organic,2025-12-31 19:00:00,Lead,Lead,0.0
8757,Google Ads,2025-12-31 20:00:00,Lead,Lead,0.0
8758,Google Ads,2025-12-31 21:00:00,Lead,MQL,0.0
8759,Google Ads,2025-12-31 22:00:00,Lead,SQL,0.0
8760,Facebook,2025-12-31 23:00:00,Lead,MQL,0.0
8761,Google Ads,2026-01-01 00:00:00,Lead,Lead,0.0
8762,Email,2026-01-01 01:00:00,Lead,Lead,0.0
8763,Facebook,2026-01-01 02:00:00,Lead,MQL,0.0
8764,Organic,2026-01-01 03:00:00,Lead,Lead,0.0
8765,Google Ads,2026-01-01 04:00:00,Lead,Lead,0.0
8766,Organic,2026-01-01 05:00:00,Lead,Lead,0.0
8767,Email,2026-01-01 06:00:00,Lead,Lead,0.0
8768,Google Ads,2026-01-01 07:00:00,Lead,MQL,0.0
8769,Google Ads,2026-01-01 08:00:00,Lead,Lead,0.0
8770,Google Ads,2026-01-01 09:00:00,Lead,Lead,0.0
8771,Google Ads,2026-01-01 10:00:00,Lead,Lead,0.0
8772,Google Ads,2026-01-01 11:00:00,Lead,SQL,0.0
8773,Facebook,2026-01-01 12:00:00,Lead,MQL,0.0
8774,Facebook,2026-01-01 13:00:00,Lead,MQL,0.0
8775,Organic,2026-01-01 14:00:00,Lead,Lead,0.0
8776,Google Ads,2026-01-01 15:00:00,Lead,Lead,0.0
8777,Referral,2026-01-01 16:00:00,Lead,MQL,0.0
8778,Google Ads,2026-01-01 17:00:00,Lead,MQL,0.0
8779,Email,2026-01-01 18:00:00,Lead,MQL,0.0
8780,Google Ads,2026-01-01 19:00:00,Lead,MQL,0.0
8781,Google Ads,2026-01-01 20:00:00,Lead,Lead,0.0
8782,Organic,2026-01-01 21:00:00,Lead,Lead,0.0
8783,Google Ads,2026-01-01 22:00:00,Lead,MQL,0.0
8784,Email,2026-01-01 23:00:00,Lead,MQL,0.0
8785,Facebook,2026-01-02 00:00:00,Lead,MQL,0.0
8786,Facebook,2026-01-02 01:00:00,Lead,MQL,0.0
8787,Facebook,2026-01-02 02:00:00,Lead,Lead,0.0
8788,Email,2026-01-02 03:00:00,Lead,Lead,0.0
8789,Google Ads,2026-01-02 04:00:00,Lead,Lead,0.0
8790,Email,2026-01-02 05:00:00,Lead,Closed Lost,0.0
8791,Organic,2026-01-02 06:00:00,Lead,Lead,0.0
8792,Google Ads,2026-01-02 07:00:00,Lead,MQL,0.0
8793,Google Ads,2026-01-02 08:00:00,Lead,Lead,0.0
8794,Email,2026-01-02 09:00:00,Lead,Lead,0.0
8795,Facebook,2026-01-02 10:00:00,Lead,Lead,0.0
8796,Facebook,2026-01-02 11:00:00,Lead,MQL,0.0
8797,Google Ads,2026-01-02 12:00:00,Lead,MQL,0.0
8798,Facebook,2026-01-02 13:00:00,Lead,Lead,0.0
8799,Google Ads,2026-01-02 14:00:00,Lead,Closed Lost,0.0
8800,Facebook,2026-01-02 15:00:00,Lead,SQL,0.0
8801,Email,2026-01-02 16:00:00,Lead,Lead,0.0
8802,Google Ads,2026-01-02 17:00:00,Lead,Lead,0.0
8803,Facebook,2026-01-02 18:00:00,Lead,MQL,0.0
8804,Referral,2026-01-02 19:00:00,Lead,MQL,0.0
8805,Email,2026-01-02 20:00:00,Lead,SQL,0.0
8806,Organic,2026-01-02 21:00:00,Lead,SQL,0.0
8807,Facebook,2026-01-02 22:00:00,Lead,Lead,0.0
8808,Email,2026-01-02 23:00:00,Lead,Lead,0.0
8809,Google Ads,2026-01-03 00:00:00,Lead,Lead,0.0
8810,Google Ads,2026-01-03 01:00:00,Lead,Lead,0.0
8811,Google Ads,2026-01-03 02:00:00,Lead,Lead,0.0
8812,Facebook,2026-01-03 03:00:00,Lead,Lead,0.0
8813,Organic,2026-01-03 04:00:00,Lead,Lead,0.0
8814,Google Ads,2026-01-03 05:00:00,Lead,SQL,0.0
8815,Email,2026-01-03 06:00:00,Lead,MQL,0.0
8816,Email,2026-01-03 07:00:00,Lead,SQL,0.0
8817,Facebook,2026-01-03 08:00:00,Lead,MQL,0.0
8818,Google Ads,2026-01-03 09:00:00,Lead,Lead,0.0
8819,Facebook,2026-01-03 10:00:00,Lead,Lead,0.0
8820,Google Ads,2026-01-03 11:00:00,Lead,MQL,0.0
8821,Google Ads,2026-01-03 12:00:00,Lead,Lead,0.0
8822,Referral,2026-01-03 13:00:00,Lead,Lead,0.0
8823,Google Ads,2026-01-03 14:00:00,Lead,Lead,0.0
8824,Google Ads,2026-01-03 15:00:00,Lead,Lead,0.0
8825,Organic,2026-01-03 16:00:00,Lead,Lead,0.0
8826,Google Ads,2026-01-03 17:00:00,Lead,Lead,0.0
8827,Email,2026-01-03 18:00:00,Lead,Lead,0.0
8828,Google Ads,2026-01-03 19:00:00,Lead,Lead,0.0
8829,Google Ads,2026-01-03 20:00:00,Lead,Lead,0.0
8830,Google Ads,2026-01-03 21:00:00,Lead,Lead,0.0
8831,Google Ads,2026-01-03 22:00:00,Lead,MQL,0.0
8832,Facebook,2026-01-03 23:00:00,Lead,Lead,0.0
8833,Email,2026-01-04 00:00:00,Lead,MQL,0.0
8834,Facebook,2026-01-04 01:00:00,Lead,MQL,0.0
8835,Organic,2026-01-04 02:00:00,Lead,Lead,0.0
8836,Google Ads,2026-01-04 03:00:00,Lead,Lead,0.0
8837,Facebook,2026-01-04 04:00:00,Lead,Lead,0.0
8838,Facebook,2026-01-04 05:00:00,Lead,MQL,0.0
8839,Organic,2026-01-04 06:00:00,Lead,MQL,0.0
8840,Google Ads,2026-01-04 07:00:00,Lead,MQL,0.0
8841,Facebook,2026-01-04 08:00:00,Lead,MQL,0.0
8842,Organic,2026-01-04 09:00:00,Lead,MQL,0.0
8843,Google Ads,2026-01-04 10:00:00,Lead,MQL,0.0
8844,Organic,2026-01-04 11:00:00,Lead,Lead,0.0
8845,Google Ads,2026-01-04 12:00:00,Lead,MQL,0.0
8846,Email,2026-01-04 13:00:00,Lead,Lead,0.0
8847,Organic,2026-01-04 14:00:00,Lead,Lead,0.0
8848,Email,2026-01-04 15:00:00,Lead,Lead,0.0
8849,Facebook,2026-01-04 16:00:00,Lead,MQL,0.0
8850,Google Ads,2026-01-04 17:00:00,Lead,Lead,0.0
8851,Organic,2026-01-04 18:00:00,Lead,Lead,0.0
8852,Facebook,2026-01-04 19:00:00,Lead,Lead,0.0
8853,Google Ads,2026-01-04 20:00:00,Lead,SQL,0.0
8854,Email,2026-01-04 21:00:00,Lead,Lead,0.0
8855,Facebook,2026-01-04 22:00:00,Lead,MQL,0.0
8856,Google Ads,2026-01-04 23:00:00,Lead,Lead,0.0
8857,Google Ads,2026-01-05 00:00:00,Lead,SQL,0.0
8858,Google Ads,2026-01-05 01:00:00,Lead,Lead,0.0
8859,Facebook,2026-01-05 02:00:00,Lead,Lead,0.0
8860,Facebook,2026-01-05 03:00:00,Lead,Lead,0.0
8861,Facebook,2026-01-05 04:00:00,Lead,Lead,0.0
8862,Organic,2026-01-05 05:00:00,Lead,SQL,0.0
8863,Organic,2026-01-05 06:00:00,Lead,MQL,0.0
8864,Facebook,2026-01-05 07:00:00,Lead,Lead,0.0
8865,Google Ads,2026-01-05 08:00:00,Lead,MQL,0.0
8866,Email,2026-01-05 09:00:00,Lead,Lead,0.0
8867,Facebook,2026-01-05 10:00:00,Lead,Lead,0.0
8868,Facebook,2026-01-05 11:00:00,Lead,SQL,0.0
8869,Facebook,2026-01-05 12:00:00,Lead,Lead,0.0
8870,Google Ads,2026-01-05 13:00:00,Lead,MQL,0.0
8871,Organic,2026-01-05 14:00:00,Lead,Lead,0.0
8872,Google Ads,2026-01-05 15:00:00,Lead,Lead,0.0
8873,Email,2026-01-05 16:00:00,Lead,Closed Lost,0.0
8874,Google Ads,2026-01-05 17:00:00,Lead,MQL,0.0
8875,Organic,2026-01-05 18:00:00,Lead,MQL,0.0
8876,Google Ads,2026-01-05 19:00:00,Lead,SQL,0.0
8877,Google Ads,2026-01-05 20:00:00,Lead,Lead,0.0
8878,Google Ads,2026-01-05 21:00:00,Lead,Closed Lost,0.0
8879,Google Ads,2026-01-05 22:00:00,Lead,Lead,0.0
8880,Google Ads,2026-01-05 23:00:00,Lead,Lead,0.0
8881,Facebook,2026-01-06 00:00:00,Lead,MQL,0.0
8882,Facebook,2026-01-06 01:00:00,Lead,MQL,0.0
8883,Google Ads,2026-01-06 02:00:00,Lead,Lead,0.0
8884,Google Ads,2026-01-06 03:00:00,Lead,Lead,0.0
8885,Organic,2026-01-06 04:00:00,Lead,SQL,0.0
8886,Email,2026-01-06 05:00:00,Lead,Lead,0.0
8887,Email,2026-01-06 06:00:00,Lead,SQL,0.0
8888,Email,2026-01-06 07:00:00,Lead,Lead,0.0
8889,Google Ads,2026-01-06 08:00:00,Lead,Lead,0.0
8890,Google Ads,2026-01-06 09:00:00,Lead,MQL,0.0
8891,Google Ads,2026-01-06 10:00:00,Lead,MQL,0.0
8892,Organic,2026-01-06 11:00:00,Lead,Closed Lost,0.0
8893,Referral,2026-01-06 12:00:00,Lead,Lead,0.0
8894,Facebook,2026-01-06 13:00:00,Lead,Lead,0.0
8895,Google Ads,2026-01-06 14:00:00,Lead,Lead,0.0
8896,Google Ads,2026-01-06 15:00:00,Lead,Lead,0.0
8897,Google Ads,2026-01-06 16:00:00,Lead,Lead,0.0
8898,Facebook,2026-01-06 17:00:00,Lead,Lead,0.0
8899,Google Ads,2026-01-06 18:00:00,Lead,MQL,0.0
8900,Organic,2026-01-06 19:00:00,Lead,MQL,0.0
8901,Google Ads,2026-01-06 20:00:00,Lead,MQL,0.0
8902,Organic,2026-01-06 21:00:00,Lead,Lead,0.0
8903,Email,2026-01-06 22:00:00,Lead,MQL,0.0
8904,Email,2026-01-06 23:00:00,Lead,Lead,0.0
8905,Facebook,2026-01-07 00:00:00,Lead,MQL,0.0
8906,Facebook,2026-01-07 01:00:00,Lead,MQL,0.0
8907,Facebook,2026-01-07 02:00:00,Lead,Lead,0.0
8908,Facebook,2026-01-07 03:00:00,Lead,Lead,0.0
8909,Facebook,2026-01-07 04:00:00,Lead,Closed Won,8032.572479231393
8910,Referral,2026-01-07 05:00:00,Lead,Lead,0.0
8911,Email,2026-01-07 06:00:00,Lead,Lead,0.0
8912,Email,2026-01-07 07:00:00,Lead,MQL,0.0
8913,Organic,2026-01-07 08:00:00,Lead,MQL,0.0
8914,Google Ads,2026-01-07 09:00:00,Lead,MQL,0.0
8915,Google Ads,2026-01-07 10:00:00,Lead,MQL,0.0
8916,Facebook,2026-01-07 11:00:00,Lead,SQL,0.0
8917,Facebook,2026-01-07 12:00:00,Lead,MQL,0.0
8918,Organic,2026-01-07 13:00:00,Lead,Lead,0.0
8919,Facebook,2026-01-07 14:00:00,Lead,Lead,0.0
8920,Facebook,2026-01-07 15:00:00,Lead,Lead,0.0
8921,Facebook,2026-01-07 16:00:00,Lead,MQL,0.0
8922,Google Ads,2026-01-07 17:00:00,Lead,Lead,0.0
8923,Facebook,2026-01-07 18:00:00,Lead,Lead,0.0
8924,Organic,2026-01-07 19:00:00,Lead,MQL,0.0
8925,Google Ads,2026-01-07 20:00:00,Lead,SQL,0.0
8926,Facebook,2026-01-07 21:00:00,Lead,Closed Won,5154.824389648877
8927,Facebook,2026-01-07 22:00:00,Lead,Lead,0.0
8928,Google Ads,2026-01-07 23:00:00,Lead,Lead,0.0
8929,Google Ads,2026-01-08 00:00:00,Lead,Lead,0.0
8930,Referral,2026-01-08 01:00:00,Lead,MQL,0.0
8931,Google Ads,2026-01-08 02:00:00,Lead,Lead,0.0
8932,Google Ads,2026-01-08 03:00:00,Lead,MQL,0.0
8933,Google Ads,2026-01-08 04:00:00,Lead,Lead,0.0
8934,Email,2026-01-08 05:00:00,Lead,MQL,0.0
8935,Facebook,2026-01-08 06:00:00,Lead,Lead,0.0
8936,Facebook,2026-01-08 07:00:00,Lead,Lead,0.0
8937,Google Ads,2026-01-08 08:00:00,Lead,MQL,0.0
8938,Organic,2026-01-08 09:00:00,Lead,SQL,0.0
8939,Google Ads,2026-01-08 10:00:00,Lead,Lead,0.0
8940,Google Ads,2026-01-08 11:00:00,Lead,Lead,0.0
8941,Facebook,2026-01-08 12:00:00,Lead,Lead,0.0
8942,Google Ads,2026-01-08 13:00:00,Lead,Lead,0.0
8943,Organic,2026-01-08 14:00:00,Lead,SQL,0.0
8944,Organic,2026-01-08 15:00:00,Lead,Lead,0.0
8945,Google Ads,2026-01-08 16:00:00,Lead,Lead,0.0
8946,Organic,2026-01-08 17:00:00,Lead,Closed Won,3931.698462724059
8947,Email,2026-01-08 18:00:00,Lead,Lead,0.0
8948,Organic,2026-01-08 19:00:00,Lead,Lead,0.0
8949,Google Ads,2026-01-08 20:00:00,Lead,Lead,0.0
8950,Facebook,2026-01-08 21:00:00,Lead,SQL,0.0
8951,Google Ads,2026-01-08 22:00:00,Lead,Lead,0.0
8952,Organic,2026-01-08 23:00:00,Lead,Lead,0.0
8953,Google Ads,2026-01-09 00:00:00,Lead,Lead,0.0
8954,Facebook,2026-01-09 01:00:00,Lead,Lead,0.0
8955,Google Ads,2026-01-09 02:00:00,Lead,SQL,0.0
8956,Google Ads,2026-01-09 03:00:00,Lead,SQL,0.0
8957,Facebook,2026-01-09 04:00:00,Lead,MQL,0.0
8958,Organic,2026-01-09 05:00:00,Lead,SQL,0.0
8959,Facebook,2026-01-09 06:00:00,Lead,Lead,0.0
8960,Organic,2026-01-09 07:00:00,Lead,Lead,0.0
8961,Google Ads,2026-01-09 08:00:00,Lead,Lead,0.0
8962,Facebook,2026-01-09 09:00:00,Lead,Lead,0.0
8963,Facebook,2026-01-09 10:00:00,Lead,Lead,0.0
8964,Google Ads,2026-01-09 11:00:00,Lead,MQL,0.0
8965,Facebook,2026-01-09 12:00:00,Lead,Lead,0.0
8966,Email,2026-01-09 13:00:00,Lead,Lead,0.0
8967,Facebook,2026-01-09 14:00:00,Lead,Lead,0.0
8968,Email,2026-01-09 15:00:00,Lead,Lead,0.0
8969,Facebook,2026-01-09 16:00:00,Lead,Lead,0.0
8970,Google Ads,2026-01-09 17:00:00,Lead,Closed Won,2484.276683750848
8971,Google Ads,2026-01-09 18:00:00,Lead,Lead,0.0
8972,Facebook,2026-01-09 19:00:00,Lead,Lead,0.0
8973,Google Ads,2026-01-09 20:00:00,Lead,Lead,0.0
8974,Google Ads,2026-01-09 21:00:00,Lead,Lead,0.0
8975,Facebook,2026-01-09 22:00:00,Lead,MQL,0.0
8976,Facebook,2026-01-09 23:00:00,Lead,MQL,0.0
8977,Google Ads,2026-01-10 00:00:00,Lead,MQL,0.0
8978,Email,2026-01-10 01:00:00,Lead,SQL,0.0
8979,Facebook,2026-01-10 02:00:00,Lead,Lead,0.0
8980,Google Ads,2026-01-10 03:00:00,Lead,MQL,0.0
8981,Email,2026-01-10 04:00:00,Lead,MQL,0.0
8982,Facebook,2026-01-10 05:00:00,Lead,Lead,0.0
8983,Facebook,2026-01-10 06:00:00,Lead,Lead,0.0
8984,Facebook,2026-01-10 07:00:00,Lead,Lead,0.0
8985,Google Ads,2026-01-10 08:00:00,Lead,SQL,0.0
8986,Email,2026-01-10 09:00:00,Lead,MQL,0.0
8987,Google Ads,2026-01-10 10:00:00,Lead,MQL,0.0
8988,Organic,2026-01-10 11:00:00,Lead,MQL,0.0
8989,Organic,2026-01-10 12:00:00,Lead,Lead,0.0
8990,Facebook,2026-01-10 13:00:00,Lead,Lead,0.0
8991,Google Ads,2026-01-10 14:00:00,Lead,Lead,0.0
8992,Google Ads,2026-01-10 15:00:00,Lead,Lead,0.0
8993,Google Ads,2026-01-10 16:00:00,Lead,Lead,0.0
8994,Facebook,2026-01-10 17:00:00,Lead,Lead,0.0
8995,Google Ads,2026-01-10 18:00:00,Lead,Lead,0.0
8996,Facebook,2026-01-10 19:00:00,Lead,Lead,0.0
8997,Google Ads,2026-01-10 20:00:00,Lead,Lead,0.0
8998,Referral,2026-01-10 21:00:00,Lead,Lead,0.0
8999,Google Ads,2026-01-10 22:00:00,Lead,Lead,0.0
9000,Organic,2026-01-10 23:00:00,Lead,Lead,0.0
9001,Organic,2026-01-11 00:00:00,Lead,Lead,0.0
9002,Facebook,2026-01-11 01:00:00,Lead,SQL,0.0
9003,Email,2026-01-11 02:00:00,Lead,MQL,0.0
9004,Facebook,2026-01-11 03:00:00,Lead,Lead,0.0
9005,Facebook,2026-01-11 04:00:00,Lead,Lead,0.0
9006,Google Ads,2026-01-11 05:00:00,Lead,Lead,0.0
9007,Google Ads,2026-01-11 06:00:00,Lead,MQL,0.0
9008,Facebook,2026-01-11 07:00:00,Lead,Lead,0.0
9009,Facebook,2026-01-11 08:00:00,Lead,MQL,0.0
9010,Facebook,2026-01-11 09:00:00,Lead,Lead,0.0
9011,Google Ads,2026-01-11 10:00:00,Lead,MQL,0.0
9012,Google Ads,2026-01-11 11:00:00,Lead,Lead,0.0
9013,Google Ads,2026-01-11 12:00:00,Lead,MQL,0.0
9014,Google Ads,2026-01-11 13:00:00,Lead,Lead,0.0
9015,Google Ads,2026-01-11 14:00:00,Lead,MQL,0.0
9016,Google Ads,2026-01-11 15:00:00,Lead,MQL,0.0
9017,Google Ads,2026-01-11 16:00:00,Lead,SQL,0.0
9018,Organic,2026-01-11 17:00:00,Lead,SQL,0.0
9019,Google Ads,2026-01-11 18:00:00,Lead,Lead,0.0
9020,Email,2026-01-11 19:00:00,Lead,Lead,0.0
9021,Google Ads,2026-01-11 20:00:00,Lead,Lead,0.0
9022,Organic,2026-01-11 21:00:00,Lead,Lead,0.0
9023,Facebook,2026-01-11 22:00:00,Lead,Lead,0.0
9024,Google Ads,2026-01-11 23:00:00,Lead,Closed Lost,0.0
9025,Facebook,2026-01-12 00:00:00,Lead,Lead,0.0
9026,Google Ads,2026-01-12 01:00:00,Lead,Lead,0.0
9027,Facebook,2026-01-12 02:00:00,Lead,SQL,0.0
9028,Google Ads,2026-01-12 03:00:00,Lead,Lead,0.0
9029,Referral,2026-01-12 04:00:00,Lead,MQL,0.0
9030,Facebook,2026-01-12 05:00:00,Lead,MQL,0.0
9031,Google Ads,2026-01-12 06:00:00,Lead,Lead,0.0
9032,Email,2026-01-12 07:00:00,Lead,Lead,0.0
9033,Google Ads,2026-01-12 08:00:00,Lead,Closed Won,3471.0738274851956
9034,Organic,2026-01-12 09:00:00,Lead,MQL,0.0
9035,Facebook,2026-01-12 10:00:00,Lead,Lead,0.0
9036,Email,2026-01-12 11:00:00,Lead,Lead,0.0
9037,Google Ads,2026-01-12 12:00:00,Lead,Lead,0.0
9038,Organic,2026-01-12 13:00:00,Lead,Lead,0.0
9039,Email,2026-01-12 14:00:00,Lead,Lead,0.0
9040,Google Ads,2026-01-12 15:00:00,Lead,Lead,0.0
9041,Google Ads,2026-01-12 16:00:00,Lead,MQL,0.0
9042,Google Ads,2026-01-12 17:00:00,Lead,Lead,0.0
9043,Referral,2026-01-12 18:00:00,Lead,MQL,0.0
9044,Google Ads,2026-01-12 19:00:00,Lead,SQL,0.0
9045,Facebook,2026-01-12 20:00:00,Lead,Lead,0.0
9046,Google Ads,2026-01-12 21:00:00,Lead,Lead,0.0
9047,Google Ads,2026-01-12 22:00:00,Lead,MQL,0.0
9048,Facebook,2026-01-12 23:00:00,Lead,SQL,0.0
9049,Referral,2026-01-13 00:00:00,Lead,MQL,0.0
9050,Facebook,2026-01-13 01:00:00,Lead,Lead,0.0
9051,Organic,2026-01-13 02:00:00,Lead,Lead,0.0
9052,Facebook,2026-01-13 03:00:00,Lead,Lead,0.0
9053,Google Ads,2026-01-13 04:00:00,Lead,Lead,0.0
9054,Google Ads,2026-01-13 05:00:00,Lead,Lead,0.0
9055,Facebook,2026-01-13 06:00:00,Lead,Lead,0.0
9056,Referral,2026-01-13 07:00:00,Lead,Lead,0.0
9057,Organic,2026-01-13 08:00:00,Lead,Lead,0.0
9058,Google Ads,2026-01-13 09:00:00,Lead,Lead,0.0
9059,Google Ads,2026-01-13 10:00:00,Lead,Lead,0.0
9060,Google Ads,2026-01-13 11:00:00,Lead,MQL,0.0
9061,Organic,2026-01-13 12:00:00,Lead,Lead,0.0
9062,Organic,2026-01-13 13:00:00,Lead,Lead,0.0
9063,Email,2026-01-13 14:00:00,Lead,MQL,0.0
9064,Google Ads,2026-01-13 15:00:00,Lead,Lead,0.0
9065,Facebook,2026-01-13 16:00:00,Lead,Lead,0.0
9066,Facebook,2026-01-13 17:00:00,Lead,SQL,0.0
9067,Google Ads,2026-01-13 18:00:00,Lead,SQL,0.0
9068,Facebook,2026-01-13 19:00:00,Lead,Lead,0.0
9069,Google Ads,2026-01-13 20:00:00,Lead,Lead,0.0
9070,Google Ads,2026-01-13 21:00:00,Lead,Lead,0.0
9071,Organic,2026-01-13 22:00:00,Lead,Lead,0.0
9072,Email,2026-01-13 23:00:00,Lead,Lead,0.0
9073,Facebook,2026-01-14 00:00:00,Lead,MQL,0.0
9074,Facebook,2026-01-14 01:00:00,Lead,MQL,0.0
9075,Google Ads,2026-01-14 02:00:00,Lead,MQL,0.0
9076,Email,2026-01-14 03:00:00,Lead,Lead,0.0
9077,Email,2026-01-14 04:00:00,Lead,SQL,0.0
9078,Email,2026-01-14 05:00:00,Lead,Lead,0.0
9079,Email,2026-01-14 06:00:00,Lead,SQL,0.0
9080,Google Ads,2026-01-14 07:00:00,Lead,Lead,0.0
9081,Google Ads,2026-01-14 08:00:00,Lead,MQL,0.0
9082,Facebook,2026-01-14 09:00:00,Lead,Lead,0.0
9083,Google Ads,2026-01-14 10:00:00,Lead,Lead,0.0
9084,Email,2026-01-14 11:00:00,Lead,MQL,0.0
9085,Google Ads,2026-01-14 12:00:00,Lead,Lead,0.0
9086,Google Ads,2026-01-14 13:00:00,Lead,Lead,0.0
9087,Google Ads,2026-01-14 14:00:00,Lead,Lead,0.0
9088,Referral,2026-01-14 15:00:00,Lead,Lead,0.0
9089,Google Ads,2026-01-14 16:00:00,Lead,Lead,0.0
9090,Facebook,2026-01-14 17:00:00,Lead,Lead,0.0
9091,Facebook,2026-01-14 18:00:00,Lead,Lead,0.0
9092,Google Ads,2026-01-14 19:00:00,Lead,SQL,0.0
9093,Facebook,2026-01-14 20:00:00,Lead,Lead,0.0
9094,Email,2026-01-14 21:00:00,Lead,Lead,0.0
9095,Facebook,2026-01-14 22:00:00,Lead,Lead,0.0
9096,Organic,2026-01-14 23:00:00,Lead,Lead,0.0
9097,Google Ads,2026-01-15 00:00:00,Lead,MQL,0.0
9098,Google Ads,2026-01-15 01:00:00,Lead,Lead,0.0
9099,Organic,2026-01-15 02:00:00,Lead,Lead,0.0
9100,Google Ads,2026-01-15 03:00:00,Lead,MQL,0.0
9101,Facebook,2026-01-15 04:00:00,Lead,SQL,0.0
9102,Email,2026-01-15 05:00:00,Lead,Lead,0.0
9103,Google Ads,2026-01-15 06:00:00,Lead,SQL,0.0
9104,Email,2026-01-15 07:00:00,Lead,Lead,0.0
9105,Google Ads,2026-01-15 08:00:00,Lead,MQL,0.0
9106,Google Ads,2026-01-15 09:00:00,Lead,MQL,0.0
9107,Google Ads,2026-01-15 10:00:00,Lead,Lead,0.0
9108,Organic,2026-01-15 11:00:00,Lead,Lead,0.0
9109,Google Ads,2026-01-15 12:00:00,Lead,MQL,0.0
9110,Email,2026-01-15 13:00:00,Lead,Lead,0.0
9111,Organic,2026-01-15 14:00:00,Lead,SQL,0.0
9112,Facebook,2026-01-15 15:00:00,Lead,Lead,0.0
9113,Facebook,2026-01-15 16:00:00,Lead,MQL,0.0
9114,Facebook,2026-01-15 17:00:00,Lead,SQL,0.0
9115,Google Ads,2026-01-15 18:00:00,Lead,MQL,0.0
9116,Facebook,2026-01-15 19:00:00,Lead,MQL,0.0
9117,Facebook,2026-01-15 20:00:00,Lead,Lead,0.0
9118,Referral,2026-01-15 21:00:00,Lead,Lead,0.0
9119,Organic,2026-01-15 22:00:00,Lead,MQL,0.0
9120,Organic,2026-01-15 23:00:00,Lead,MQL,0.0
9121,Organic,2026-01-16 00:00:00,Lead,Lead,0.0
9122,Facebook,2026-01-16 01:00:00,Lead,MQL,0.0
9123,Email,2026-01-16 02:00:00,Lead,Closed Lost,0.0
9124,Organic,2026-01-16 03:00:00,Lead,MQL,0.0
9125,Google Ads,2026-01-16 04:00:00,Lead,SQL,0.0
9126,Referral,2026-01-16 05:00:00,Lead,Lead,0.0
9127,Facebook,2026-01-16 06:00:00,Lead,SQL,0.0
9128,Facebook,2026-01-16 07:00:00,Lead,SQL,0.0
9129,Email,2026-01-16 08:00:00,Lead,Lead,0.0
9130,Referral,2026-01-16 09:00:00,Lead,Lead,0.0
9131,Google Ads,2026-01-16 10:00:00,Lead,Lead,0.0
9132,Email,2026-01-16 11:00:00,Lead,MQL,0.0
9133,Facebook,2026-01-16 12:00:00,Lead,MQL,0.0
9134,Google Ads,2026-01-16 13:00:00,Lead,Lead,0.0
9135,Email,2026-01-16 14:00:00,Lead,Lead,0.0
9136,Facebook,2026-01-16 15:00:00,Lead,Lead,0.0
9137,Email,2026-01-16 16:00:00,Lead,Lead,0.0
9138,Google Ads,2026-01-16 17:00:00,Lead,MQL,0.0
9139,Facebook,2026-01-16 18:00:00,Lead,Lead,0.0
9140,Facebook,2026-01-16 19:00:00,Lead,Lead,0.0
9141,Facebook,2026-01-16 20:00:00,Lead,SQL,0.0
9142,Google Ads,2026-01-16 21:00:00,Lead,MQL,0.0
9143,Referral,2026-01-16 22:00:00,Lead,SQL,0.0
9144,Facebook,2026-01-16 23:00:00,Lead,Lead,0.0
9145,Email,2026-01-17 00:00:00,Lead,Lead,0.0
9146,Facebook,2026-01-17 01:00:00,Lead,Lead,0.0
9147,Google Ads,2026-01-17 02:00:00,Lead,Closed Won,3772.1828153122915
9148,Facebook,2026-01-17 03:00:00,Lead,Lead,0.0
9149,Facebook,2026-01-17 04:00:00,Lead,Lead,0.0
9150,Facebook,2026-01-17 05:00:00,Lead,MQL,0.0
9151,Facebook,2026-01-17 06:00:00,Lead,Lead,0.0
9152,Facebook,2026-01-17 07:00:00,Lead,Lead,0.0
9153,Google Ads,2026-01-17 08:00:00,Lead,Lead,0.0
9154,Facebook,2026-01-17 09:00:00,Lead,MQL,0.0
9155,Google Ads,2026-01-17 10:00:00,Lead,MQL,0.0
9156,Google Ads,2026-01-17 11:00:00,Lead,SQL,0.0
9157,Organic,2026-01-17 12:00:00,Lead,SQL,0.0
9158,Facebook,2026-01-17 13:00:00,Lead,Lead,0.0
9159,Email,2026-01-17 14:00:00,Lead,Lead,0.0
9160,Facebook,2026-01-17 15:00:00,Lead,Lead,0.0
9161,Organic,2026-01-17 16:00:00,Lead,Lead,0.0
9162,Facebook,2026-01-17 17:00:00,Lead,Lead,0.0
9163,Email,2026-01-17 18:00:00,Lead,SQL,0.0
9164,Google Ads,2026-01-17 19:00:00,Lead,SQL,0.0
9165,Referral,2026-01-17 20:00:00,Lead,Lead,0.0
9166,Organic,2026-01-17 21:00:00,Lead,MQL,0.0
9167,Organic,2026-01-17 22:00:00,Lead,Lead,0.0
9168,Google Ads,2026-01-17 23:00:00,Lead,Lead,0.0
9169,Google Ads,2026-01-18 00:00:00,Lead,Lead,0.0
9170,Google Ads,2026-01-18 01:00:00,Lead,MQL,0.0
9171,Google Ads,2026-01-18 02:00:00,Lead,Lead,0.0
9172,Organic,2026-01-18 03:00:00,Lead,Lead,0.0
9173,Google Ads,2026-01-18 04:00:00,Lead,Lead,0.0
9174,Google Ads,2026-01-18 05:00:00,Lead,MQL,0.0
9175,Google Ads,2026-01-18 06:00:00,Lead,MQL,0.0
9176,Google Ads,2026-01-18 07:00:00,Lead,Lead,0.0
9177,Google Ads,2026-01-18 08:00:00,Lead,Lead,0.0
9178,Email,2026-01-18 09:00:00,Lead,Lead,0.0
9179,Facebook,2026-01-18 10:00:00,Lead,SQL,0.0
9180,Google Ads,2026-01-18 11:00:00,Lead,SQL,0.0
9181,Facebook,2026-01-18 12:00:00,Lead,MQL,0.0
9182,Facebook,2026-01-18 13:00:00,Lead,Lead,0.0
9183,Google Ads,2026-01-18 14:00:00,Lead,Lead,0.0
9184,Email,2026-01-18 15:00:00,Lead,Lead,0.0
9185,Email,2026-01-18 16:00:00,Lead,SQL,0.0
9186,Email,2026-01-18 17:00:00,Lead,Lead,0.0
9187,Email,2026-01-18 18:00:00,Lead,MQL,0.0
9188,Google Ads,2026-01-18 19:00:00,Lead,Lead,0.0
9189,Referral,2026-01-18 20:00:00,Lead,MQL,0.0
9190,Organic,2026-01-18 21:00:00,Lead,Lead,0.0
9191,Organic,2026-01-18 22:00:00,Lead,Lead,0.0
9192,Google Ads,2026-01-18 23:00:00,Lead,Lead,0.0
9193,Organic,2026-01-19 00:00:00,Lead,MQL,0.0
9194,Organic,2026-01-19 01:00:00,Lead,Lead,0.0
9195,Organic,2026-01-19 02:00:00,Lead,SQL,0.0
9196,Google Ads,2026-01-19 03:00:00,Lead,MQL,0.0
9197,Email,2026-01-19 04:00:00,Lead,MQL,0.0
9198,Referral,2026-01-19 05:00:00,Lead,Lead,0.0
9199,Email,2026-01-19 06:00:00,Lead,MQL,0.0
9200,Facebook,2026-01-19 07:00:00,Lead,MQL,0.0
9201,Organic,2026-01-19 08:00:00,Lead,Lead,0.0
9202,Facebook,2026-01-19 09:00:00,Lead,Lead,0.0
9203,Facebook,2026-01-19 10:00:00,Lead,Lead,0.0
9204,Facebook,2026-01-19 11:00:00,Lead,Lead,0.0
9205,Organic,2026-01-19 12:00:00,Lead,Lead,0.0
9206,Google Ads,2026-01-19 13:00:00,Lead,Lead,0.0
9207,Facebook,2026-01-19 14:00:00,Lead,MQL,0.0
9208,Email,2026-01-19 15:00:00,Lead,Closed Lost,0.0
9209,Email,2026-01-19 16:00:00,Lead,SQL,0.0
9210,Facebook,2026-01-19 17:00:00,Lead,MQL,0.0
9211,Organic,2026-01-19 18:00:00,Lead,SQL,0.0
9212,Organic,2026-01-19 19:00:00,Lead,MQL,0.0
9213,Google Ads,2026-01-19 20:00:00,Lead,Lead,0.0
9214,Facebook,2026-01-19 21:00:00,Lead,MQL,0.0
9215,Google Ads,2026-01-19 22:00:00,Lead,MQL,0.0
9216,Google Ads,2026-01-19 23:00:00,Lead,MQL,0.0
9217,Facebook,2026-01-20 00:00:00,Lead,Lead,0.0
9218,Organic,2026-01-20 01:00:00,Lead,MQL,0.0
9219,Organic,2026-01-20 02:00:00,Lead,Lead,0.0
9220,Google Ads,2026-01-20 03:00:00,Lead,Lead,0.0
9221,Google Ads,2026-01-20 04:00:00,Lead,MQL,0.0
9222,Facebook,2026-01-20 05:00:00,Lead,SQL,0.0
9223,Facebook,2026-01-20 06:00:00,Lead,Lead,0.0
9224,Google Ads,2026-01-20 07:00:00,Lead,MQL,0.0
9225,Organic,2026-01-20 08:00:00,Lead,Lead,0.0
9226,Organic,2026-01-20 09:00:00,Lead,MQL,0.0
9227,Facebook,2026-01-20 10:00:00,Lead,MQL,0.0
9228,Organic,2026-01-20 11:00:00,Lead,Lead,0.0
9229,Google Ads,2026-01-20 12:00:00,Lead,MQL,0.0
9230,Email,2026-01-20 13:00:00,Lead,Lead,0.0
9231,Facebook,2026-01-20 14:00:00,Lead,Lead,0.0
9232,Google Ads,2026-01-20 15:00:00,Lead,MQL,0.0
9233,Organic,2026-01-20 16:00:00,Lead,Lead,0.0
9234,Facebook,2026-01-20 17:00:00,Lead,MQL,0.0
9235,Email,2026-01-20 18:00:00,Lead,Lead,0.0
9236,Google Ads,2026-01-20 19:00:00,Lead,MQL,0.0
9237,Google Ads,2026-01-20 20:00:00,Lead,Closed Won,6090.768973705337
9238,Google Ads,2026-01-20 21:00:00,Lead,MQL,0.0
9239,Facebook,2026-01-20 22:00:00,Lead,MQL,0.0
9240,Email,2026-01-20 23:00:00,Lead,Lead,0.0
9241,Google Ads,2026-01-21 00:00:00,Lead,Lead,0.0
9242,Email,2026-01-21 01:00:00,Lead,MQL,0.0
9243,Email,2026-01-21 02:00:00,Lead,Lead,0.0
9244,Email,2026-01-21 03:00:00,Lead,MQL,0.0
9245,Facebook,2026-01-21 04:00:00,Lead,SQL,0.0
9246,Organic,2026-01-21 05:00:00,Lead,Lead,0.0
9247,Facebook,2026-01-21 06:00:00,Lead,MQL,0.0
9248,Facebook,2026-01-21 07:00:00,Lead,Lead,0.0
9249,Google Ads,2026-01-21 08:00:00,Lead,Lead,0.0
9250,Google Ads,2026-01-21 09:00:00,Lead,MQL,0.0
9251,Google Ads,2026-01-21 10:00:00,Lead,MQL,0.0
9252,Facebook,2026-01-21 11:00:00,Lead,MQL,0.0
9253,Google Ads,2026-01-21 12:00:00,Lead,SQL,0.0
9254,Google Ads,2026-01-21 13:00:00,Lead,SQL,0.0
9255,Email,2026-01-21 14:00:00,Lead,Lead,0.0
9256,Google Ads,2026-01-21 15:00:00,Lead,SQL,0.0
9257,Google Ads,2026-01-21 16:00:00,Lead,Lead,0.0
9258,Google Ads,2026-01-21 17:00:00,Lead,MQL,0.0
9259,Email,2026-01-21 18:00:00,Lead,Lead,0.0
9260,Google Ads,2026-01-21 19:00:00,Lead,SQL,0.0
9261,Facebook,2026-01-21 20:00:00,Lead,Lead,0.0
9262,Facebook,2026-01-21 21:00:00,Lead,SQL,0.0
9263,Email,2026-01-21 22:00:00,Lead,MQL,0.0
9264,Facebook,2026-01-21 23:00:00,Lead,MQL,0.0
9265,Organic,2026-01-22 00:00:00,Lead,SQL,0.0
9266,Google Ads,2026-01-22 01:00:00,Lead,Lead,0.0
9267,Google Ads,2026-01-22 02:00:00,Lead,Lead,0.0
9268,Google Ads,2026-01-22 03:00:00,Lead,Lead,0.0
9269,Google Ads,2026-01-22 04:00:00,Lead,Lead,0.0
9270,Google Ads,2026-01-22 05:00:00,Lead,Lead,0.0
9271,Google Ads,2026-01-22 06:00:00,Lead,Lead,0.0
9272,Facebook,2026-01-22 07:00:00,Lead,Lead,0.0
9273,Email,2026-01-22 08:00:00,Lead,Lead,0.0
9274,Google Ads,2026-01-22 09:00:00,Lead,Lead,0.0
9275,Email,2026-01-22 10:00:00,Lead,SQL,0.0
9276,Google Ads,2026-01-22 11:00:00,Lead,Lead,0.0
9277,Google Ads,2026-01-22 12:00:00,Lead,Lead,0.0
9278,Facebook,2026-01-22 13:00:00,Lead,Lead,0.0
9279,Google Ads,2026-01-22 14:00:00,Lead,SQL,0.0
9280,Google Ads,2026-01-22 15:00:00,Lead,Lead,0.0
9281,Facebook,2026-01-22 16:00:00,Lead,MQL,0.0
9282,Organic,2026-01-22 17:00:00,Lead,SQL,0.0
9283,Email,2026-01-22 18:00:00,Lead,Lead,0.0
9284,Google Ads,2026-01-22 19:00:00,Lead,Lead,0.0
9285,Organic,2026-01-22 20:00:00,Lead,SQL,0.0
9286,Email,2026-01-22 21:00:00,Lead,MQL,0.0
9287,Facebook,2026-01-22 22:00:00,Lead,MQL,0.0
9288,Organic,2026-01-22 23:00:00,Lead,MQL,0.0
9289,Facebook,2026-01-23 00:00:00,Lead,Lead,0.0
9290,Google Ads,2026-01-23 01:00:00,Lead,Lead,0.0
9291,Facebook,2026-01-23 02:00:00,Lead,Closed Won,4709.681376248617
9292,Facebook,2026-01-23 03:00:00,Lead,Lead,0.0
9293,Facebook,2026-01-23 04:00:00,Lead,Lead,0.0
9294,Facebook,2026-01-23 05:00:00,Lead,MQL,0.0
9295,Organic,2026-01-23 06:00:00,Lead,MQL,0.0
9296,Organic,2026-01-23 07:00:00,Lead,Lead,0.0
9297,Organic,2026-01-23 08:00:00,Lead,Lead,0.0
9298,Organic,2026-01-23 09:00:00,Lead,Closed Lost,0.0
9299,Organic,2026-01-23 10:00:00,Lead,Lead,0.0
9300,Google Ads,2026-01-23 11:00:00,Lead,Lead,0.0
9301,Google Ads,2026-01-23 12:00:00,Lead,Lead,0.0
9302,Facebook,2026-01-23 13:00:00,Lead,Lead,0.0
9303,Organic,2026-01-23 14:00:00,Lead,SQL,0.0
9304,Facebook,2026-01-23 15:00:00,Lead,Closed Lost,0.0
9305,Email,2026-01-23 16:00:00,Lead,MQL,0.0
9306,Google Ads,2026-01-23 17:00:00,Lead,Lead,0.0
9307,Google Ads,2026-01-23 18:00:00,Lead,Lead,0.0
9308,Email,2026-01-23 19:00:00,Lead,Lead,0.0
9309,Google Ads,2026-01-23 20:00:00,Lead,Lead,0.0
9310,Google Ads,2026-01-23 21:00:00,Lead,Lead,0.0
9311,Google Ads,2026-01-23 22:00:00,Lead,SQL,0.0
9312,Google Ads,2026-01-23 23:00:00,Lead,SQL,0.0
9313,Email,2026-01-24 00:00:00,Lead,SQL,0.0
9314,Google Ads,2026-01-24 01:00:00,Lead,Lead,0.0
9315,Facebook,2026-01-24 02:00:00,Lead,Lead,0.0
9316,Google Ads,2026-01-24 03:00:00,Lead,Lead,0.0
9317,Organic,2026-01-24 04:00:00,Lead,Lead,0.0
9318,Google Ads,2026-01-24 05:00:00,Lead,Closed Lost,0.0
9319,Facebook,2026-01-24 06:00:00,Lead,Lead,0.0
9320,Email,2026-01-24 07:00:00,Lead,Lead,0.0
9321,Google Ads,2026-01-24 08:00:00,Lead,MQL,0.0
9322,Organic,2026-01-24 09:00:00,Lead,MQL,0.0
9323,Facebook,2026-01-24 10:00:00,Lead,Lead,0.0
9324,Facebook,2026-01-24 11:00:00,Lead,Lead,0.0
9325,Google Ads,2026-01-24 12:00:00,Lead,Lead,0.0
9326,Organic,2026-01-24 13:00:00,Lead,Lead,0.0
9327,Email,2026-01-24 14:00:00,Lead,Closed Lost,0.0
9328,Google Ads,2026-01-24 15:00:00,Lead,Lead,0.0
9329,Google Ads,2026-01-24 16:00:00,Lead,Lead,0.0
9330,Organic,2026-01-24 17:00:00,Lead,Lead,0.0
9331,Email,2026-01-24 18:00:00,Lead,Lead,0.0
9332,Email,2026-01-24 19:00:00,Lead,MQL,0.0
9333,Facebook,2026-01-24 20:00:00,Lead,Lead,0.0
9334,Email,2026-01-24 21:00:00,Lead,Lead,0.0
9335,Google Ads,2026-01-24 22:00:00,Lead,Lead,0.0
9336,Google Ads,2026-01-24 23:00:00,Lead,MQL,0.0
9337,Facebook,2026-01-25 00:00:00,Lead,Lead,0.0
9338,Referral,2026-01-25 01:00:00,Lead,Lead,0.0
9339,Google Ads,2026-01-25 02:00:00,Lead,Lead,0.0
9340,Facebook,2026-01-25 03:00:00,Lead,Lead,0.0
9341,Email,2026-01-25 04:00:00,Lead,SQL,0.0
9342,Facebook,2026-01-25 05:00:00,Lead,MQL,0.0
9343,Organic,2026-01-25 06:00:00,Lead,MQL,0.0
9344,Email,2026-01-25 07:00:00,Lead,Lead,0.0
9345,Google Ads,2026-01-25 08:00:00,Lead,MQL,0.0
9346,Referral,2026-01-25 09:00:00,Lead,Lead,0.0
9347,Email,2026-01-25 10:00:00,Lead,Lead,0.0
9348,Organic,2026-01-25 11:00:00,Lead,Lead,0.0
9349,Email,2026-01-25 12:00:00,Lead,MQL,0.0
9350,Organic,2026-01-25 13:00:00,Lead,Lead,0.0
9351,Google Ads,2026-01-25 14:00:00,Lead,Lead,0.0
9352,Google Ads,2026-01-25 15:00:00,Lead,Lead,0.0
9353,Organic,2026-01-25 16:00:00,Lead,SQL,0.0
9354,Google Ads,2026-01-25 17:00:00,Lead,Lead,0.0
9355,Google Ads,2026-01-25 18:00:00,Lead,Closed Lost,0.0
9356,Email,2026-01-25 19:00:00,Lead,MQL,0.0
9357,Organic,2026-01-25 20:00:00,Lead,SQL,0.0
9358,Google Ads,2026-01-25 21:00:00,Lead,Lead,0.0
9359,Organic,2026-01-25 22:00:00,Lead,Lead,0.0
9360,Email,2026-01-25 23:00:00,Lead,Lead,0.0
9361,Facebook,2026-01-26 00:00:00,Lead,Lead,0.0
9362,Organic,2026-01-26 01:00:00,Lead,SQL,0.0
9363,Facebook,2026-01-26 02:00:00,Lead,Lead,0.0
9364,Google Ads,2026-01-26 03:00:00,Lead,Lead,0.0
9365,Google Ads,2026-01-26 04:00:00,Lead,Lead,0.0
9366,Facebook,2026-01-26 05:00:00,Lead,Lead,0.0
9367,Facebook,2026-01-26 06:00:00,Lead,MQL,0.0
9368,Organic,2026-01-26 07:00:00,Lead,Lead,0.0
9369,Email,2026-01-26 08:00:00,Lead,MQL,0.0
9370,Facebook,2026-01-26 09:00:00,Lead,Lead,0.0
9371,Email,2026-01-26 10:00:00,Lead,MQL,0.0
9372,Google Ads,2026-01-26 11:00:00,Lead,MQL,0.0
9373,Google Ads,2026-01-26 12:00:00,Lead,Closed Lost,0.0
9374,Organic,2026-01-26 13:00:00,Lead,MQL,0.0
9375,Google Ads,2026-01-26 14:00:00,Lead,MQL,0.0
9376,Google Ads,2026-01-26 15:00:00,Lead,Closed Lost,0.0
9377,Email,2026-01-26 16:00:00,Lead,Closed Won,4843.030063612695
9378,Facebook,2026-01-26 17:00:00,Lead,Lead,0.0
9379,Organic,2026-01-26 18:00:00,Lead,Lead,0.0
9380,Google Ads,2026-01-26 19:00:00,Lead,Lead,0.0
9381,Google Ads,2026-01-26 20:00:00,Lead,MQL,0.0
9382,Google Ads,2026-01-26 21:00:00,Lead,SQL,0.0
9383,Facebook,2026-01-26 22:00:00,Lead,MQL,0.0
9384,Google Ads,2026-01-26 23:00:00,Lead,Lead,0.0
9385,Facebook,2026-01-27 00:00:00,Lead,MQL,0.0
9386,Organic,2026-01-27 01:00:00,Lead,SQL,0.0
9387,Organic,2026-01-27 02:00:00,Lead,Lead,0.0
9388,Google Ads,2026-01-27 03:00:00,Lead,MQL,0.0
9389,Facebook,2026-01-27 04:00:00,Lead,Lead,0.0
9390,Facebook,2026-01-27 05:00:00,Lead,MQL,0.0
9391,Organic,2026-01-27 06:00:00,Lead,Lead,0.0
9392,Referral,2026-01-27 07:00:00,Lead,Lead,0.0
9393,Google Ads,2026-01-27 08:00:00,Lead,MQL,0.0
9394,Email,2026-01-27 09:00:00,Lead,MQL,0.0
9395,Google Ads,2026-01-27 10:00:00,Lead,Lead,0.0
9396,Google Ads,2026-01-27 11:00:00,Lead,SQL,0.0
9397,Google Ads,2026-01-27 12:00:00,Lead,Lead,0.0
9398,Facebook,2026-01-27 13:00:00,Lead,MQL,0.0
9399,Facebook,2026-01-27 14:00:00,Lead,Lead,0.0
9400,Google Ads,2026-01-27 15:00:00,Lead,SQL,0.0
9401,Email,2026-01-27 16:00:00,Lead,Closed Lost,0.0
9402,Google Ads,2026-01-27 17:00:00,Lead,Lead,0.0
9403,Facebook,2026-01-27 18:00:00,Lead,Lead,0.0
9404,Google Ads,2026-01-27 19:00:00,Lead,MQL,0.0
9405,Google Ads,2026-01-27 20:00:00,Lead,MQL,0.0
9406,Facebook,2026-01-27 21:00:00,Lead,MQL,0.0
9407,Google Ads,2026-01-27 22:00:00,Lead,SQL,0.0
9408,Facebook,2026-01-27 23:00:00,Lead,MQL,0.0
9409,Google Ads,2026-01-28 00:00:00,Lead,MQL,0.0
9410,Facebook,2026-01-28 01:00:00,Lead,Lead,0.0
9411,Google Ads,2026-01-28 02:00:00,Lead,MQL,0.0
9412,Email,2026-01-28 03:00:00,Lead,Lead,0.0
9413,Email,2026-01-28 04:00:00,Lead,MQL,0.0
9414,Google Ads,2026-01-28 05:00:00,Lead,SQL,0.0
9415,Facebook,2026-01-28 06:00:00,Lead,SQL,0.0
9416,Google Ads,2026-01-28 07:00:00,Lead,Lead,0.0
9417,Facebook,2026-01-28 08:00:00,Lead,Lead,0.0
9418,Google Ads,2026-01-28 09:00:00,Lead,Lead,0.0
9419,Facebook,2026-01-28 10:00:00,Lead,Lead,0.0
9420,Facebook,2026-01-28 11:00:00,Lead,Lead,0.0
9421,Organic,2026-01-28 12:00:00,Lead,MQL,0.0
9422,Facebook,2026-01-28 13:00:00,Lead,MQL,0.0
9423,Facebook,2026-01-28 14:00:00,Lead,Lead,0.0
9424,Facebook,2026-01-28 15:00:00,Lead,Lead,0.0
9425,Organic,2026-01-28 16:00:00,Lead,Lead,0.0
9426,Email,2026-01-28 17:00:00,Lead,SQL,0.0
9427,Google Ads,2026-01-28 18:00:00,Lead,MQL,0.0
9428,Organic,2026-01-28 19:00:00,Lead,MQL,0.0
9429,Facebook,2026-01-28 20:00:00,Lead,Lead,0.0
9430,Organic,2026-01-28 21:00:00,Lead,MQL,0.0
9431,Organic,2026-01-28 22:00:00,Lead,Lead,0.0
9432,Google Ads,2026-01-28 23:00:00,Lead,MQL,0.0
9433,Email,2026-01-29 00:00:00,Lead,Lead,0.0
9434,Google Ads,2026-01-29 01:00:00,Lead,MQL,0.0
9435,Google Ads,2026-01-29 02:00:00,Lead,SQL,0.0
9436,Google Ads,2026-01-29 03:00:00,Lead,Lead,0.0
9437,Email,2026-01-29 04:00:00,Lead,Lead,0.0
9438,Google Ads,2026-01-29 05:00:00,Lead,MQL,0.0
9439,Google Ads,2026-01-29 06:00:00,Lead,MQL,0.0
9440,Email,2026-01-29 07:00:00,Lead,MQL,0.0
9441,Google Ads,2026-01-29 08:00:00,Lead,MQL,0.0
9442,Google Ads,2026-01-29 09:00:00,Lead,Lead,0.0
9443,Google Ads,2026-01-29 10:00:00,Lead,Lead,0.0
9444,Google Ads,2026-01-29 11:00:00,Lead,MQL,0.0
9445,Facebook,2026-01-29 12:00:00,Lead,Lead,0.0
9446,Google Ads,2026-01-29 13:00:00,Lead,Lead,0.0
9447,Referral,2026-01-29 14:00:00,Lead,MQL,0.0
9448,Email,2026-01-29 15:00:00,Lead,SQL,0.0
9449,Google Ads,2026-01-29 16:00:00,Lead,Lead,0.0
9450,Google Ads,2026-01-29 17:00:00,Lead,Lead,0.0
9451,Facebook,2026-01-29 18:00:00,Lead,MQL,0.0
9452,Facebook,2026-01-29 19:00:00,Lead,Lead,0.0
9453,Google Ads,2026-01-29 20:00:00,Lead,MQL,0.0
9454,Google Ads,2026-01-29 21:00:00,Lead,Lead,0.0
9455,Organic,2026-01-29 22:00:00,Lead,Lead,0.0
9456,Google Ads,2026-01-29 23:00:00,Lead,MQL,0.0
9457,Google Ads,2026-01-30 00:00:00,Lead,Closed Won,5521.0355198853185
9458,Organic,2026-01-30 01:00:00,Lead,Lead,0.0
9459,Email,2026-01-30 02:00:00,Lead,MQL,0.0
9460,Google Ads,2026-01-30 03:00:00,Lead,Lead,0.0
9461,Email,2026-01-30 04:00:00,Lead,Lead,0.0
9462,Google Ads,2026-01-30 05:00:00,Lead,Lead,0.0
9463,Email,2026-01-30 06:00:00,Lead,MQL,0.0
9464,Facebook,2026-01-30 07:00:00,Lead,MQL,0.0
9465,Organic,2026-01-30 08:00:00,Lead,Lead,0.0
9466,Referral,2026-01-30 09:00:00,Lead,Lead,0.0
9467,Organic,2026-01-30 10:00:00,Lead,Lead,0.0
9468,Organic,2026-01-30 11:00:00,Lead,Lead,0.0
9469,Facebook,2026-01-30 12:00:00,Lead,MQL,0.0
9470,Google Ads,2026-01-30 13:00:00,Lead,Lead,0.0
9471,Facebook,2026-01-30 14:00:00,Lead,Closed Lost,0.0
9472,Email,2026-01-30 15:00:00,Lead,MQL,0.0
9473,Organic,2026-01-30 16:00:00,Lead,Lead,0.0
9474,Google Ads,2026-01-30 17:00:00,Lead,MQL,0.0
9475,Organic,2026-01-30 18:00:00,Lead,MQL,0.0
9476,Organic,2026-01-30 19:00:00,Lead,SQL,0.0
9477,Referral,2026-01-30 20:00:00,Lead,MQL,0.0
9478,Organic,2026-01-30 21:00:00,Lead,MQL,0.0
9479,Google Ads,2026-01-30 22:00:00,Lead,MQL,0.0
9480,Google Ads,2026-01-30 23:00:00,Lead,Lead,0.0
9481,Google Ads,2026-01-31 00:00:00,Lead,Lead,0.0
9482,Google Ads,2026-01-31 01:00:00,Lead,MQL,0.0
9483,Facebook,2026-01-31 02:00:00,Lead,SQL,0.0
9484,Organic,2026-01-31 03:00:00,Lead,Lead,0.0
9485,Organic,2026-01-31 04:00:00,Lead,Lead,0.0
9486,Facebook,2026-01-31 05:00:00,Lead,Lead,0.0
9487,Google Ads,2026-01-31 06:00:00,Lead,Lead,0.0
9488,Google Ads,2026-01-31 07:00:00,Lead,Lead,0.0
9489,Google Ads,2026-01-31 08:00:00,Lead,Lead,0.0
9490,Google Ads,2026-01-31 09:00:00,Lead,MQL,0.0
9491,Facebook,2026-01-31 10:00:00,Lead,SQL,0.0
9492,Google Ads,2026-01-31 11:00:00,Lead,MQL,0.0
9493,Google Ads,2026-01-31 12:00:00,Lead,MQL,0.0
9494,Google Ads,2026-01-31 13:00:00,Lead,Lead,0.0
9495,Facebook,2026-01-31 14:00:00,Lead,MQL,0.0
9496,Facebook,2026-01-31 15:00:00,Lead,MQL,0.0
9497,Facebook,2026-01-31 16:00:00,Lead,Lead,0.0
9498,Facebook,2026-01-31 17:00:00,Lead,Lead,0.0
9499,Referral,2026-01-31 18:00:00,Lead,MQL,0.0
9500,Google Ads,2026-01-31 19:00:00,Lead,Lead,0.0
9501,Facebook,2026-01-31 20:00:00,Lead,MQL,0.0
9502,Email,2026-01-31 21:00:00,Lead,MQL,0.0
9503,Facebook,2026-01-31 22:00:00,Lead,Lead,0.0
9504,Organic,2026-01-31 23:00:00,Lead,Lead,0.0
9505,Google Ads,2026-02-01 00:00:00,Lead,Lead,0.0
9506,Facebook,2026-02-01 01:00:00,Lead,Lead,0.0
9507,Google Ads,2026-02-01 02:00:00,Lead,Lead,0.0
9508,Facebook,2026-02-01 03:00:00,Lead,MQL,0.0
9509,Google Ads,2026-02-01 04:00:00,Lead,Lead,0.0
9510,Google Ads,2026-02-01 05:00:00,Lead,Lead,0.0
9511,Facebook,2026-02-01 06:00:00,Lead,SQL,0.0
9512,Facebook,2026-02-01 07:00:00,Lead,SQL,0.0
9513,Google Ads,2026-02-01 08:00:00,Lead,Lead,0.0
9514,Email,2026-02-01 09:00:00,Lead,Lead,0.0
9515,Facebook,2026-02-01 10:00:00,Lead,Lead,0.0
9516,Google Ads,2026-02-01 11:00:00,Lead,Lead,0.0
9517,Facebook,2026-02-01 12:00:00,Lead,Closed Won,6984.994889516019
9518,Email,2026-02-01 13:00:00,Lead,Lead,0.0
9519,Facebook,2026-02-01 14:00:00,Lead,MQL,0.0
9520,Google Ads,2026-02-01 15:00:00,Lead,MQL,0.0
9521,Google Ads,2026-02-01 16:00:00,Lead,SQL,0.0
9522,Facebook,2026-02-01 17:00:00,Lead,Lead,0.0
9523,Organic,2026-02-01 18:00:00,Lead,Lead,0.0
9524,Email,2026-02-01 19:00:00,Lead,Lead,0.0
9525,Google Ads,2026-02-01 20:00:00,Lead,Lead,0.0
9526,Facebook,2026-02-01 21:00:00,Lead,Lead,0.0
9527,Organic,2026-02-01 22:00:00,Lead,MQL,0.0
9528,Google Ads,2026-02-01 23:00:00,Lead,MQL,0.0
9529,Referral,2026-02-02 00:00:00,Lead,Lead,0.0
9530,Organic,2026-02-02 01:00:00,Lead,Lead,0.0
9531,Google Ads,2026-02-02 02:00:00,Lead,SQL,0.0
9532,Organic,2026-02-02 03:00:00,Lead,MQL,0.0
9533,Google Ads,2026-02-02 04:00:00,Lead,MQL,0.0
9534,Organic,2026-02-02 05:00:00,Lead,Lead,0.0
9535,Facebook,2026-02-02 06:00:00,Lead,MQL,0.0
9536,Facebook,2026-02-02 07:00:00,Lead,Lead,0.0
9537,Facebook,2026-02-02 08:00:00,Lead,Lead,0.0
9538,Email,2026-02-02 09:00:00,Lead,Lead,0.0
9539,Google Ads,2026-02-02 10:00:00,Lead,Lead,0.0
9540,Facebook,2026-02-02 11:00:00,Lead,SQL,0.0
9541,Google Ads,2026-02-02 12:00:00,Lead,MQL,0.0
9542,Google Ads,2026-02-02 13:00:00,Lead,Lead,0.0
9543,Google Ads,2026-02-02 14:00:00,Lead,MQL,0.0
9544,Facebook,2026-02-02 15:00:00,Lead,SQL,0.0
9545,Google Ads,2026-02-02 16:00:00,Lead,Lead,0.0
9546,Google Ads,2026-02-02 17:00:00,Lead,MQL,0.0
9547,Google Ads,2026-02-02 18:00:00,Lead,Lead,0.0
9548,Google Ads,2026-02-02 19:00:00,Lead,MQL,0.0
9549,Facebook,2026-02-02 20:00:00,Lead,Lead,0.0
9550,Referral,2026-02-02 21:00:00,Lead,Lead,0.0
9551,Google Ads,2026-02-02 22:00:00,Lead,MQL,0.0
9552,Organic,2026-02-02 23:00:00,Lead,Lead,0.0
9553,Email,2026-02-03 00:00:00,Lead,Closed Won,4524.9381015111285
9554,Facebook,2026-02-03 01:00:00,Lead,MQL,0.0
9555,Facebook,2026-02-03 02:00:00,Lead,Lead,0.0
9556,Organic,2026-02-03 03:00:00,Lead,Lead,0.0
9557,Google Ads,2026-02-03 04:00:00,Lead,Lead,0.0
9558,Facebook,2026-02-03 05:00:00,Lead,MQL,0.0
9559,Email,2026-02-03 06:00:00,Lead,Lead,0.0
9560,Facebook,2026-02-03 07:00:00,Lead,SQL,0.0
9561,Organic,2026-02-03 08:00:00,Lead,Closed Lost,0.0
9562,Google Ads,2026-02-03 09:00:00,Lead,MQL,0.0
9563,Email,2026-02-03 10:00:00,Lead,Lead,0.0
9564,Facebook,2026-02-03 11:00:00,Lead,Lead,0.0
9565,Google Ads,2026-02-03 12:00:00,Lead,MQL,0.0
9566,Google Ads,2026-02-03 13:00:00,Lead,MQL,0.0
9567,Facebook,2026-02-03 14:00:00,Lead,Lead,0.0
9568,Organic,2026-02-03 15:00:00,Lead,Closed Won,2510.198224613315
9569,Facebook,2026-02-03 16:00:00,Lead,MQL,0.0
9570,Organic,2026-02-03 17:00:00,Lead,MQL,0.0
9571,Facebook,2026-02-03 18:00:00,Lead,Lead,0.0
9572,Google Ads,2026-02-03 19:00:00,Lead,Lead,0.0
9573,Google Ads,2026-02-03 20:00:00,Lead,Lead,0.0
9574,Google Ads,2026-02-03 21:00:00,Lead,Lead,0.0
9575,Google Ads,2026-02-03 22:00:00,Lead,Lead,0.0
9576,Google Ads,2026-02-03 23:00:00,Lead,Lead,0.0
9577,Email,2026-02-04 00:00:00,Lead,MQL,0.0
9578,Email,2026-02-04 01:00:00,Lead,Lead,0.0
9579,Google Ads,2026-02-04 02:00:00,Lead,Lead,0.0
9580,Google Ads,2026-02-04 03:00:00,Lead,Lead,0.0
9581,Google Ads,2026-02-04 04:00:00,Lead,MQL,0.0
9582,Facebook,2026-02-04 05:00:00,Lead,Lead,0.0
9583,Google Ads,2026-02-04 06:00:00,Lead,MQL,0.0
9584,Google Ads,2026-02-04 07:00:00,Lead,MQL,0.0
9585,Organic,2026-02-04 08:00:00,Lead,Lead,0.0
9586,Organic,2026-02-04 09:00:00,Lead,Closed Lost,0.0
9587,Google Ads,2026-02-04 10:00:00,Lead,SQL,0.0
9588,Facebook,2026-02-04 11:00:00,Lead,Lead,0.0
9589,Google Ads,2026-02-04 12:00:00,Lead,SQL,0.0
9590,Email,2026-02-04 13:00:00,Lead,Lead,0.0
9591,Facebook,2026-02-04 14:00:00,Lead,Lead,0.0
9592,Google Ads,2026-02-04 15:00:00,Lead,Lead,0.0
9593,Email,2026-02-04 16:00:00,Lead,Lead,0.0
9594,Google Ads,2026-02-04 17:00:00,Lead,Lead,0.0
9595,Google Ads,2026-02-04 18:00:00,Lead,Lead,0.0
9596,Google Ads,2026-02-04 19:00:00,Lead,SQL,0.0
9597,Facebook,2026-02-04 20:00:00,Lead,Lead,0.0
9598,Google Ads,2026-02-04 21:00:00,Lead,Lead,0.0
9599,Google Ads,2026-02-04 22:00:00,Lead,MQL,0.0
9600,Google Ads,2026-02-04 23:00:00,Lead,SQL,0.0
9601,Google Ads,2026-02-05 00:00:00,Lead,Lead,0.0
9602,Email,2026-02-05 01:00:00,Lead,Lead,0.0
9603,Google Ads,2026-02-05 02:00:00,Lead,Lead,0.0
9604,Google Ads,2026-02-05 03:00:00,Lead,Lead,0.0
9605,Email,2026-02-05 04:00:00,Lead,MQL,0.0
9606,Email,2026-02-05 05:00:00,Lead,Closed Lost,0.0
9607,Organic,2026-02-05 06:00:00,Lead,MQL,0.0
9608,Facebook,2026-02-05 07:00:00,Lead,MQL,0.0
9609,Google Ads,2026-02-05 08:00:00,Lead,Closed Won,6869.088387380347
9610,Email,2026-02-05 09:00:00,Lead,MQL,0.0
9611,Email,2026-02-05 10:00:00,Lead,Lead,0.0
9612,Google Ads,2026-02-05 11:00:00,Lead,SQL,0.0
9613,Organic,2026-02-05 12:00:00,Lead,Lead,0.0
9614,Google Ads,2026-02-05 13:00:00,Lead,Lead,0.0
9615,Referral,2026-02-05 14:00:00,Lead,Lead,0.0
9616,Organic,2026-02-05 15:00:00,Lead,MQL,0.0
9617,Email,2026-02-05 16:00:00,Lead,MQL,0.0
9618,Organic,2026-02-05 17:00:00,Lead,Lead,0.0
9619,Email,2026-02-05 18:00:00,Lead,SQL,0.0
9620,Google Ads,2026-02-05 19:00:00,Lead,SQL,0.0
9621,Facebook,2026-02-05 20:00:00,Lead,Lead,0.0
9622,Google Ads,2026-02-05 21:00:00,Lead,Closed Won,5749.689013218497
9623,Google Ads,2026-02-05 22:00:00,Lead,MQL,0.0
9624,Email,2026-02-05 23:00:00,Lead,MQL,0.0
9625,Google Ads,2026-02-06 00:00:00,Lead,Lead,0.0
9626,Google Ads,2026-02-06 01:00:00,Lead,Lead,0.0
9627,Facebook,2026-02-06 02:00:00,Lead,MQL,0.0
9628,Organic,2026-02-06 03:00:00,Lead,Lead,0.0
9629,Google Ads,2026-02-06 04:00:00,Lead,SQL,0.0
9630,Google Ads,2026-02-06 05:00:00,Lead,MQL,0.0
9631,Google Ads,2026-02-06 06:00:00,Lead,Closed Won,3802.5692492213966
9632,Email,2026-02-06 07:00:00,Lead,Lead,0.0
9633,Google Ads,2026-02-06 08:00:00,Lead,Lead,0.0
9634,Email,2026-02-06 09:00:00,Lead,MQL,0.0
9635,Google Ads,2026-02-06 10:00:00,Lead,Lead,0.0
9636,Google Ads,2026-02-06 11:00:00,Lead,Lead,0.0
9637,Organic,2026-02-06 12:00:00,Lead,Lead,0.0
9638,Google Ads,2026-02-06 13:00:00,Lead,Lead,0.0
9639,Facebook,2026-02-06 14:00:00,Lead,MQL,0.0
9640,Google Ads,2026-02-06 15:00:00,Lead,MQL,0.0
9641,Facebook,2026-02-06 16:00:00,Lead,MQL,0.0
9642,Facebook,2026-02-06 17:00:00,Lead,Lead,0.0
9643,Google Ads,2026-02-06 18:00:00,Lead,Lead,0.0
9644,Google Ads,2026-02-06 19:00:00,Lead,Lead,0.0
9645,Google Ads,2026-02-06 20:00:00,Lead,Lead,0.0
9646,Email,2026-02-06 21:00:00,Lead,Lead,0.0
9647,Email,2026-02-06 22:00:00,Lead,MQL,0.0
9648,Facebook,2026-02-06 23:00:00,Lead,Lead,0.0
9649,Facebook,2026-02-07 00:00:00,Lead,Lead,0.0
9650,Google Ads,2026-02-07 01:00:00,Lead,Lead,0.0
9651,Google Ads,2026-02-07 02:00:00,Lead,SQL,0.0
9652,Google Ads,2026-02-07 03:00:00,Lead,Lead,0.0
9653,Google Ads,2026-02-07 04:00:00,Lead,MQL,0.0
9654,Google Ads,2026-02-07 05:00:00,Lead,Lead,0.0
9655,Facebook,2026-02-07 06:00:00,Lead,Lead,0.0
9656,Facebook,2026-02-07 07:00:00,Lead,Lead,0.0
9657,Organic,2026-02-07 08:00:00,Lead,MQL,0.0
9658,Google Ads,2026-02-07 09:00:00,Lead,Lead,0.0
9659,Facebook,2026-02-07 10:00:00,Lead,Closed Lost,0.0
9660,Organic,2026-02-07 11:00:00,Lead,SQL,0.0
9661,Facebook,2026-02-07 12:00:00,Lead,Lead,0.0
9662,Google Ads,2026-02-07 13:00:00,Lead,Lead,0.0
9663,Google Ads,2026-02-07 14:00:00,Lead,MQL,0.0
9664,Google Ads,2026-02-07 15:00:00,Lead,Lead,0.0
9665,Google Ads,2026-02-07 16:00:00,Lead,SQL,0.0
9666,Email,2026-02-07 17:00:00,Lead,Lead,0.0
9667,Google Ads,2026-02-07 18:00:00,Lead,Lead,0.0
9668,Google Ads,2026-02-07 19:00:00,Lead,MQL,0.0
9669,Email,2026-02-07 20:00:00,Lead,Lead,0.0
9670,Email,2026-02-07 21:00:00,Lead,Lead,0.0
9671,Facebook,2026-02-07 22:00:00,Lead,Lead,0.0
9672,Email,2026-02-07 23:00:00,Lead,Lead,0.0
9673,Google Ads,2026-02-08 00:00:00,Lead,Lead,0.0
9674,Google Ads,2026-02-08 01:00:00,Lead,MQL,0.0
9675,Google Ads,2026-02-08 02:00:00,Lead,MQL,0.0
9676,Facebook,2026-02-08 03:00:00,Lead,MQL,0.0
9677,Organic,2026-02-08 04:00:00,Lead,MQL,0.0
9678,Google Ads,2026-02-08 05:00:00,Lead,MQL,0.0
9679,Facebook,2026-02-08 06:00:00,Lead,Lead,0.0
9680,Google Ads,2026-02-08 07:00:00,Lead,Lead,0.0
9681,Facebook,2026-02-08 08:00:00,Lead,MQL,0.0
9682,Google Ads,2026-02-08 09:00:00,Lead,MQL,0.0
9683,Google Ads,2026-02-08 10:00:00,Lead,Lead,0.0
9684,Organic,2026-02-08 11:00:00,Lead,Lead,0.0
9685,Facebook,2026-02-08 12:00:00,Lead,MQL,0.0
9686,Facebook,2026-02-08 13:00:00,Lead,Lead,0.0
9687,Google Ads,2026-02-08 14:00:00,Lead,MQL,0.0
9688,Google Ads,2026-02-08 15:00:00,Lead,MQL,0.0
9689,Google Ads,2026-02-08 16:00:00,Lead,Lead,0.0
9690,Organic,2026-02-08 17:00:00,Lead,MQL,0.0
9691,Referral,2026-02-08 18:00:00,Lead,Lead,0.0
9692,Facebook,2026-02-08 19:00:00,Lead,SQL,0.0
9693,Google Ads,2026-02-08 20:00:00,Lead,MQL,0.0
9694,Organic,2026-02-08 21:00:00,Lead,SQL,0.0
9695,Facebook,2026-02-08 22:00:00,Lead,MQL,0.0
9696,Facebook,2026-02-08 23:00:00,Lead,MQL,0.0
9697,Google Ads,2026-02-09 00:00:00,Lead,Lead,0.0
9698,Email,2026-02-09 01:00:00,Lead,Lead,0.0
9699,Facebook,2026-02-09 02:00:00,Lead,MQL,0.0
9700,Organic,2026-02-09 03:00:00,Lead,MQL,0.0
9701,Email,2026-02-09 04:00:00,Lead,SQL,0.0
9702,Google Ads,2026-02-09 05:00:00,Lead,MQL,0.0
9703,Email,2026-02-09 06:00:00,Lead,MQL,0.0
9704,Organic,2026-02-09 07:00:00,Lead,Lead,0.0
9705,Google Ads,2026-02-09 08:00:00,Lead,MQL,0.0
9706,Google Ads,2026-02-09 09:00:00,Lead,Lead,0.0
9707,Google Ads,2026-02-09 10:00:00,Lead,Lead,0.0
9708,Facebook,2026-02-09 11:00:00,Lead,Lead,0.0
9709,Google Ads,2026-02-09 12:00:00,Lead,Lead,0.0
9710,Facebook,2026-02-09 13:00:00,Lead,MQL,0.0
9711,Google Ads,2026-02-09 14:00:00,Lead,Lead,0.0
9712,Organic,2026-02-09 15:00:00,Lead,MQL,0.0
9713,Google Ads,2026-02-09 16:00:00,Lead,Closed Won,7482.287652481747
9714,Google Ads,2026-02-09 17:00:00,Lead,MQL,0.0
9715,Facebook,2026-02-09 18:00:00,Lead,MQL,0.0
9716,Facebook,2026-02-09 19:00:00,Lead,MQL,0.0
9717,Google Ads,2026-02-09 20:00:00,Lead,Lead,0.0
9718,Google Ads,2026-02-09 21:00:00,Lead,MQL,0.0
9719,Google Ads,2026-02-09 22:00:00,Lead,Lead,0.0
9720,Email,2026-02-09 23:00:00,Lead,Lead,0.0
9721,Email,2026-02-10 00:00:00,Lead,MQL,0.0
9722,Facebook,2026-02-10 01:00:00,Lead,Lead,0.0
9723,Email,2026-02-10 02:00:00,Lead,MQL,0.0
9724,Email,2026-02-10 03:00:00,Lead,SQL,0.0
9725,Google Ads,2026-02-10 04:00:00,Lead,SQL,0.0
9726,Referral,2026-02-10 05:00:00,Lead,SQL,0.0
9727,Organic,2026-02-10 06:00:00,Lead,Closed Lost,0.0
9728,Google Ads,2026-02-10 07:00:00,Lead,Lead,0.0
9729,Google Ads,2026-02-10 08:00:00,Lead,MQL,0.0
9730,Google Ads,2026-02-10 09:00:00,Lead,Lead,0.0
9731,Google Ads,2026-02-10 10:00:00,Lead,MQL,0.0
9732,Email,2026-02-10 11:00:00,Lead,Lead,0.0
9733,Facebook,2026-02-10 12:00:00,Lead,Closed Won,5182.209668258391
9734,Email,2026-02-10 13:00:00,Lead,Lead,0.0
9735,Email,2026-02-10 14:00:00,Lead,MQL,0.0
9736,Facebook,2026-02-10 15:00:00,Lead,Lead,0.0
9737,Email,2026-02-10 16:00:00,Lead,Closed Lost,0.0
9738,Google Ads,2026-02-10 17:00:00,Lead,MQL,0.0
9739,Google Ads,2026-02-10 18:00:00,Lead,Lead,0.0
9740,Facebook,2026-02-10 19:00:00,Lead,SQL,0.0
9741,Google Ads,2026-02-10 20:00:00,Lead,Lead,0.0
9742,Google Ads,2026-02-10 21:00:00,Lead,SQL,0.0
9743,Organic,2026-02-10 22:00:00,Lead,SQL,0.0
9744,Email,2026-02-10 23:00:00,Lead,SQL,0.0
9745,Google Ads,2026-02-11 00:00:00,Lead,Lead,0.0
9746,Email,2026-02-11 01:00:00,Lead,Lead,0.0
9747,Email,2026-02-11 02:00:00,Lead,Lead,0.0
9748,Google Ads,2026-02-11 03:00:00,Lead,SQL,0.0
9749,Google Ads,2026-02-11 04:00:00,Lead,Lead,0.0
9750,Organic,2026-02-11 05:00:00,Lead,SQL,0.0
9751,Google Ads,2026-02-11 06:00:00,Lead,SQL,0.0
9752,Google Ads,2026-02-11 07:00:00,Lead,MQL,0.0
9753,Facebook,2026-02-11 08:00:00,Lead,Lead,0.0
9754,Email,2026-02-11 09:00:00,Lead,MQL,0.0
9755,Google Ads,2026-02-11 10:00:00,Lead,Lead,0.0
9756,Google Ads,2026-02-11 11:00:00,Lead,SQL,0.0
9757,Google Ads,2026-02-11 12:00:00,Lead,Lead,0.0
9758,Referral,2026-02-11 13:00:00,Lead,Lead,0.0
9759,Google Ads,2026-02-11 14:00:00,Lead,Lead,0.0
9760,Facebook,2026-02-11 15:00:00,Lead,MQL,0.0
9761,Organic,2026-02-11 16:00:00,Lead,MQL,0.0
9762,Google Ads,2026-02-11 17:00:00,Lead,Lead,0.0
9763,Referral,2026-02-11 18:00:00,Lead,Lead,0.0
9764,Organic,2026-02-11 19:00:00,Lead,Lead,0.0
9765,Organic,2026-02-11 20:00:00,Lead,Lead,0.0
9766,Google Ads,2026-02-11 21:00:00,Lead,Lead,0.0
9767,Facebook,2026-02-11 22:00:00,Lead,Lead,0.0
9768,Email,2026-02-11 23:00:00,Lead,MQL,0.0
9769,Referral,2026-02-12 00:00:00,Lead,MQL,0.0
9770,Google Ads,2026-02-12 01:00:00,Lead,SQL,0.0
9771,Email,2026-02-12 02:00:00,Lead,MQL,0.0
9772,Google Ads,2026-02-12 03:00:00,Lead,SQL,0.0
9773,Google Ads,2026-02-12 04:00:00,Lead,Lead,0.0
9774,Facebook,2026-02-12 05:00:00,Lead,Lead,0.0
9775,Email,2026-02-12 06:00:00,Lead,Lead,0.0
9776,Facebook,2026-02-12 07:00:00,Lead,MQL,0.0
9777,Facebook,2026-02-12 08:00:00,Lead,MQL,0.0
9778,Referral,2026-02-12 09:00:00,Lead,SQL,0.0
9779,Google Ads,2026-02-12 10:00:00,Lead,MQL,0.0
9780,Facebook,2026-02-12 11:00:00,Lead,Lead,0.0
9781,Google Ads,2026-02-12 12:00:00,Lead,Lead,0.0
9782,Google Ads,2026-02-12 13:00:00,Lead,Lead,0.0
9783,Email,2026-02-12 14:00:00,Lead,Lead,0.0
9784,Organic,2026-02-12 15:00:00,Lead,Lead,0.0
9785,Facebook,2026-02-12 16:00:00,Lead,Lead,0.0
9786,Email,2026-02-12 17:00:00,Lead,SQL,0.0
9787,Google Ads,2026-02-12 18:00:00,Lead,Lead,0.0
9788,Google Ads,2026-02-12 19:00:00,Lead,Lead,0.0
9789,Facebook,2026-02-12 20:00:00,Lead,Lead,0.0
9790,Google Ads,2026-02-12 21:00:00,Lead,SQL,0.0
9791,Google Ads,2026-02-12 22:00:00,Lead,SQL,0.0
9792,Facebook,2026-02-12 23:00:00,Lead,MQL,0.0
9793,Google Ads,2026-02-13 00:00:00,Lead,Lead,0.0
9794,Google Ads,2026-02-13 01:00:00,Lead,Closed Lost,0.0
9795,Facebook,2026-02-13 02:00:00,Lead,MQL,0.0
9796,Facebook,2026-02-13 03:00:00,Lead,Closed Won,4127.7165819219435
9797,Organic,2026-02-13 04:00:00,Lead,Lead,0.0
9798,Facebook,2026-02-13 05:00:00,Lead,MQL,0.0
9799,Facebook,2026-02-13 06:00:00,Lead,Lead,0.0
9800,Organic,2026-02-13 07:00:00,Lead,Lead,0.0
9801,Email,2026-02-13 08:00:00,Lead,MQL,0.0
9802,Google Ads,2026-02-13 09:00:00,Lead,Lead,0.0
9803,Google Ads,2026-02-13 10:00:00,Lead,MQL,0.0
9804,Email,2026-02-13 11:00:00,Lead,Lead,0.0
9805,Facebook,2026-02-13 12:00:00,Lead,Lead,0.0
9806,Email,2026-02-13 13:00:00,Lead,Lead,0.0
9807,Email,2026-02-13 14:00:00,Lead,Lead,0.0
9808,Facebook,2026-02-13 15:00:00,Lead,Lead,0.0
9809,Referral,2026-02-13 16:00:00,Lead,SQL,0.0
9810,Facebook,2026-02-13 17:00:00,Lead,MQL,0.0
9811,Google Ads,2026-02-13 18:00:00,Lead,MQL,0.0
9812,Organic,2026-02-13 19:00:00,Lead,Lead,0.0
9813,Google Ads,2026-02-13 20:00:00,Lead,Lead,0.0
9814,Email,2026-02-13 21:00:00,Lead,SQL,0.0
9815,Referral,2026-02-13 22:00:00,Lead,Lead,0.0
9816,Email,2026-02-13 23:00:00,Lead,Lead,0.0
9817,Facebook,2026-02-14 00:00:00,Lead,SQL,0.0
9818,Facebook,2026-02-14 01:00:00,Lead,Lead,0.0
9819,Google Ads,2026-02-14 02:00:00,Lead,MQL,0.0
9820,Google Ads,2026-02-14 03:00:00,Lead,MQL,0.0
9821,Facebook,2026-02-14 04:00:00,Lead,Lead,0.0
9822,Email,2026-02-14 05:00:00,Lead,MQL,0.0
9823,Email,2026-02-14 06:00:00,Lead,SQL,0.0
9824,Google Ads,2026-02-14 07:00:00,Lead,MQL,0.0
9825,Facebook,2026-02-14 08:00:00,Lead,MQL,0.0
9826,Email,2026-02-14 09:00:00,Lead,MQL,0.0
9827,Facebook,2026-02-14 10:00:00,Lead,Lead,0.0
9828,Facebook,2026-02-14 11:00:00,Lead,Lead,0.0
9829,Email,2026-02-14 12:00:00,Lead,Lead,0.0
9830,Email,2026-02-14 13:00:00,Lead,SQL,0.0
9831,Facebook,2026-02-14 14:00:00,Lead,Lead,0.0
9832,Organic,2026-02-14 15:00:00,Lead,SQL,0.0
9833,Google Ads,2026-02-14 16:00:00,Lead,Lead,0.0
9834,Referral,2026-02-14 17:00:00,Lead,Lead,0.0
9835,Google Ads,2026-02-14 18:00:00,Lead,MQL,0.0
9836,Google Ads,2026-02-14 19:00:00,Lead,MQL,0.0
9837,Organic,2026-02-14 20:00:00,Lead,Lead,0.0
9838,Google Ads,2026-02-14 21:00:00,Lead,Lead,0.0
9839,Email,2026-02-14 22:00:00,Lead,Lead,0.0
9840,Organic,2026-02-14 23:00:00,Lead,MQL,0.0
9841,Organic,2026-02-15 00:00:00,Lead,Lead,0.0
9842,Referral,2026-02-15 01:00:00,Lead,SQL,0.0
9843,Google Ads,2026-02-15 02:00:00,Lead,Lead,0.0
9844,Email,2026-02-15 03:00:00,Lead,Lead,0.0
9845,Google Ads,2026-02-15 04:00:00,Lead,MQL,0.0
9846,Facebook,2026-02-15 05:00:00,Lead,Lead,0.0
9847,Organic,2026-02-15 06:00:00,Lead,Lead,0.0
9848,Google Ads,2026-02-15 07:00:00,Lead,Lead,0.0
9849,Facebook,2026-02-15 08:00:00,Lead,Lead,0.0
9850,Facebook,2026-02-15 09:00:00,Lead,MQL,0.0
9851,Facebook,2026-02-15 10:00:00,Lead,Closed Lost,0.0
9852,Referral,2026-02-15 11:00:00,Lead,Lead,0.0
9853,Google Ads,2026-02-15 12:00:00,Lead,Lead,0.0
9854,Facebook,2026-02-15 13:00:00,Lead,MQL,0.0
9855,Organic,2026-02-15 14:00:00,Lead,MQL,0.0
9856,Facebook,2026-02-15 15:00:00,Lead,Lead,0.0
9857,Google Ads,2026-02-15 16:00:00,Lead,Lead,0.0
9858,Facebook,2026-02-15 17:00:00,Lead,Lead,0.0
9859,Google Ads,2026-02-15 18:00:00,Lead,Lead,0.0
9860,Google Ads,2026-02-15 19:00:00,Lead,Lead,0.0
9861,Organic,2026-02-15 20:00:00,Lead,MQL,0.0
9862,Facebook,2026-02-15 21:00:00,Lead,Lead,0.0
9863,Organic,2026-02-15 22:00:00,Lead,MQL,0.0
9864,Organic,2026-02-15 23:00:00,Lead,Lead,0.0
9865,Email,2026-02-16 00:00:00,Lead,MQL,0.0
9866,Google Ads,2026-02-16 01:00:00,Lead,MQL,0.0
9867,Facebook,2026-02-16 02:00:00,Lead,MQL,0.0
9868,Google Ads,2026-02-16 03:00:00,Lead,Lead,0.0
9869,Organic,2026-02-16 04:00:00,Lead,Lead,0.0
9870,Google Ads,2026-02-16 05:00:00,Lead,Closed Lost,0.0
9871,Google Ads,2026-02-16 06:00:00,Lead,Lead,0.0
9872,Facebook,2026-02-16 07:00:00,Lead,Lead,0.0
9873,Google Ads,2026-02-16 08:00:00,Lead,Lead,0.0
9874,Google Ads,2026-02-16 09:00:00,Lead,MQL,0.0
9875,Facebook,2026-02-16 10:00:00,Lead,MQL,0.0
9876,Google Ads,2026-02-16 11:00:00,Lead,Lead,0.0
9877,Google Ads,2026-02-16 12:00:00,Lead,SQL,0.0
9878,Google Ads,2026-02-16 13:00:00,Lead,MQL,0.0
9879,Email,2026-02-16 14:00:00,Lead,MQL,0.0
9880,Facebook,2026-02-16 15:00:00,Lead,Lead,0.0
9881,Facebook,2026-02-16 16:00:00,Lead,Lead,0.0
9882,Facebook,2026-02-16 17:00:00,Lead,Lead,0.0
9883,Google Ads,2026-02-16 18:00:00,Lead,Lead,0.0
9884,Organic,2026-02-16 19:00:00,Lead,MQL,0.0
9885,Google Ads,2026-02-16 20:00:00,Lead,SQL,0.0
9886,Email,2026-02-16 21:00:00,Lead,Lead,0.0
9887,Organic,2026-02-16 22:00:00,Lead,MQL,0.0
9888,Organic,2026-02-16 23:00:00,Lead,Lead,0.0
9889,Google Ads,2026-02-17 00:00:00,Lead,MQL,0.0
9890,Google Ads,2026-02-17 01:00:00,Lead,Lead,0.0
9891,Email,2026-02-17 02:00:00,Lead,MQL,0.0
9892,Google Ads,2026-02-17 03:00:00,Lead,Lead,0.0
9893,Organic,2026-02-17 04:00:00,Lead,Lead,0.0
9894,Email,2026-02-17 05:00:00,Lead,MQL,0.0
9895,Email,2026-02-17 06:00:00,Lead,MQL,0.0
9896,Google Ads,2026-02-17 07:00:00,Lead,MQL,0.0
9897,Email,2026-02-17 08:00:00,Lead,Lead,0.0
9898,Email,2026-02-17 09:00:00,Lead,SQL,0.0
9899,Organic,2026-02-17 10:00:00,Lead,MQL,0.0
9900,Google Ads,2026-02-17 11:00:00,Lead,Lead,0.0
9901,Google Ads,2026-02-17 12:00:00,Lead,Lead,0.0
9902,Google Ads,2026-02-17 13:00:00,Lead,Lead,0.0
9903,Google Ads,2026-02-17 14:00:00,Lead,Lead,0.0
9904,Facebook,2026-02-17 15:00:00,Lead,MQL,0.0
9905,Organic,2026-02-17 16:00:00,Lead,Lead,0.0
9906,Google Ads,2026-02-17 17:00:00,Lead,Lead,0.0
9907,Organic,2026-02-17 18:00:00,Lead,Lead,0.0
9908,Google Ads,2026-02-17 19:00:00,Lead,Lead,0.0
9909,Google Ads,2026-02-17 20:00:00,Lead,Lead,0.0
9910,Google Ads,2026-02-17 21:00:00,Lead,SQL,0.0
9911,Google Ads,2026-02-17 22:00:00,Lead,Lead,0.0
9912,Organic,2026-02-17 23:00:00,Lead,MQL,0.0
9913,Google Ads,2026-02-18 00:00:00,Lead,Lead,0.0
9914,Facebook,2026-02-18 01:00:00,Lead,Lead,0.0
9915,Facebook,2026-02-18 02:00:00,Lead,MQL,0.0
9916,Organic,2026-02-18 03:00:00,Lead,Lead,0.0
9917,Google Ads,2026-02-18 04:00:00,Lead,MQL,0.0
9918,Google Ads,2026-02-18 05:00:00,Lead,Lead,0.0
9919,Google Ads,2026-02-18 06:00:00,Lead,Lead,0.0
9920,Facebook,2026-02-18 07:00:00,Lead,MQL,0.0
9921,Google Ads,2026-02-18 08:00:00,Lead,MQL,0.0
9922,Organic,2026-02-18 09:00:00,Lead,Lead,0.0
9923,Facebook,2026-02-18 10:00:00,Lead,MQL,0.0
9924,Facebook,2026-02-18 11:00:00,Lead,Lead,0.0
9925,Facebook,2026-02-18 12:00:00,Lead,Lead,0.0
9926,Google Ads,2026-02-18 13:00:00,Lead,Lead,0.0
9927,Facebook,2026-02-18 14:00:00,Lead,Closed Lost,0.0
9928,Referral,2026-02-18 15:00:00,Lead,Lead,0.0
9929,Organic,2026-02-18 16:00:00,Lead,MQL,0.0
9930,Organic,2026-02-18 17:00:00,Lead,MQL,0.0
9931,Organic,2026-02-18 18:00:00,Lead,SQL,0.0
9932,Google Ads,2026-02-18 19:00:00,Lead,MQL,0.0
9933,Google Ads,2026-02-18 20:00:00,Lead,Lead,0.0
9934,Google Ads,2026-02-18 21:00:00,Lead,Lead,0.0
9935,Google Ads,2026-02-18 22:00:00,Lead,Lead,0.0
9936,Google Ads,2026-02-18 23:00:00,Lead,MQL,0.0
9937,Facebook,2026-02-19 00:00:00,Lead,Lead,0.0
9938,Email,2026-02-19 01:00:00,Lead,Lead,0.0
9939,Organic,2026-02-19 02:00:00,Lead,MQL,0.0
9940,Email,2026-02-19 03:00:00,Lead,Closed Won,2593.7915866885537
9941,Organic,2026-02-19 04:00:00,Lead,MQL,0.0
9942,Google Ads,2026-02-19 05:00:00,Lead,SQL,0.0
9943,Google Ads,2026-02-19 06:00:00,Lead,SQL,0.0
9944,Email,2026-02-19 07:00:00,Lead,Lead,0.0
9945,Google Ads,2026-02-19 08:00:00,Lead,Lead,0.0
9946,Google Ads,2026-02-19 09:00:00,Lead,Lead,0.0
9947,Google Ads,2026-02-19 10:00:00,Lead,Lead,0.0
9948,Google Ads,2026-02-19 11:00:00,Lead,Lead,0.0
9949,Facebook,2026-02-19 12:00:00,Lead,MQL,0.0
9950,Facebook,2026-02-19 13:00:00,Lead,MQL,0.0
9951,Facebook,2026-02-19 14:00:00,Lead,MQL,0.0
9952,Email,2026-02-19 15:00:00,Lead,Lead,0.0
9953,Google Ads,2026-02-19 16:00:00,Lead,Lead,0.0
9954,Google Ads,2026-02-19 17:00:00,Lead,SQL,0.0
9955,Google Ads,2026-02-19 18:00:00,Lead,Lead,0.0
9956,Google Ads,2026-02-19 19:00:00,Lead,Lead,0.0
9957,Email,2026-02-19 20:00:00,Lead,Lead,0.0
9958,Email,2026-02-19 21:00:00,Lead,Lead,0.0
9959,Email,2026-02-19 22:00:00,Lead,Lead,0.0
9960,Google Ads,2026-02-19 23:00:00,Lead,Lead,0.0
9961,Facebook,2026-02-20 00:00:00,Lead,Lead,0.0
9962,Facebook,2026-02-20 01:00:00,Lead,Lead,0.0
9963,Facebook,2026-02-20 02:00:00,Lead,Lead,0.0
9964,Facebook,2026-02-20 03:00:00,Lead,Lead,0.0
9965,Facebook,2026-02-20 04:00:00,Lead,Lead,0.0
9966,Facebook,2026-02-20 05:00:00,Lead,Lead,0.0
9967,Email,2026-02-20 06:00:00,Lead,Lead,0.0
9968,Google Ads,2026-02-20 07:00:00,Lead,MQL,0.0
9969,Email,2026-02-20 08:00:00,Lead,Lead,0.0
9970,Google Ads,2026-02-20 09:00:00,Lead,MQL,0.0
9971,Google Ads,2026-02-20 10:00:00,Lead,Lead,0.0
9972,Referral,2026-02-20 11:00:00,Lead,Lead,0.0
9973,Referral,2026-02-20 12:00:00,Lead,Lead,0.0
9974,Google Ads,2026-02-20 13:00:00,Lead,Lead,0.0
9975,Facebook,2026-02-20 14:00:00,Lead,Lead,0.0
9976,Google Ads,2026-02-20 15:00:00,Lead,SQL,0.0
9977,Facebook,2026-02-20 16:00:00,Lead,Lead,0.0
9978,Organic,2026-02-20 17:00:00,Lead,SQL,0.0
9979,Referral,2026-02-20 18:00:00,Lead,MQL,0.0
9980,Facebook,2026-02-20 19:00:00,Lead,Lead,0.0
9981,Google Ads,2026-02-20 20:00:00,Lead,Lead,0.0
9982,Facebook,2026-02-20 21:00:00,Lead,MQL,0.0
9983,Google Ads,2026-02-20 22:00:00,Lead,MQL,0.0
9984,Organic,2026-02-20 23:00:00,Lead,Lead,0.0
9985,Organic,2026-02-21 00:00:00,Lead,Closed Lost,0.0
9986,Facebook,2026-02-21 01:00:00,Lead,Lead,0.0
9987,Google Ads,2026-02-21 02:00:00,Lead,MQL,0.0
9988,Google Ads,2026-02-21 03:00:00,Lead,Lead,0.0
9989,Google Ads,2026-02-21 04:00:00,Lead,Lead,0.0
9990,Organic,2026-02-21 05:00:00,Lead,MQL,0.0
9991,Facebook,2026-02-21 06:00:00,Lead,Lead,0.0
9992,Google Ads,2026-02-21 07:00:00,Lead,Lead,0.0
9993,Facebook,2026-02-21 08:00:00,Lead,MQL,0.0
9994,Organic,2026-02-21 09:00:00,Lead,Lead,0.0
9995,Google Ads,2026-02-21 10:00:00,Lead,Lead,0.0
9996,Organic,2026-02-21 11:00:00,Lead,Lead,0.0
9997,Organic,2026-02-21 12:00:00,Lead,MQL,0.0
9998,Organic,2026-02-21 13:00:00,Lead,SQL,0.0
9999,Google Ads,2026-02-21 14:00:00,Lead,SQL,0.0
10000,Google Ads,2026-02-21 15:00:00,Lead,Lead,0.0
